date,series_id,value
1982-08-20,PET.WCRSTUS1.W,609219
1982-08-20,PET.WDISTUS1.W,149415
1982-08-27,PET.WCRSTUS1.W,608741
1982-08-27,PET.WDISTUS1.W,154589
1982-09-24,PET.WCRSTUS1.W,612419
1982-09-24,PET.WDISTUS1.W,158684
1982-10-01,PET.WCRSTUS1.W,612419
1982-10-01,PET.WDISTUS1.W,154461
1982-10-08,PET.WCRSTUS1.W,613985
1982-10-08,PET.WDISTUS1.W,158242
1982-10-15,PET.WCRSTUS1.W,607781
1982-10-15,PET.WDISTUS1.W,161578
1982-10-22,PET.WCRSTUS1.W,617763
1982-10-22,PET.WDISTUS1.W,162934
1982-10-29,PET.WCRSTUS1.W,617335
1982-10-29,PET.WDISTUS1.W,163615
1982-11-05,PET.WCRSTUS1.W,615963
1982-11-05,PET.WDISTUS1.W,167788
1982-11-12,PET.WCRSTUS1.W,609646
1982-11-12,PET.WDISTUS1.W,171476
1982-11-19,PET.WCRSTUS1.W,617599
1982-11-19,PET.WDISTUS1.W,176408
1982-11-26,PET.WCRSTUS1.W,613795
1982-11-26,PET.WDISTUS1.W,177220
1982-12-03,PET.WCRSTUS1.W,622410
1982-12-03,PET.WDISTUS1.W,183739
1982-12-10,PET.WCRSTUS1.W,629452
1982-12-10,PET.WDISTUS1.W,186012
1982-12-17,PET.WCRSTUS1.W,630630
1982-12-17,PET.WDISTUS1.W,180500
1982-12-24,PET.WCRSTUS1.W,627549
1982-12-24,PET.WDISTUS1.W,182191
1982-12-31,PET.WCRSTUS1.W,623364
1982-12-31,PET.WDISTUS1.W,181320
1983-01-07,PET.WCRSTUS1.W,621519
1983-01-07,PET.WDISTUS1.W,177776
1983-01-14,PET.WCRSTUS1.W,634468
1983-01-14,PET.WDISTUS1.W,175056
1983-01-21,PET.WCRSTUS1.W,630862
1983-01-21,PET.WDISTUS1.W,170674
1983-01-28,PET.WCRSTUS1.W,637996
1983-01-28,PET.WDISTUS1.W,169335
1983-02-04,PET.WCRSTUS1.W,633444
1983-02-04,PET.WDISTUS1.W,164140
1983-02-11,PET.WCRSTUS1.W,640679
1983-02-11,PET.WDISTUS1.W,156851
1983-02-18,PET.WCRSTUS1.W,645786
1983-02-18,PET.WDISTUS1.W,151762
1983-02-25,PET.WCRSTUS1.W,654800
1983-02-25,PET.WDISTUS1.W,147669
1983-03-04,PET.WCRSTUS1.W,646180
1983-03-04,PET.WDISTUS1.W,143232
1983-03-11,PET.WCRSTUS1.W,650270
1983-03-11,PET.WDISTUS1.W,140328
1983-03-18,PET.WCRSTUS1.W,645657
1983-03-18,PET.WDISTUS1.W,134386
1983-03-25,PET.WCRSTUS1.W,647475
1983-03-25,PET.WDISTUS1.W,130691
1983-04-01,PET.WCRSTUS1.W,643056
1983-04-01,PET.WDISTUS1.W,120716
1983-04-08,PET.WCRSTUS1.W,648846
1983-04-08,PET.WDISTUS1.W,113374
1983-04-15,PET.WCRSTUS1.W,655356
1983-04-15,PET.WDISTUS1.W,108005
1983-04-29,PET.WCRSTUS1.W,660163
1983-04-29,PET.WDISTUS1.W,103591
1983-05-13,PET.WCRSTUS1.W,663452
1983-05-13,PET.WDISTUS1.W,105353
1983-05-20,PET.WCRSTUS1.W,669661
1983-05-20,PET.WDISTUS1.W,105660
1983-06-03,PET.WCRSTUS1.W,661439
1983-06-03,PET.WDISTUS1.W,106526
1983-06-10,PET.WCRSTUS1.W,660809
1983-06-10,PET.WDISTUS1.W,110887
1983-06-17,PET.WCRSTUS1.W,660684
1983-06-17,PET.WDISTUS1.W,110489
1983-06-24,PET.WCRSTUS1.W,661690
1983-06-24,PET.WDISTUS1.W,110184
1983-07-01,PET.WCRSTUS1.W,665523
1983-07-01,PET.WDISTUS1.W,111977
1983-07-08,PET.WCRSTUS1.W,661437
1983-07-08,PET.WDISTUS1.W,118492
1983-07-15,PET.WCRSTUS1.W,660062
1983-07-15,PET.WDISTUS1.W,122288
1983-07-22,PET.WCRSTUS1.W,661544
1983-07-22,PET.WDISTUS1.W,125013
1983-07-29,PET.WCRSTUS1.W,666229
1983-07-29,PET.WDISTUS1.W,129243
1983-08-05,PET.WCRSTUS1.W,664421
1983-08-05,PET.WDISTUS1.W,131400
1983-08-12,PET.WCRSTUS1.W,658793
1983-08-12,PET.WDISTUS1.W,134269
1983-08-19,PET.WCRSTUS1.W,666568
1983-08-19,PET.WDISTUS1.W,137558
1983-08-26,PET.WCRSTUS1.W,674046
1983-08-26,PET.WDISTUS1.W,138537
1983-09-02,PET.WCRSTUS1.W,680678
1983-09-02,PET.WDISTUS1.W,142766
1983-09-09,PET.WCRSTUS1.W,679709
1983-09-09,PET.WDISTUS1.W,146674
1983-09-16,PET.WCRSTUS1.W,683787
1983-09-16,PET.WDISTUS1.W,150449
1983-09-23,PET.WCRSTUS1.W,686492
1983-09-23,PET.WDISTUS1.W,153838
1983-09-30,PET.WCRSTUS1.W,689484
1983-09-30,PET.WDISTUS1.W,153527
1983-10-07,PET.WCRSTUS1.W,692999
1983-10-07,PET.WDISTUS1.W,157008
1983-10-14,PET.WCRSTUS1.W,699225
1983-10-14,PET.WDISTUS1.W,157722
1983-10-21,PET.WCRSTUS1.W,696893
1983-10-21,PET.WDISTUS1.W,161612
1983-10-28,PET.WCRSTUS1.W,690351
1983-10-28,PET.WDISTUS1.W,163626
1983-11-04,PET.WCRSTUS1.W,704161
1983-11-04,PET.WDISTUS1.W,160034
1983-11-11,PET.WCRSTUS1.W,708907
1983-11-11,PET.WDISTUS1.W,162110
1983-11-18,PET.WCRSTUS1.W,705019
1983-11-18,PET.WDISTUS1.W,160733
1983-11-25,PET.WCRSTUS1.W,701334
1983-11-25,PET.WDISTUS1.W,160547
1983-12-02,PET.WCRSTUS1.W,697555
1983-12-02,PET.WDISTUS1.W,162001
1983-12-09,PET.WCRSTUS1.W,706710
1983-12-09,PET.WDISTUS1.W,159824
1983-12-16,PET.WCRSTUS1.W,705916
1983-12-16,PET.WDISTUS1.W,157021
1983-12-23,PET.WCRSTUS1.W,703653
1983-12-23,PET.WDISTUS1.W,157436
1983-12-30,PET.WCRSTUS1.W,705337
1983-12-30,PET.WDISTUS1.W,144425
1984-01-06,PET.WCRSTUS1.W,708734
1984-01-06,PET.WDISTUS1.W,138558
1984-01-13,PET.WCRSTUS1.W,714404
1984-01-13,PET.WDISTUS1.W,132425
1984-01-20,PET.WCRSTUS1.W,711607
1984-01-20,PET.WDISTUS1.W,124411
1984-01-27,PET.WCRSTUS1.W,708756
1984-01-27,PET.WDISTUS1.W,118970
1984-02-03,PET.WCRSTUS1.W,705612
1984-02-03,PET.WDISTUS1.W,116726
1984-02-10,PET.WCRSTUS1.W,705509
1984-02-10,PET.WDISTUS1.W,117705
1984-02-17,PET.WCRSTUS1.W,708374
1984-02-17,PET.WDISTUS1.W,125895
1984-02-24,PET.WCRSTUS1.W,704934
1984-02-24,PET.WDISTUS1.W,132867
1984-03-02,PET.WCRSTUS1.W,704980
1984-03-02,PET.WDISTUS1.W,129907
1984-03-09,PET.WCRSTUS1.W,700691
1984-03-09,PET.WDISTUS1.W,127991
1984-03-16,PET.WCRSTUS1.W,701182
1984-03-16,PET.WDISTUS1.W,121019
1984-03-23,PET.WCRSTUS1.W,698337
1984-03-23,PET.WDISTUS1.W,115454
1984-03-30,PET.WCRSTUS1.W,702304
1984-03-30,PET.WDISTUS1.W,112580
1984-04-06,PET.WCRSTUS1.W,714188
1984-04-06,PET.WDISTUS1.W,104946
1984-04-13,PET.WCRSTUS1.W,717586
1984-04-13,PET.WDISTUS1.W,101387
1984-04-20,PET.WCRSTUS1.W,718835
1984-04-20,PET.WDISTUS1.W,98783
1984-04-27,PET.WCRSTUS1.W,715681
1984-04-27,PET.WDISTUS1.W,99220
1984-05-04,PET.WCRSTUS1.W,723838
1984-05-04,PET.WDISTUS1.W,98671
1984-05-11,PET.WCRSTUS1.W,730750
1984-05-11,PET.WDISTUS1.W,97136
1984-05-18,PET.WCRSTUS1.W,740010
1984-05-18,PET.WDISTUS1.W,95694
1984-05-25,PET.WCRSTUS1.W,733307
1984-05-25,PET.WDISTUS1.W,94254
1984-06-01,PET.WCRSTUS1.W,742484
1984-06-01,PET.WDISTUS1.W,99267
1984-06-08,PET.WCRSTUS1.W,747383
1984-06-08,PET.WDISTUS1.W,102953
1984-06-15,PET.WCRSTUS1.W,746599
1984-06-15,PET.WDISTUS1.W,104657
1984-06-22,PET.WCRSTUS1.W,740444
1984-06-22,PET.WDISTUS1.W,111756
1984-06-29,PET.WCRSTUS1.W,748609
1984-06-29,PET.WDISTUS1.W,113277
1984-07-06,PET.WCRSTUS1.W,744108
1984-07-06,PET.WDISTUS1.W,115533
1984-07-13,PET.WCRSTUS1.W,750181
1984-07-13,PET.WDISTUS1.W,119185
1984-07-20,PET.WCRSTUS1.W,758675
1984-07-20,PET.WDISTUS1.W,122417
1984-07-27,PET.WCRSTUS1.W,751701
1984-07-27,PET.WDISTUS1.W,123507
1984-08-03,PET.WCRSTUS1.W,756297
1984-08-03,PET.WDISTUS1.W,126057
1984-08-10,PET.WCRSTUS1.W,759664
1984-08-10,PET.WDISTUS1.W,128721
1984-08-17,PET.WCRSTUS1.W,750944
1984-08-17,PET.WDISTUS1.W,132176
1984-08-24,PET.WCRSTUS1.W,754372
1984-08-24,PET.WDISTUS1.W,133575
1984-08-31,PET.WCRSTUS1.W,751064
1984-08-31,PET.WDISTUS1.W,136038
1984-09-07,PET.WCRSTUS1.W,748773
1984-09-07,PET.WDISTUS1.W,140575
1984-09-14,PET.WCRSTUS1.W,748108
1984-09-14,PET.WDISTUS1.W,139605
1984-09-21,PET.WCRSTUS1.W,737364
1984-09-21,PET.WDISTUS1.W,141027
1984-09-28,PET.WCRSTUS1.W,739492
1984-09-28,PET.WDISTUS1.W,141939
1984-10-05,PET.WCRSTUS1.W,743297
1984-10-05,PET.WDISTUS1.W,143191
1984-10-12,PET.WCRSTUS1.W,751690
1984-10-12,PET.WDISTUS1.W,148298
1984-10-19,PET.WCRSTUS1.W,748669
1984-10-19,PET.WDISTUS1.W,152974
1984-10-26,PET.WCRSTUS1.W,754795
1984-10-26,PET.WDISTUS1.W,155641
1984-11-02,PET.WCRSTUS1.W,751015
1984-11-02,PET.WDISTUS1.W,154929
1984-11-09,PET.WCRSTUS1.W,763846
1984-11-09,PET.WDISTUS1.W,157501
1984-11-16,PET.WCRSTUS1.W,773429
1984-11-16,PET.WDISTUS1.W,157133
1984-11-23,PET.WCRSTUS1.W,773912
1984-11-23,PET.WDISTUS1.W,159417
1984-11-30,PET.WCRSTUS1.W,768654
1984-11-30,PET.WDISTUS1.W,161646
1984-12-07,PET.WCRSTUS1.W,766366
1984-12-07,PET.WDISTUS1.W,158118
1984-12-14,PET.WCRSTUS1.W,777877
1984-12-14,PET.WDISTUS1.W,155273
1984-12-21,PET.WCRSTUS1.W,768096
1984-12-21,PET.WDISTUS1.W,155580
1984-12-28,PET.WCRSTUS1.W,771438
1984-12-28,PET.WDISTUS1.W,159499
1985-01-04,PET.WCRSTUS1.W,770428
1985-01-04,PET.WDISTUS1.W,162841
1985-01-11,PET.WCRSTUS1.W,774958
1985-01-11,PET.WDISTUS1.W,162711
1985-01-18,PET.WCRSTUS1.W,780308
1985-01-18,PET.WDISTUS1.W,155146
1985-01-25,PET.WCRSTUS1.W,772083
1985-01-25,PET.WDISTUS1.W,145689
1985-02-01,PET.WCRSTUS1.W,766692
1985-02-01,PET.WDISTUS1.W,143350
1985-02-08,PET.WCRSTUS1.W,763744
1985-02-08,PET.WDISTUS1.W,139186
1985-02-15,PET.WCRSTUS1.W,756182
1985-02-15,PET.WDISTUS1.W,133574
1985-02-22,PET.WCRSTUS1.W,754681
1985-02-22,PET.WDISTUS1.W,126365
1985-03-01,PET.WCRSTUS1.W,758276
1985-03-01,PET.WDISTUS1.W,123669
1985-03-08,PET.WCRSTUS1.W,763336
1985-03-08,PET.WDISTUS1.W,117561
1985-03-15,PET.WCRSTUS1.W,767742
1985-03-15,PET.WDISTUS1.W,109990
1985-03-22,PET.WCRSTUS1.W,771428
1985-03-22,PET.WDISTUS1.W,103819
1985-03-29,PET.WCRSTUS1.W,774415
1985-03-29,PET.WDISTUS1.W,98539
1985-04-05,PET.WCRSTUS1.W,763617
1985-04-05,PET.WDISTUS1.W,98195
1985-04-12,PET.WCRSTUS1.W,766706
1985-04-12,PET.WDISTUS1.W,97250
1985-04-19,PET.WCRSTUS1.W,772102
1985-04-19,PET.WDISTUS1.W,96263
1985-04-26,PET.WCRSTUS1.W,786256
1985-04-26,PET.WDISTUS1.W,95906
1985-05-03,PET.WCRSTUS1.W,795287
1985-05-03,PET.WDISTUS1.W,96584
1985-05-10,PET.WCRSTUS1.W,793732
1985-05-10,PET.WDISTUS1.W,97349
1985-05-17,PET.WCRSTUS1.W,796117
1985-05-17,PET.WDISTUS1.W,99311
1985-05-24,PET.WCRSTUS1.W,803864
1985-05-24,PET.WDISTUS1.W,100847
1985-05-31,PET.WCRSTUS1.W,804735
1985-05-31,PET.WDISTUS1.W,105001
1985-06-07,PET.WCRSTUS1.W,802494
1985-06-07,PET.WDISTUS1.W,105288
1985-06-14,PET.WCRSTUS1.W,804732
1985-06-14,PET.WDISTUS1.W,106951
1985-06-21,PET.WCRSTUS1.W,804696
1985-06-21,PET.WDISTUS1.W,107828
1985-06-28,PET.WCRSTUS1.W,799832
1985-06-28,PET.WDISTUS1.W,107941
1985-07-05,PET.WCRSTUS1.W,797353
1985-07-05,PET.WDISTUS1.W,110986
1985-07-12,PET.WCRSTUS1.W,792929
1985-07-12,PET.WDISTUS1.W,112515
1985-07-19,PET.WCRSTUS1.W,794981
1985-07-19,PET.WDISTUS1.W,115151
1985-07-26,PET.WCRSTUS1.W,789271
1985-07-26,PET.WDISTUS1.W,118360
1985-08-02,PET.WCRSTUS1.W,785661
1985-08-02,PET.WDISTUS1.W,115667
1985-08-09,PET.WCRSTUS1.W,791222
1985-08-09,PET.WDISTUS1.W,116301
1985-08-16,PET.WCRSTUS1.W,789594
1985-08-16,PET.WDISTUS1.W,117813
1985-08-23,PET.WCRSTUS1.W,779687
1985-08-23,PET.WDISTUS1.W,116902
1985-08-30,PET.WCRSTUS1.W,786600
1985-08-30,PET.WDISTUS1.W,114127
1985-09-06,PET.WCRSTUS1.W,781785
1985-09-06,PET.WDISTUS1.W,115710
1985-09-13,PET.WCRSTUS1.W,782583
1985-09-13,PET.WDISTUS1.W,115807
1985-09-20,PET.WCRSTUS1.W,777560
1985-09-20,PET.WDISTUS1.W,114625
1985-09-27,PET.WCRSTUS1.W,780424
1985-09-27,PET.WDISTUS1.W,115197
1985-10-04,PET.WCRSTUS1.W,783916
1985-10-04,PET.WDISTUS1.W,114396
1985-10-11,PET.WCRSTUS1.W,791591
1985-10-11,PET.WDISTUS1.W,116264
1985-10-18,PET.WCRSTUS1.W,784206
1985-10-18,PET.WDISTUS1.W,116398
1985-10-25,PET.WCRSTUS1.W,787738
1985-10-25,PET.WDISTUS1.W,120726
1985-11-01,PET.WCRSTUS1.W,780656
1985-11-01,PET.WDISTUS1.W,121971
1985-11-08,PET.WCRSTUS1.W,780274
1985-11-08,PET.WDISTUS1.W,123068
1985-11-15,PET.WCRSTUS1.W,778424
1985-11-15,PET.WDISTUS1.W,129291
1985-11-22,PET.WCRSTUS1.W,782470
1985-11-22,PET.WDISTUS1.W,131966
1985-11-29,PET.WCRSTUS1.W,785197
1985-11-29,PET.WDISTUS1.W,136011
1985-12-06,PET.WCRSTUS1.W,792203
1985-12-06,PET.WDISTUS1.W,141370
1985-12-13,PET.WCRSTUS1.W,788853
1985-12-13,PET.WDISTUS1.W,141618
1985-12-20,PET.WCRSTUS1.W,792841
1985-12-20,PET.WDISTUS1.W,139919
1985-12-27,PET.WCRSTUS1.W,791217
1985-12-27,PET.WDISTUS1.W,143344
1986-01-03,PET.WCRSTUS1.W,798463
1986-01-03,PET.WDISTUS1.W,145080
1986-01-10,PET.WCRSTUS1.W,792572
1986-01-10,PET.WDISTUS1.W,146695
1986-01-17,PET.WCRSTUS1.W,790772
1986-01-17,PET.WDISTUS1.W,145730
1986-01-24,PET.WCRSTUS1.W,799138
1986-01-24,PET.WDISTUS1.W,143604
1986-01-31,PET.WCRSTUS1.W,797385
1986-01-31,PET.WDISTUS1.W,138675
1986-02-07,PET.WCRSTUS1.W,805774
1986-02-07,PET.WDISTUS1.W,135529
1986-02-14,PET.WCRSTUS1.W,801146
1986-02-14,PET.WDISTUS1.W,129003
1986-02-21,PET.WCRSTUS1.W,795347
1986-02-21,PET.WDISTUS1.W,123415
1986-02-28,PET.WCRSTUS1.W,805240
1986-02-28,PET.WDISTUS1.W,114417
1986-03-07,PET.WCRSTUS1.W,809635
1986-03-07,PET.WDISTUS1.W,108817
1986-03-14,PET.WCRSTUS1.W,808349
1986-03-14,PET.WDISTUS1.W,100875
1986-03-21,PET.WCRSTUS1.W,811129
1986-03-21,PET.WDISTUS1.W,98526
1986-03-28,PET.WCRSTUS1.W,819985
1986-03-28,PET.WDISTUS1.W,97845
1986-04-04,PET.WCRSTUS1.W,813207
1986-04-04,PET.WDISTUS1.W,98896
1986-04-11,PET.WCRSTUS1.W,816908
1986-04-11,PET.WDISTUS1.W,97733
1986-04-18,PET.WCRSTUS1.W,814778
1986-04-18,PET.WDISTUS1.W,96523
1986-04-25,PET.WCRSTUS1.W,809669
1986-04-25,PET.WDISTUS1.W,97241
1986-05-02,PET.WCRSTUS1.W,816069
1986-05-02,PET.WDISTUS1.W,95321
1986-05-09,PET.WCRSTUS1.W,810120
1986-05-09,PET.WDISTUS1.W,94524
1986-05-16,PET.WCRSTUS1.W,802132
1986-05-16,PET.WDISTUS1.W,93294
1986-05-23,PET.WCRSTUS1.W,807720
1986-05-23,PET.WDISTUS1.W,92691
1986-05-30,PET.WCRSTUS1.W,805047
1986-05-30,PET.WDISTUS1.W,97589
1986-06-06,PET.WCRSTUS1.W,811116
1986-06-06,PET.WDISTUS1.W,98596
1986-06-13,PET.WCRSTUS1.W,799944
1986-06-13,PET.WDISTUS1.W,100581
1986-06-20,PET.WCRSTUS1.W,803586
1986-06-20,PET.WDISTUS1.W,103791
1986-06-27,PET.WCRSTUS1.W,805292
1986-06-27,PET.WDISTUS1.W,104308
1986-07-04,PET.WCRSTUS1.W,801127
1986-07-04,PET.WDISTUS1.W,106458
1986-07-11,PET.WCRSTUS1.W,801002
1986-07-11,PET.WDISTUS1.W,107558
1986-07-18,PET.WCRSTUS1.W,809815
1986-07-18,PET.WDISTUS1.W,111223
1986-07-25,PET.WCRSTUS1.W,813146
1986-07-25,PET.WDISTUS1.W,111673
1986-08-01,PET.WCRSTUS1.W,823410
1986-08-01,PET.WDISTUS1.W,118894
1986-08-08,PET.WCRSTUS1.W,816324
1986-08-08,PET.WDISTUS1.W,120734
1986-08-15,PET.WCRSTUS1.W,815062
1986-08-15,PET.WDISTUS1.W,121528
1986-08-22,PET.WCRSTUS1.W,813333
1986-08-22,PET.WDISTUS1.W,128999
1986-08-29,PET.WCRSTUS1.W,815928
1986-08-29,PET.WDISTUS1.W,132858
1986-09-05,PET.WCRSTUS1.W,811219
1986-09-05,PET.WDISTUS1.W,137082
1986-09-12,PET.WCRSTUS1.W,815806
1986-09-12,PET.WDISTUS1.W,143584
1986-09-19,PET.WCRSTUS1.W,812938
1986-09-19,PET.WDISTUS1.W,145849
1986-09-26,PET.WCRSTUS1.W,819659
1986-09-26,PET.WDISTUS1.W,148492
1986-10-03,PET.WCRSTUS1.W,822132
1986-10-03,PET.WDISTUS1.W,150834
1986-10-10,PET.WCRSTUS1.W,819391
1986-10-10,PET.WDISTUS1.W,153728
1986-10-17,PET.WCRSTUS1.W,826816
1986-10-17,PET.WDISTUS1.W,151815
1986-10-24,PET.WCRSTUS1.W,825240
1986-10-24,PET.WDISTUS1.W,152171
1986-10-31,PET.WCRSTUS1.W,835276
1986-10-31,PET.WDISTUS1.W,151896
1986-11-07,PET.WCRSTUS1.W,823166
1986-11-07,PET.WDISTUS1.W,153723
1986-11-14,PET.WCRSTUS1.W,828077
1986-11-14,PET.WDISTUS1.W,154088
1986-11-21,PET.WCRSTUS1.W,826852
1986-11-21,PET.WDISTUS1.W,152461
1986-11-28,PET.WCRSTUS1.W,830304
1986-11-28,PET.WDISTUS1.W,152632
1986-12-05,PET.WCRSTUS1.W,827450
1986-12-05,PET.WDISTUS1.W,154533
1986-12-12,PET.WCRSTUS1.W,830737
1986-12-12,PET.WDISTUS1.W,155991
1986-12-19,PET.WCRSTUS1.W,828638
1986-12-19,PET.WDISTUS1.W,154341
1986-12-26,PET.WCRSTUS1.W,817598
1986-12-26,PET.WDISTUS1.W,155124
1987-01-02,PET.WCRSTUS1.W,819387
1987-01-02,PET.WDISTUS1.W,155830
1987-01-09,PET.WCRSTUS1.W,828882
1987-01-09,PET.WDISTUS1.W,155298
1987-01-16,PET.WCRSTUS1.W,819732
1987-01-16,PET.WDISTUS1.W,151330
1987-01-23,PET.WCRSTUS1.W,817272
1987-01-23,PET.WDISTUS1.W,147992
1987-01-30,PET.WCRSTUS1.W,823390
1987-01-30,PET.WDISTUS1.W,143598
1987-02-06,PET.WCRSTUS1.W,823679
1987-02-06,PET.WDISTUS1.W,138733
1987-02-13,PET.WCRSTUS1.W,823320
1987-02-13,PET.WDISTUS1.W,136263
1987-02-20,PET.WCRSTUS1.W,824014
1987-02-20,PET.WDISTUS1.W,131798
1987-02-27,PET.WCRSTUS1.W,827982
1987-02-27,PET.WDISTUS1.W,128370
1987-03-06,PET.WCRSTUS1.W,827072
1987-03-06,PET.WDISTUS1.W,119593
1987-03-13,PET.WCRSTUS1.W,823961
1987-03-13,PET.WDISTUS1.W,112039
1987-03-20,PET.WCRSTUS1.W,831803
1987-03-20,PET.WDISTUS1.W,108793
1987-03-27,PET.WCRSTUS1.W,826956
1987-03-27,PET.WDISTUS1.W,106906
1987-04-03,PET.WCRSTUS1.W,834010
1987-04-03,PET.WDISTUS1.W,106854
1987-04-10,PET.WCRSTUS1.W,828837
1987-04-10,PET.WDISTUS1.W,105764
1987-04-17,PET.WCRSTUS1.W,820369
1987-04-17,PET.WDISTUS1.W,104866
1987-04-24,PET.WCRSTUS1.W,819417
1987-04-24,PET.WDISTUS1.W,103623
1987-05-01,PET.WCRSTUS1.W,829550
1987-05-01,PET.WDISTUS1.W,99823
1987-05-08,PET.WCRSTUS1.W,825486
1987-05-08,PET.WDISTUS1.W,97865
1987-05-15,PET.WCRSTUS1.W,823633
1987-05-15,PET.WDISTUS1.W,95243
1987-05-22,PET.WCRSTUS1.W,827225
1987-05-22,PET.WDISTUS1.W,95885
1987-05-29,PET.WCRSTUS1.W,824387
1987-05-29,PET.WDISTUS1.W,100667
1987-06-05,PET.WCRSTUS1.W,826689
1987-06-05,PET.WDISTUS1.W,99287
1987-06-12,PET.WCRSTUS1.W,827429
1987-06-12,PET.WDISTUS1.W,99450
1987-06-19,PET.WCRSTUS1.W,828312
1987-06-19,PET.WDISTUS1.W,102666
1987-06-26,PET.WCRSTUS1.W,831226
1987-06-26,PET.WDISTUS1.W,103561
1987-07-03,PET.WCRSTUS1.W,832132
1987-07-03,PET.WDISTUS1.W,104988
1987-07-10,PET.WCRSTUS1.W,830849
1987-07-10,PET.WDISTUS1.W,109265
1987-07-17,PET.WCRSTUS1.W,827036
1987-07-17,PET.WDISTUS1.W,111275
1987-07-24,PET.WCRSTUS1.W,830873
1987-07-24,PET.WDISTUS1.W,113447
1987-07-31,PET.WCRSTUS1.W,836747
1987-07-31,PET.WDISTUS1.W,113663
1987-08-07,PET.WCRSTUS1.W,831468
1987-08-07,PET.WDISTUS1.W,114395
1987-08-14,PET.WCRSTUS1.W,833262
1987-08-14,PET.WDISTUS1.W,119819
1987-08-21,PET.WCRSTUS1.W,840508
1987-08-21,PET.WDISTUS1.W,121360
1987-08-28,PET.WCRSTUS1.W,841422
1987-08-28,PET.WDISTUS1.W,122472
1987-09-04,PET.WCRSTUS1.W,845465
1987-09-04,PET.WDISTUS1.W,122354
1987-09-11,PET.WCRSTUS1.W,845005
1987-09-11,PET.WDISTUS1.W,126626
1987-09-18,PET.WCRSTUS1.W,845642
1987-09-18,PET.WDISTUS1.W,125585
1987-09-25,PET.WCRSTUS1.W,849438
1987-09-25,PET.WDISTUS1.W,128599
1987-10-02,PET.WCRSTUS1.W,848080
1987-10-02,PET.WDISTUS1.W,128681
1987-10-09,PET.WCRSTUS1.W,844855
1987-10-09,PET.WDISTUS1.W,128017
1987-10-16,PET.WCRSTUS1.W,847983
1987-10-16,PET.WDISTUS1.W,124975
1987-10-23,PET.WCRSTUS1.W,851818
1987-10-23,PET.WDISTUS1.W,123177
1987-10-30,PET.WCRSTUS1.W,864201
1987-10-30,PET.WDISTUS1.W,122894
1987-11-06,PET.WCRSTUS1.W,869362
1987-11-06,PET.WDISTUS1.W,120537
1987-11-13,PET.WCRSTUS1.W,871678
1987-11-13,PET.WDISTUS1.W,124785
1987-11-20,PET.WCRSTUS1.W,875509
1987-11-20,PET.WDISTUS1.W,123920
1987-11-27,PET.WCRSTUS1.W,873521
1987-11-27,PET.WDISTUS1.W,122311
1987-12-04,PET.WCRSTUS1.W,875851
1987-12-04,PET.WDISTUS1.W,127749
1987-12-11,PET.WCRSTUS1.W,877201
1987-12-11,PET.WDISTUS1.W,126770
1987-12-18,PET.WCRSTUS1.W,879721
1987-12-18,PET.WDISTUS1.W,127849
1987-12-25,PET.WCRSTUS1.W,879336
1987-12-25,PET.WDISTUS1.W,131127
1988-01-01,PET.WCRSTUS1.W,874314
1988-01-01,PET.WDISTUS1.W,137169
1988-01-08,PET.WCRSTUS1.W,861844
1988-01-08,PET.WDISTUS1.W,135783
1988-01-15,PET.WCRSTUS1.W,862053
1988-01-15,PET.WDISTUS1.W,132064
1988-01-22,PET.WCRSTUS1.W,861245
1988-01-22,PET.WDISTUS1.W,128517
1988-01-29,PET.WCRSTUS1.W,858440
1988-01-29,PET.WDISTUS1.W,126670
1988-02-05,PET.WCRSTUS1.W,859847
1988-02-05,PET.WDISTUS1.W,123132
1988-02-12,PET.WCRSTUS1.W,855598
1988-02-12,PET.WDISTUS1.W,117145
1988-02-19,PET.WCRSTUS1.W,864088
1988-02-19,PET.WDISTUS1.W,113358
1988-02-26,PET.WCRSTUS1.W,867717
1988-02-26,PET.WDISTUS1.W,111688
1988-03-04,PET.WCRSTUS1.W,869420
1988-03-04,PET.WDISTUS1.W,108209
1988-03-11,PET.WCRSTUS1.W,869831
1988-03-11,PET.WDISTUS1.W,102749
1988-03-18,PET.WCRSTUS1.W,873580
1988-03-18,PET.WDISTUS1.W,99110
1988-03-25,PET.WCRSTUS1.W,872216
1988-03-25,PET.WDISTUS1.W,94866
1988-04-01,PET.WCRSTUS1.W,873464
1988-04-01,PET.WDISTUS1.W,91965
1988-04-08,PET.WCRSTUS1.W,879484
1988-04-08,PET.WDISTUS1.W,92650
1988-04-15,PET.WCRSTUS1.W,879480
1988-04-15,PET.WDISTUS1.W,94967
1988-04-22,PET.WCRSTUS1.W,884261
1988-04-22,PET.WDISTUS1.W,93475
1988-04-29,PET.WCRSTUS1.W,881732
1988-04-29,PET.WDISTUS1.W,94899
1988-05-06,PET.WCRSTUS1.W,887593
1988-05-06,PET.WDISTUS1.W,95317
1988-05-13,PET.WCRSTUS1.W,890802
1988-05-13,PET.WDISTUS1.W,97503
1988-05-20,PET.WCRSTUS1.W,892721
1988-05-20,PET.WDISTUS1.W,97961
1988-05-27,PET.WCRSTUS1.W,888805
1988-05-27,PET.WDISTUS1.W,99817
1988-06-03,PET.WCRSTUS1.W,890957
1988-06-03,PET.WDISTUS1.W,103804
1988-06-10,PET.WCRSTUS1.W,889280
1988-06-10,PET.WDISTUS1.W,108435
1988-06-17,PET.WCRSTUS1.W,893477
1988-06-17,PET.WDISTUS1.W,109966
1988-06-24,PET.WCRSTUS1.W,891199
1988-06-24,PET.WDISTUS1.W,110636
1988-07-01,PET.WCRSTUS1.W,892007
1988-07-01,PET.WDISTUS1.W,112184
1988-07-08,PET.WCRSTUS1.W,890187
1988-07-08,PET.WDISTUS1.W,116214
1988-07-15,PET.WCRSTUS1.W,885007
1988-07-15,PET.WDISTUS1.W,117214
1988-07-22,PET.WCRSTUS1.W,881794
1988-07-22,PET.WDISTUS1.W,117481
1988-07-29,PET.WCRSTUS1.W,883710
1988-07-29,PET.WDISTUS1.W,118668
1988-08-05,PET.WCRSTUS1.W,881982
1988-08-05,PET.WDISTUS1.W,119571
1988-08-12,PET.WCRSTUS1.W,879618
1988-08-12,PET.WDISTUS1.W,120998
1988-08-19,PET.WCRSTUS1.W,874852
1988-08-19,PET.WDISTUS1.W,123661
1988-08-26,PET.WCRSTUS1.W,870652
1988-08-26,PET.WDISTUS1.W,122162
1988-09-02,PET.WCRSTUS1.W,865685
1988-09-02,PET.WDISTUS1.W,125585
1988-09-09,PET.WCRSTUS1.W,864719
1988-09-09,PET.WDISTUS1.W,131772
1988-09-16,PET.WCRSTUS1.W,858179
1988-09-16,PET.WDISTUS1.W,133801
1988-09-23,PET.WCRSTUS1.W,853974
1988-09-23,PET.WDISTUS1.W,134913
1988-09-30,PET.WCRSTUS1.W,860182
1988-09-30,PET.WDISTUS1.W,134735
1988-10-07,PET.WCRSTUS1.W,859596
1988-10-07,PET.WDISTUS1.W,134050
1988-10-14,PET.WCRSTUS1.W,865096
1988-10-14,PET.WDISTUS1.W,133318
1988-10-21,PET.WCRSTUS1.W,870245
1988-10-21,PET.WDISTUS1.W,128848
1988-10-28,PET.WCRSTUS1.W,872404
1988-10-28,PET.WDISTUS1.W,130645
1988-11-04,PET.WCRSTUS1.W,878098
1988-11-04,PET.WDISTUS1.W,129711
1988-11-11,PET.WCRSTUS1.W,875519
1988-11-11,PET.WDISTUS1.W,127212
1988-11-18,PET.WCRSTUS1.W,884503
1988-11-18,PET.WDISTUS1.W,128162
1988-11-25,PET.WCRSTUS1.W,880588
1988-11-25,PET.WDISTUS1.W,127762
1988-12-02,PET.WCRSTUS1.W,878419
1988-12-02,PET.WDISTUS1.W,128880
1988-12-09,PET.WCRSTUS1.W,882921
1988-12-09,PET.WDISTUS1.W,127340
1988-12-16,PET.WCRSTUS1.W,878157
1988-12-16,PET.WDISTUS1.W,126916
1988-12-23,PET.WCRSTUS1.W,873932
1988-12-23,PET.WDISTUS1.W,124749
1988-12-30,PET.WCRSTUS1.W,873167
1988-12-30,PET.WDISTUS1.W,125548
1989-01-06,PET.WCRSTUS1.W,865484
1989-01-06,PET.WDISTUS1.W,126817
1989-01-13,PET.WCRSTUS1.W,863426
1989-01-13,PET.WDISTUS1.W,125053
1989-01-20,PET.WCRSTUS1.W,867699
1989-01-20,PET.WDISTUS1.W,120024
1989-01-27,PET.WCRSTUS1.W,868194
1989-01-27,PET.WDISTUS1.W,119772
1989-02-03,PET.WCRSTUS1.W,875807
1989-02-03,PET.WDISTUS1.W,118010
1989-02-10,PET.WCRSTUS1.W,867901
1989-02-10,PET.WDISTUS1.W,116267
1989-02-17,PET.WCRSTUS1.W,869093
1989-02-17,PET.WDISTUS1.W,112651
1989-02-24,PET.WCRSTUS1.W,868629
1989-02-24,PET.WDISTUS1.W,110541
1989-03-03,PET.WCRSTUS1.W,878921
1989-03-03,PET.WDISTUS1.W,108402
1989-03-10,PET.WCRSTUS1.W,878057
1989-03-10,PET.WDISTUS1.W,102556
1989-03-17,PET.WCRSTUS1.W,883938
1989-03-17,PET.WDISTUS1.W,100216
1989-03-24,PET.WCRSTUS1.W,883413
1989-03-24,PET.WDISTUS1.W,96586
1989-03-31,PET.WCRSTUS1.W,873367
1989-03-31,PET.WDISTUS1.W,98147
1989-04-07,PET.WCRSTUS1.W,872737
1989-04-07,PET.WDISTUS1.W,97887
1989-04-14,PET.WCRSTUS1.W,868793
1989-04-14,PET.WDISTUS1.W,99216
1989-04-21,PET.WCRSTUS1.W,879185
1989-04-21,PET.WDISTUS1.W,97782
1989-04-28,PET.WCRSTUS1.W,883997
1989-04-28,PET.WDISTUS1.W,96738
1989-05-05,PET.WCRSTUS1.W,895047
1989-05-05,PET.WDISTUS1.W,95953
1989-05-12,PET.WCRSTUS1.W,897795
1989-05-12,PET.WDISTUS1.W,96832
1989-05-19,PET.WCRSTUS1.W,891310
1989-05-19,PET.WDISTUS1.W,94553
1989-05-26,PET.WCRSTUS1.W,889909
1989-05-26,PET.WDISTUS1.W,94986
1989-06-02,PET.WCRSTUS1.W,895289
1989-06-02,PET.WDISTUS1.W,99019
1989-06-09,PET.WCRSTUS1.W,892553
1989-06-09,PET.WDISTUS1.W,98669
1989-06-16,PET.WCRSTUS1.W,890135
1989-06-16,PET.WDISTUS1.W,97760
1989-06-23,PET.WCRSTUS1.W,893650
1989-06-23,PET.WDISTUS1.W,98421
1989-06-30,PET.WCRSTUS1.W,887176
1989-06-30,PET.WDISTUS1.W,100092
1989-07-07,PET.WCRSTUS1.W,887810
1989-07-07,PET.WDISTUS1.W,104810
1989-07-14,PET.WCRSTUS1.W,886281
1989-07-14,PET.WDISTUS1.W,109731
1989-07-21,PET.WCRSTUS1.W,885624
1989-07-21,PET.WDISTUS1.W,108828
1989-07-28,PET.WCRSTUS1.W,887725
1989-07-28,PET.WDISTUS1.W,113217
1989-08-04,PET.WCRSTUS1.W,887592
1989-08-04,PET.WDISTUS1.W,115812
1989-08-11,PET.WCRSTUS1.W,884553
1989-08-11,PET.WDISTUS1.W,116476
1989-08-18,PET.WCRSTUS1.W,893519
1989-08-18,PET.WDISTUS1.W,118002
1989-08-25,PET.WCRSTUS1.W,892770
1989-08-25,PET.WDISTUS1.W,116487
1989-09-01,PET.WCRSTUS1.W,893339
1989-09-01,PET.WDISTUS1.W,116231
1989-09-08,PET.WCRSTUS1.W,896173
1989-09-08,PET.WDISTUS1.W,118891
1989-09-15,PET.WCRSTUS1.W,885661
1989-09-15,PET.WDISTUS1.W,120684
1989-09-22,PET.WCRSTUS1.W,887135
1989-09-22,PET.WDISTUS1.W,121919
1989-09-29,PET.WCRSTUS1.W,890249
1989-09-29,PET.WDISTUS1.W,122375
1989-10-06,PET.WCRSTUS1.W,895525
1989-10-06,PET.WDISTUS1.W,121136
1989-10-13,PET.WCRSTUS1.W,901350
1989-10-13,PET.WDISTUS1.W,120163
1989-10-20,PET.WCRSTUS1.W,894932
1989-10-20,PET.WDISTUS1.W,119898
1989-10-27,PET.WCRSTUS1.W,900068
1989-10-27,PET.WDISTUS1.W,119032
1989-11-03,PET.WCRSTUS1.W,898681
1989-11-03,PET.WDISTUS1.W,119158
1989-11-10,PET.WCRSTUS1.W,906613
1989-11-10,PET.WDISTUS1.W,122191
1989-11-17,PET.WCRSTUS1.W,906781
1989-11-17,PET.WDISTUS1.W,118850
1989-11-24,PET.WCRSTUS1.W,903612
1989-11-24,PET.WDISTUS1.W,121163
1989-12-01,PET.WCRSTUS1.W,911872
1989-12-01,PET.WDISTUS1.W,121911
1989-12-08,PET.WCRSTUS1.W,902906
1989-12-08,PET.WDISTUS1.W,118134
1989-12-15,PET.WCRSTUS1.W,907860
1989-12-15,PET.WDISTUS1.W,115782
1989-12-22,PET.WCRSTUS1.W,905214
1989-12-22,PET.WDISTUS1.W,111143
1989-12-29,PET.WCRSTUS1.W,904134
1989-12-29,PET.WDISTUS1.W,106744
1990-01-05,PET.WCRSTUS1.W,904076
1990-01-05,PET.WDISTUS1.W,109207
1990-01-05,PET.WGTSTUS1.W,210982
1990-01-12,PET.WCRSTUS1.W,908047
1990-01-12,PET.WDISTUS1.W,109516
1990-01-12,PET.WGTSTUS1.W,215395
1990-01-19,PET.WCRSTUS1.W,906401
1990-01-19,PET.WDISTUS1.W,114347
1990-01-19,PET.WGTSTUS1.W,219221
1990-01-26,PET.WCRSTUS1.W,904351
1990-01-26,PET.WDISTUS1.W,119922
1990-01-26,PET.WGTSTUS1.W,229695
1990-02-02,PET.WCRSTUS1.W,914727
1990-02-02,PET.WDISTUS1.W,122954
1990-02-02,PET.WGTSTUS1.W,234249
1990-02-09,PET.WCRSTUS1.W,910241
1990-02-09,PET.WDISTUS1.W,122229
1990-02-09,PET.WGTSTUS1.W,242038
1990-02-16,PET.WCRSTUS1.W,907794
1990-02-16,PET.WDISTUS1.W,120413
1990-02-16,PET.WGTSTUS1.W,243212
1990-02-23,PET.WCRSTUS1.W,903218
1990-02-23,PET.WDISTUS1.W,118477
1990-02-23,PET.WGTSTUS1.W,249028
1990-03-02,PET.WCRSTUS1.W,906741
1990-03-02,PET.WDISTUS1.W,115706
1990-03-02,PET.WGTSTUS1.W,251074
1990-03-09,PET.WCRSTUS1.W,913559
1990-03-09,PET.WDISTUS1.W,110772
1990-03-09,PET.WGTSTUS1.W,247348
1990-03-16,PET.WCRSTUS1.W,912113
1990-03-16,PET.WDISTUS1.W,107077
1990-03-16,PET.WGTSTUS1.W,245224
1990-03-23,PET.WCRSTUS1.W,921348
1990-03-23,PET.WDISTUS1.W,103187
1990-03-23,PET.WGTSTUS1.W,236805
1990-03-30,PET.WCRSTUS1.W,924282
1990-03-30,PET.WDISTUS1.W,102203
1990-03-30,PET.WGTSTUS1.W,230975
1990-04-06,PET.WCRSTUS1.W,932221
1990-04-06,PET.WDISTUS1.W,98960
1990-04-06,PET.WGTSTUS1.W,227448
1990-04-13,PET.WCRSTUS1.W,933138
1990-04-13,PET.WDISTUS1.W,98140
1990-04-13,PET.WGTSTUS1.W,226077
1990-04-20,PET.WCRSTUS1.W,931578
1990-04-20,PET.WDISTUS1.W,96385
1990-04-20,PET.WGTSTUS1.W,224206
1990-04-27,PET.WCRSTUS1.W,936163
1990-04-27,PET.WDISTUS1.W,96581
1990-04-27,PET.WGTSTUS1.W,223250
1990-05-04,PET.WCRSTUS1.W,936904
1990-05-04,PET.WDISTUS1.W,96669
1990-05-04,PET.WGTSTUS1.W,222618
1990-05-11,PET.WCRSTUS1.W,942503
1990-05-11,PET.WDISTUS1.W,97054
1990-05-11,PET.WGTSTUS1.W,217528
1990-05-18,PET.WCRSTUS1.W,947177
1990-05-18,PET.WDISTUS1.W,98930
1990-05-18,PET.WGTSTUS1.W,217047
1990-05-25,PET.WCRSTUS1.W,948900
1990-05-25,PET.WDISTUS1.W,100713
1990-05-25,PET.WGTSTUS1.W,218532
1990-06-01,PET.WCRSTUS1.W,951799
1990-06-01,PET.WDISTUS1.W,103054
1990-06-01,PET.WGTSTUS1.W,222014
1990-06-08,PET.WCRSTUS1.W,953667
1990-06-08,PET.WDISTUS1.W,105527
1990-06-08,PET.WGTSTUS1.W,219308
1990-06-15,PET.WCRSTUS1.W,953182
1990-06-15,PET.WDISTUS1.W,108385
1990-06-15,PET.WGTSTUS1.W,220061
1990-06-22,PET.WCRSTUS1.W,953885
1990-06-22,PET.WDISTUS1.W,109580
1990-06-22,PET.WGTSTUS1.W,218970
1990-06-29,PET.WCRSTUS1.W,955394
1990-06-29,PET.WDISTUS1.W,110964
1990-06-29,PET.WGTSTUS1.W,218597
1990-07-06,PET.WCRSTUS1.W,952344
1990-07-06,PET.WDISTUS1.W,113826
1990-07-06,PET.WGTSTUS1.W,217055
1990-07-13,PET.WCRSTUS1.W,956879
1990-07-13,PET.WDISTUS1.W,117826
1990-07-13,PET.WGTSTUS1.W,218063
1990-07-20,PET.WCRSTUS1.W,954702
1990-07-20,PET.WDISTUS1.W,120499
1990-07-20,PET.WGTSTUS1.W,218705
1990-07-27,PET.WCRSTUS1.W,959271
1990-07-27,PET.WDISTUS1.W,122438
1990-07-27,PET.WGTSTUS1.W,217799
1990-08-03,PET.WCRSTUS1.W,951525
1990-08-03,PET.WDISTUS1.W,122138
1990-08-03,PET.WGTSTUS1.W,220195
1990-08-10,PET.WCRSTUS1.W,946681
1990-08-10,PET.WDISTUS1.W,122994
1990-08-10,PET.WGTSTUS1.W,213725
1990-08-17,PET.WCRSTUS1.W,947535
1990-08-17,PET.WDISTUS1.W,124943
1990-08-17,PET.WGTSTUS1.W,216819
1990-08-24,PET.WCRSTUS1.W,950649
1990-08-24,PET.WDISTUS1.W,126340
1990-08-24,PET.WGTSTUS1.W,211198
1990-08-31,PET.WCRSTUS1.W,946333
1990-08-31,PET.WDISTUS1.W,129733
1990-08-31,PET.WGTSTUS1.W,210922
1990-09-07,PET.WCRSTUS1.W,949206
1990-09-07,PET.WDISTUS1.W,134435
1990-09-07,PET.WGTSTUS1.W,212665
1990-09-14,PET.WCRSTUS1.W,943559
1990-09-14,PET.WDISTUS1.W,135971
1990-09-14,PET.WGTSTUS1.W,219164
1990-09-21,PET.WCRSTUS1.W,937834
1990-09-21,PET.WDISTUS1.W,137983
1990-09-21,PET.WGTSTUS1.W,222160
1990-09-28,PET.WCRSTUS1.W,928007
1990-09-28,PET.WDISTUS1.W,136899
1990-09-28,PET.WGTSTUS1.W,222735
1990-10-05,PET.WCRSTUS1.W,925894
1990-10-05,PET.WDISTUS1.W,134007
1990-10-05,PET.WGTSTUS1.W,225934
1990-10-12,PET.WCRSTUS1.W,918375
1990-10-12,PET.WDISTUS1.W,136646
1990-10-12,PET.WGTSTUS1.W,225997
1990-10-19,PET.WCRSTUS1.W,915615
1990-10-19,PET.WDISTUS1.W,136997
1990-10-19,PET.WGTSTUS1.W,221043
1990-10-26,PET.WCRSTUS1.W,916857
1990-10-26,PET.WDISTUS1.W,138549
1990-10-26,PET.WGTSTUS1.W,222384
1990-11-02,PET.WCRSTUS1.W,920758
1990-11-02,PET.WDISTUS1.W,137892
1990-11-02,PET.WGTSTUS1.W,222223
1990-11-09,PET.WCRSTUS1.W,921253
1990-11-09,PET.WDISTUS1.W,136160
1990-11-09,PET.WGTSTUS1.W,219499
1990-11-09,PET.WRPUPUS2.W,16588
1990-11-16,PET.WCRSTUS1.W,915231
1990-11-16,PET.WDISTUS1.W,134642
1990-11-16,PET.WGTSTUS1.W,217040
1990-11-16,PET.WRPUPUS2.W,17019
1990-11-23,PET.WCRSTUS1.W,911584
1990-11-23,PET.WDISTUS1.W,134566
1990-11-23,PET.WGTSTUS1.W,217639
1990-11-23,PET.WRPUPUS2.W,15686
1990-11-30,PET.WCRSTUS1.W,913758
1990-11-30,PET.WDISTUS1.W,134440
1990-11-30,PET.WGTSTUS1.W,218889
1990-11-30,PET.WRPUPUS2.W,17753
1990-12-07,PET.WCRSTUS1.W,907428
1990-12-07,PET.WDISTUS1.W,133203
1990-12-07,PET.WGTSTUS1.W,220010
1990-12-07,PET.WRPUPUS2.W,16901
1990-12-14,PET.WCRSTUS1.W,905846
1990-12-14,PET.WDISTUS1.W,132331
1990-12-14,PET.WGTSTUS1.W,224219
1990-12-14,PET.WRPUPUS2.W,16669
1990-12-21,PET.WCRSTUS1.W,907684
1990-12-21,PET.WDISTUS1.W,129581
1990-12-21,PET.WGTSTUS1.W,222043
1990-12-21,PET.WRPUPUS2.W,17953
1990-12-28,PET.WCRSTUS1.W,901612
1990-12-28,PET.WDISTUS1.W,129846
1990-12-28,PET.WGTSTUS1.W,221695
1990-12-28,PET.WRPUPUS2.W,17319
1991-01-04,PET.WCRSTUS1.W,893234
1991-01-04,PET.WDISTUS1.W,129423
1991-01-04,PET.WGTSTUS1.W,221194
1991-01-04,PET.WRPUPUS2.W,15968
1991-01-11,PET.WCRSTUS1.W,894131
1991-01-11,PET.WDISTUS1.W,126956
1991-01-11,PET.WGTSTUS1.W,217923
1991-01-11,PET.WRPUPUS2.W,17171
1991-01-18,PET.WCRSTUS1.W,892742
1991-01-18,PET.WDISTUS1.W,117980
1991-01-18,PET.WGTSTUS1.W,216098
1991-01-18,PET.WRPUPUS2.W,16699
1991-01-25,PET.WCRSTUS1.W,892735
1991-01-25,PET.WDISTUS1.W,115089
1991-01-25,PET.WGTSTUS1.W,219581
1991-01-25,PET.WRPUPUS2.W,16246
1991-02-01,PET.WCRSTUS1.W,895841
1991-02-01,PET.WDISTUS1.W,110890
1991-02-01,PET.WGTSTUS1.W,222223
1991-02-01,PET.WRPUPUS2.W,16801
1991-02-08,PET.WCRSTUS1.W,896124
1991-02-08,PET.WDISTUS1.W,108705
1991-02-08,PET.WGTSTUS1.W,224079
1991-02-08,PET.WRPUPUS2.W,16067
1991-02-15,PET.WCRSTUS1.W,900784
1991-02-15,PET.WDISTUS1.W,105147
1991-02-15,PET.WGTSTUS1.W,226459
1991-02-15,PET.WRPUPUS2.W,15627
1991-02-22,PET.WCRSTUS1.W,899428
1991-02-22,PET.WDISTUS1.W,104337
1991-02-22,PET.WGTSTUS1.W,226026
1991-02-22,PET.WRPUPUS2.W,15414
1991-03-01,PET.WCRSTUS1.W,897522
1991-03-01,PET.WDISTUS1.W,102276
1991-03-01,PET.WGTSTUS1.W,221438
1991-03-01,PET.WRPUPUS2.W,16997
1991-03-08,PET.WCRSTUS1.W,892038
1991-03-08,PET.WDISTUS1.W,101071
1991-03-08,PET.WGTSTUS1.W,218986
1991-03-08,PET.WRPUPUS2.W,16982
1991-03-15,PET.WCRSTUS1.W,895651
1991-03-15,PET.WDISTUS1.W,96815
1991-03-15,PET.WGTSTUS1.W,215670
1991-03-15,PET.WRPUPUS2.W,16914
1991-03-22,PET.WCRSTUS1.W,893991
1991-03-22,PET.WDISTUS1.W,97420
1991-03-22,PET.WGTSTUS1.W,211379
1991-03-22,PET.WRPUPUS2.W,16408
1991-03-29,PET.WCRSTUS1.W,897685
1991-03-29,PET.WDISTUS1.W,97028
1991-03-29,PET.WGTSTUS1.W,212087
1991-03-29,PET.WRPUPUS2.W,17481
1991-04-05,PET.WCRSTUS1.W,889746
1991-04-05,PET.WDISTUS1.W,96007
1991-04-05,PET.WGTSTUS1.W,207908
1991-04-05,PET.WRPUPUS2.W,16344
1991-04-12,PET.WCRSTUS1.W,894244
1991-04-12,PET.WDISTUS1.W,96949
1991-04-12,PET.WGTSTUS1.W,205510
1991-04-12,PET.WRPUPUS2.W,15888
1991-04-19,PET.WCRSTUS1.W,891158
1991-04-19,PET.WDISTUS1.W,98364
1991-04-19,PET.WGTSTUS1.W,205046
1991-04-19,PET.WRPUPUS2.W,15799
1991-04-26,PET.WCRSTUS1.W,896702
1991-04-26,PET.WDISTUS1.W,100598
1991-04-26,PET.WGTSTUS1.W,205660
1991-04-26,PET.WRPUPUS2.W,16054
1991-05-03,PET.WCRSTUS1.W,892623
1991-05-03,PET.WDISTUS1.W,101538
1991-05-03,PET.WGTSTUS1.W,207496
1991-05-10,PET.WCRSTUS1.W,892389
1991-05-10,PET.WDISTUS1.W,103025
1991-05-10,PET.WGTSTUS1.W,208673
1991-05-10,PET.WRPUPUS2.W,15995
1991-05-17,PET.WCRSTUS1.W,898381
1991-05-17,PET.WDISTUS1.W,102361
1991-05-17,PET.WGTSTUS1.W,211690
1991-05-17,PET.WRPUPUS2.W,16306
1991-05-24,PET.WCRSTUS1.W,897808
1991-05-24,PET.WDISTUS1.W,102974
1991-05-24,PET.WGTSTUS1.W,213387
1991-05-24,PET.WRPUPUS2.W,15273
1991-05-31,PET.WCRSTUS1.W,904685
1991-05-31,PET.WDISTUS1.W,108200
1991-05-31,PET.WGTSTUS1.W,215678
1991-05-31,PET.WRPUPUS2.W,16357
1991-06-07,PET.WCRSTUS1.W,905491
1991-06-07,PET.WDISTUS1.W,108069
1991-06-07,PET.WGTSTUS1.W,217713
1991-06-07,PET.WRPUPUS2.W,16226
1991-06-14,PET.WCRSTUS1.W,906290
1991-06-14,PET.WDISTUS1.W,111170
1991-06-14,PET.WGTSTUS1.W,220528
1991-06-14,PET.WRPUPUS2.W,16519
1991-06-21,PET.WCRSTUS1.W,904911
1991-06-21,PET.WDISTUS1.W,113705
1991-06-21,PET.WGTSTUS1.W,219835
1991-06-21,PET.WRPUPUS2.W,17076
1991-06-28,PET.WCRSTUS1.W,901859
1991-06-28,PET.WDISTUS1.W,113216
1991-06-28,PET.WGTSTUS1.W,218757
1991-06-28,PET.WRPUPUS2.W,17242
1991-07-05,PET.WCRSTUS1.W,903062
1991-07-05,PET.WDISTUS1.W,113605
1991-07-05,PET.WGTSTUS1.W,215024
1991-07-05,PET.WRPUPUS2.W,17363
1991-07-12,PET.WCRSTUS1.W,902012
1991-07-12,PET.WDISTUS1.W,120095
1991-07-12,PET.WGTSTUS1.W,213411
1991-07-12,PET.WRPUPUS2.W,15446
1991-07-19,PET.WCRSTUS1.W,900227
1991-07-19,PET.WDISTUS1.W,120306
1991-07-19,PET.WGTSTUS1.W,213887
1991-07-19,PET.WRPUPUS2.W,16948
1991-07-26,PET.WCRSTUS1.W,896458
1991-07-26,PET.WDISTUS1.W,122550
1991-07-26,PET.WGTSTUS1.W,212122
1991-07-26,PET.WRPUPUS2.W,16092
1991-08-02,PET.WCRSTUS1.W,897147
1991-08-02,PET.WDISTUS1.W,125040
1991-08-02,PET.WGTSTUS1.W,210814
1991-08-02,PET.WRPUPUS2.W,16672
1991-08-09,PET.WCRSTUS1.W,898861
1991-08-09,PET.WDISTUS1.W,126356
1991-08-09,PET.WGTSTUS1.W,208356
1991-08-09,PET.WRPUPUS2.W,16902
1991-08-16,PET.WCRSTUS1.W,896942
1991-08-16,PET.WDISTUS1.W,126038
1991-08-16,PET.WGTSTUS1.W,207689
1991-08-16,PET.WRPUPUS2.W,17000
1991-08-23,PET.WCRSTUS1.W,902246
1991-08-23,PET.WDISTUS1.W,127749
1991-08-23,PET.WGTSTUS1.W,210098
1991-08-23,PET.WRPUPUS2.W,16346
1991-08-30,PET.WCRSTUS1.W,904148
1991-08-30,PET.WDISTUS1.W,129670
1991-08-30,PET.WGTSTUS1.W,211068
1991-08-30,PET.WRPUPUS2.W,16731
1991-09-06,PET.WCRSTUS1.W,894389
1991-09-06,PET.WDISTUS1.W,132645
1991-09-06,PET.WGTSTUS1.W,214680
1991-09-06,PET.WRPUPUS2.W,16855
1991-09-13,PET.WCRSTUS1.W,887822
1991-09-13,PET.WDISTUS1.W,135574
1991-09-13,PET.WGTSTUS1.W,215242
1991-09-13,PET.WRPUPUS2.W,16360
1991-09-20,PET.WCRSTUS1.W,887953
1991-09-20,PET.WDISTUS1.W,139631
1991-09-20,PET.WGTSTUS1.W,214984
1991-09-20,PET.WRPUPUS2.W,17053
1991-09-27,PET.WCRSTUS1.W,892660
1991-09-27,PET.WDISTUS1.W,140645
1991-09-27,PET.WGTSTUS1.W,215217
1991-09-27,PET.WRPUPUS2.W,16984
1991-10-04,PET.WCRSTUS1.W,891572
1991-10-04,PET.WDISTUS1.W,138759
1991-10-04,PET.WGTSTUS1.W,217173
1991-10-04,PET.WRPUPUS2.W,17537
1991-10-11,PET.WCRSTUS1.W,894905
1991-10-11,PET.WDISTUS1.W,139319
1991-10-11,PET.WGTSTUS1.W,213971
1991-10-11,PET.WRPUPUS2.W,17042
1991-10-18,PET.WCRSTUS1.W,892445
1991-10-18,PET.WDISTUS1.W,137650
1991-10-18,PET.WGTSTUS1.W,209834
1991-10-18,PET.WRPUPUS2.W,17570
1991-10-25,PET.WCRSTUS1.W,901266
1991-10-25,PET.WDISTUS1.W,137730
1991-10-25,PET.WGTSTUS1.W,205774
1991-10-25,PET.WRPUPUS2.W,17092
1991-11-01,PET.WCRSTUS1.W,895148
1991-11-01,PET.WDISTUS1.W,139775
1991-11-01,PET.WGTSTUS1.W,204354
1991-11-01,PET.WRPUPUS2.W,16254
1991-11-08,PET.WCRSTUS1.W,898963
1991-11-08,PET.WDISTUS1.W,137673
1991-11-08,PET.WGTSTUS1.W,199744
1991-11-08,PET.WRPUPUS2.W,17193
1991-11-15,PET.WCRSTUS1.W,904101
1991-11-15,PET.WDISTUS1.W,138604
1991-11-15,PET.WGTSTUS1.W,198464
1991-11-15,PET.WRPUPUS2.W,17035
1991-11-22,PET.WCRSTUS1.W,898093
1991-11-22,PET.WDISTUS1.W,140153
1991-11-22,PET.WGTSTUS1.W,203568
1991-11-22,PET.WRPUPUS2.W,15978
1991-11-29,PET.WCRSTUS1.W,892636
1991-11-29,PET.WDISTUS1.W,142650
1991-11-29,PET.WGTSTUS1.W,207008
1991-11-29,PET.WRPUPUS2.W,15683
1991-12-06,PET.WCRSTUS1.W,897629
1991-12-06,PET.WDISTUS1.W,143692
1991-12-06,PET.WGTSTUS1.W,212278
1991-12-06,PET.WRPUPUS2.W,16258
1991-12-13,PET.WCRSTUS1.W,891591
1991-12-13,PET.WDISTUS1.W,144896
1991-12-13,PET.WGTSTUS1.W,215414
1991-12-13,PET.WRPUPUS2.W,16536
1991-12-20,PET.WCRSTUS1.W,887439
1991-12-20,PET.WDISTUS1.W,142480
1991-12-20,PET.WGTSTUS1.W,216625
1991-12-20,PET.WRPUPUS2.W,18161
1991-12-27,PET.WCRSTUS1.W,877359
1991-12-27,PET.WDISTUS1.W,144710
1991-12-27,PET.WGTSTUS1.W,217337
1991-12-27,PET.WRPUPUS2.W,17129
1992-01-03,PET.WCRSTUS1.W,883325
1992-01-03,PET.WDISTUS1.W,145185
1992-01-03,PET.WGTSTUS1.W,222483
1992-01-03,PET.WRPUPUS2.W,16707
1992-01-10,PET.WCRSTUS1.W,886822
1992-01-10,PET.WDISTUS1.W,142876
1992-01-10,PET.WGTSTUS1.W,225305
1992-01-10,PET.WRPUPUS2.W,16923
1992-01-17,PET.WCRSTUS1.W,885646
1992-01-17,PET.WDISTUS1.W,137967
1992-01-17,PET.WGTSTUS1.W,228580
1992-01-17,PET.WRPUPUS2.W,16600
1992-01-24,PET.WCRSTUS1.W,891317
1992-01-24,PET.WDISTUS1.W,132738
1992-01-24,PET.WGTSTUS1.W,228073
1992-01-24,PET.WRPUPUS2.W,17852
1992-01-31,PET.WCRSTUS1.W,886901
1992-01-31,PET.WDISTUS1.W,127538
1992-01-31,PET.WGTSTUS1.W,227909
1992-01-31,PET.WRPUPUS2.W,17319
1992-02-07,PET.WCRSTUS1.W,886715
1992-02-07,PET.WDISTUS1.W,122891
1992-02-07,PET.WGTSTUS1.W,227243
1992-02-07,PET.WRPUPUS2.W,17190
1992-02-14,PET.WCRSTUS1.W,884910
1992-02-14,PET.WDISTUS1.W,115610
1992-02-14,PET.WGTSTUS1.W,230868
1992-02-14,PET.WRPUPUS2.W,16630
1992-02-21,PET.WCRSTUS1.W,888085
1992-02-21,PET.WDISTUS1.W,112456
1992-02-21,PET.WGTSTUS1.W,230336
1992-02-21,PET.WRPUPUS2.W,16389
1992-02-28,PET.WCRSTUS1.W,895106
1992-02-28,PET.WDISTUS1.W,109417
1992-02-28,PET.WGTSTUS1.W,231955
1992-02-28,PET.WRPUPUS2.W,15099
1992-03-06,PET.WCRSTUS1.W,901404
1992-03-06,PET.WDISTUS1.W,104078
1992-03-06,PET.WGTSTUS1.W,227662
1992-03-06,PET.WRPUPUS2.W,16763
1992-03-13,PET.WCRSTUS1.W,895959
1992-03-13,PET.WDISTUS1.W,104819
1992-03-13,PET.WGTSTUS1.W,227891
1992-03-13,PET.WRPUPUS2.W,16004
1992-03-20,PET.WCRSTUS1.W,899490
1992-03-20,PET.WDISTUS1.W,100852
1992-03-20,PET.WGTSTUS1.W,224373
1992-03-20,PET.WRPUPUS2.W,16415
1992-03-27,PET.WCRSTUS1.W,893970
1992-03-27,PET.WDISTUS1.W,98451
1992-03-27,PET.WGTSTUS1.W,222766
1992-03-27,PET.WRPUPUS2.W,17621
1992-04-03,PET.WCRSTUS1.W,890369
1992-04-03,PET.WDISTUS1.W,94498
1992-04-03,PET.WGTSTUS1.W,222186
1992-04-03,PET.WRPUPUS2.W,16782
1992-04-10,PET.WCRSTUS1.W,898825
1992-04-10,PET.WDISTUS1.W,91386
1992-04-10,PET.WGTSTUS1.W,217422
1992-04-10,PET.WRPUPUS2.W,17783
1992-04-17,PET.WCRSTUS1.W,901631
1992-04-17,PET.WDISTUS1.W,91902
1992-04-17,PET.WGTSTUS1.W,221157
1992-04-17,PET.WRPUPUS2.W,16008
1992-04-24,PET.WCRSTUS1.W,902433
1992-04-24,PET.WDISTUS1.W,92789
1992-04-24,PET.WGTSTUS1.W,221128
1992-04-24,PET.WRPUPUS2.W,17152
1992-05-01,PET.WCRSTUS1.W,903887
1992-05-01,PET.WDISTUS1.W,91954
1992-05-01,PET.WGTSTUS1.W,218510
1992-05-01,PET.WRPUPUS2.W,17639
1992-05-08,PET.WCRSTUS1.W,903227
1992-05-08,PET.WDISTUS1.W,89512
1992-05-08,PET.WGTSTUS1.W,218142
1992-05-08,PET.WRPUPUS2.W,16020
1992-05-15,PET.WCRSTUS1.W,904522
1992-05-15,PET.WDISTUS1.W,89423
1992-05-15,PET.WGTSTUS1.W,219307
1992-05-15,PET.WRPUPUS2.W,16476
1992-05-22,PET.WCRSTUS1.W,899933
1992-05-22,PET.WDISTUS1.W,90180
1992-05-22,PET.WGTSTUS1.W,220760
1992-05-22,PET.WRPUPUS2.W,16030
1992-05-29,PET.WCRSTUS1.W,897287
1992-05-29,PET.WDISTUS1.W,95444
1992-05-29,PET.WGTSTUS1.W,217988
1992-05-29,PET.WRPUPUS2.W,15455
1992-06-05,PET.WCRSTUS1.W,898109
1992-06-05,PET.WDISTUS1.W,95003
1992-06-05,PET.WGTSTUS1.W,221738
1992-06-05,PET.WRPUPUS2.W,17005
1992-06-12,PET.WCRSTUS1.W,898908
1992-06-12,PET.WDISTUS1.W,97795
1992-06-12,PET.WGTSTUS1.W,225535
1992-06-12,PET.WRPUPUS2.W,15377
1992-06-19,PET.WCRSTUS1.W,892607
1992-06-19,PET.WDISTUS1.W,98645
1992-06-19,PET.WGTSTUS1.W,227811
1992-06-19,PET.WRPUPUS2.W,17251
1992-06-26,PET.WCRSTUS1.W,882710
1992-06-26,PET.WDISTUS1.W,104397
1992-06-26,PET.WGTSTUS1.W,228449
1992-06-26,PET.WRPUPUS2.W,14912
1992-07-03,PET.WCRSTUS1.W,881717
1992-07-03,PET.WDISTUS1.W,106237
1992-07-03,PET.WGTSTUS1.W,227444
1992-07-03,PET.WRPUPUS2.W,17100
1992-07-10,PET.WCRSTUS1.W,884380
1992-07-10,PET.WDISTUS1.W,109622
1992-07-10,PET.WGTSTUS1.W,226355
1992-07-10,PET.WRPUPUS2.W,17503
1992-07-17,PET.WCRSTUS1.W,878013
1992-07-17,PET.WDISTUS1.W,110287
1992-07-17,PET.WGTSTUS1.W,225184
1992-07-17,PET.WRPUPUS2.W,17614
1992-07-24,PET.WCRSTUS1.W,877987
1992-07-24,PET.WDISTUS1.W,114479
1992-07-24,PET.WGTSTUS1.W,222592
1992-07-24,PET.WRPUPUS2.W,16546
1992-07-31,PET.WCRSTUS1.W,883778
1992-07-31,PET.WDISTUS1.W,116511
1992-07-31,PET.WGTSTUS1.W,221461
1992-07-31,PET.WRPUPUS2.W,17100
1992-08-07,PET.WCRSTUS1.W,882007
1992-08-07,PET.WDISTUS1.W,120250
1992-08-07,PET.WGTSTUS1.W,217173
1992-08-07,PET.WRPUPUS2.W,17319
1992-08-14,PET.WCRSTUS1.W,881014
1992-08-14,PET.WDISTUS1.W,123014
1992-08-14,PET.WGTSTUS1.W,213430
1992-08-14,PET.WRPUPUS2.W,17517
1992-08-21,PET.WCRSTUS1.W,885873
1992-08-21,PET.WDISTUS1.W,125210
1992-08-21,PET.WGTSTUS1.W,210106
1992-08-21,PET.WRPUPUS2.W,17100
1992-08-28,PET.WCRSTUS1.W,878737
1992-08-28,PET.WDISTUS1.W,126477
1992-08-28,PET.WGTSTUS1.W,206548
1992-08-28,PET.WRPUPUS2.W,17636
1992-09-04,PET.WCRSTUS1.W,880886
1992-09-04,PET.WDISTUS1.W,125169
1992-09-04,PET.WGTSTUS1.W,202427
1992-09-04,PET.WRPUPUS2.W,16829
1992-09-11,PET.WCRSTUS1.W,880433
1992-09-11,PET.WDISTUS1.W,131943
1992-09-11,PET.WGTSTUS1.W,204731
1992-09-11,PET.WRPUPUS2.W,16525
1992-09-18,PET.WCRSTUS1.W,881269
1992-09-18,PET.WDISTUS1.W,132124
1992-09-18,PET.WGTSTUS1.W,206719
1992-09-18,PET.WRPUPUS2.W,16432
1992-09-25,PET.WCRSTUS1.W,876535
1992-09-25,PET.WDISTUS1.W,133111
1992-09-25,PET.WGTSTUS1.W,207727
1992-09-25,PET.WRPUPUS2.W,16251
1992-10-02,PET.WCRSTUS1.W,880511
1992-10-02,PET.WDISTUS1.W,131957
1992-10-02,PET.WGTSTUS1.W,209718
1992-10-02,PET.WRPUPUS2.W,17830
1992-10-09,PET.WCRSTUS1.W,879730
1992-10-09,PET.WDISTUS1.W,131990
1992-10-09,PET.WGTSTUS1.W,207854
1992-10-09,PET.WRPUPUS2.W,17231
1992-10-16,PET.WCRSTUS1.W,883838
1992-10-16,PET.WDISTUS1.W,131208
1992-10-16,PET.WGTSTUS1.W,208652
1992-10-16,PET.WRPUPUS2.W,17201
1992-10-23,PET.WCRSTUS1.W,884863
1992-10-23,PET.WDISTUS1.W,134151
1992-10-23,PET.WGTSTUS1.W,208033
1992-10-23,PET.WRPUPUS2.W,15859
1992-10-30,PET.WCRSTUS1.W,888470
1992-10-30,PET.WDISTUS1.W,136144
1992-10-30,PET.WGTSTUS1.W,204650
1992-10-30,PET.WRPUPUS2.W,17781
1992-11-06,PET.WCRSTUS1.W,882153
1992-11-06,PET.WDISTUS1.W,137682
1992-11-06,PET.WGTSTUS1.W,209557
1992-11-06,PET.WRPUPUS2.W,16319
1992-11-13,PET.WCRSTUS1.W,875112
1992-11-13,PET.WDISTUS1.W,141058
1992-11-13,PET.WGTSTUS1.W,209701
1992-11-13,PET.WRPUPUS2.W,16581
1992-11-20,PET.WCRSTUS1.W,880930
1992-11-20,PET.WDISTUS1.W,138620
1992-11-20,PET.WGTSTUS1.W,210574
1992-11-20,PET.WRPUPUS2.W,17392
1992-11-27,PET.WCRSTUS1.W,882477
1992-11-27,PET.WDISTUS1.W,140003
1992-11-27,PET.WGTSTUS1.W,212692
1992-11-27,PET.WRPUPUS2.W,16876
1992-12-04,PET.WCRSTUS1.W,881426
1992-12-04,PET.WDISTUS1.W,144763
1992-12-04,PET.WGTSTUS1.W,212367
1992-12-04,PET.WRPUPUS2.W,17118
1992-12-11,PET.WCRSTUS1.W,887200
1992-12-11,PET.WDISTUS1.W,141632
1992-12-11,PET.WGTSTUS1.W,213282
1992-12-11,PET.WRPUPUS2.W,17526
1992-12-18,PET.WCRSTUS1.W,887235
1992-12-18,PET.WDISTUS1.W,137699
1992-12-18,PET.WGTSTUS1.W,213169
1992-12-18,PET.WRPUPUS2.W,18197
1992-12-25,PET.WCRSTUS1.W,875615
1992-12-25,PET.WDISTUS1.W,138918
1992-12-25,PET.WGTSTUS1.W,212969
1992-12-25,PET.WRPUPUS2.W,18613
1993-01-01,PET.WCRSTUS1.W,876611
1993-01-01,PET.WDISTUS1.W,141903
1993-01-01,PET.WGTSTUS1.W,216561
1993-01-01,PET.WRPUPUS2.W,17810
1993-01-08,PET.WCRSTUS1.W,874064
1993-01-08,PET.WDISTUS1.W,143645
1993-01-08,PET.WGTSTUS1.W,221306
1993-01-08,PET.WRPUPUS2.W,15904
1993-01-15,PET.WCRSTUS1.W,882249
1993-01-15,PET.WDISTUS1.W,141743
1993-01-15,PET.WGTSTUS1.W,226954
1993-01-15,PET.WRPUPUS2.W,16119
1993-01-22,PET.WCRSTUS1.W,881251
1993-01-22,PET.WDISTUS1.W,137630
1993-01-22,PET.WGTSTUS1.W,229754
1993-01-22,PET.WRPUPUS2.W,17424
1993-01-29,PET.WCRSTUS1.W,883355
1993-01-29,PET.WDISTUS1.W,131446
1993-01-29,PET.WGTSTUS1.W,236128
1993-01-29,PET.WRPUPUS2.W,17607
1993-02-05,PET.WCRSTUS1.W,887030
1993-02-05,PET.WDISTUS1.W,124373
1993-02-05,PET.WGTSTUS1.W,234121
1993-02-05,PET.WRPUPUS2.W,18017
1993-02-12,PET.WCRSTUS1.W,893719
1993-02-12,PET.WDISTUS1.W,120707
1993-02-12,PET.WGTSTUS1.W,236870
1993-02-12,PET.WRPUPUS2.W,16811
1993-02-19,PET.WCRSTUS1.W,883668
1993-02-19,PET.WDISTUS1.W,117065
1993-02-19,PET.WGTSTUS1.W,239134
1993-02-19,PET.WRPUPUS2.W,17697
1993-02-26,PET.WCRSTUS1.W,891690
1993-02-26,PET.WDISTUS1.W,111818
1993-02-26,PET.WGTSTUS1.W,239086
1993-02-26,PET.WRPUPUS2.W,17704
1993-03-05,PET.WCRSTUS1.W,897703
1993-03-05,PET.WDISTUS1.W,104081
1993-03-05,PET.WGTSTUS1.W,237243
1993-03-05,PET.WRPUPUS2.W,17866
1993-03-12,PET.WCRSTUS1.W,903521
1993-03-12,PET.WDISTUS1.W,102238
1993-03-12,PET.WGTSTUS1.W,236477
1993-03-12,PET.WRPUPUS2.W,16253
1993-03-19,PET.WCRSTUS1.W,891156
1993-03-19,PET.WDISTUS1.W,99817
1993-03-19,PET.WGTSTUS1.W,232213
1993-03-19,PET.WRPUPUS2.W,17894
1993-03-26,PET.WCRSTUS1.W,899598
1993-03-26,PET.WDISTUS1.W,96510
1993-03-26,PET.WGTSTUS1.W,229323
1993-03-26,PET.WRPUPUS2.W,17571
1993-04-02,PET.WCRSTUS1.W,900495
1993-04-02,PET.WDISTUS1.W,97317
1993-04-02,PET.WGTSTUS1.W,228289
1993-04-02,PET.WRPUPUS2.W,16100
1993-04-09,PET.WCRSTUS1.W,913006
1993-04-09,PET.WDISTUS1.W,98606
1993-04-09,PET.WGTSTUS1.W,227603
1993-04-09,PET.WRPUPUS2.W,16753
1993-04-16,PET.WCRSTUS1.W,903746
1993-04-16,PET.WDISTUS1.W,97070
1993-04-16,PET.WGTSTUS1.W,225814
1993-04-16,PET.WRPUPUS2.W,17201
1993-04-23,PET.WCRSTUS1.W,906088
1993-04-23,PET.WDISTUS1.W,100234
1993-04-23,PET.WGTSTUS1.W,224438
1993-04-23,PET.WRPUPUS2.W,17500
1993-04-30,PET.WCRSTUS1.W,910430
1993-04-30,PET.WDISTUS1.W,98888
1993-04-30,PET.WGTSTUS1.W,221834
1993-04-30,PET.WRPUPUS2.W,17920
1993-05-07,PET.WCRSTUS1.W,911324
1993-05-07,PET.WDISTUS1.W,101227
1993-05-07,PET.WGTSTUS1.W,221330
1993-05-07,PET.WRPUPUS2.W,16545
1993-05-14,PET.WCRSTUS1.W,916789
1993-05-14,PET.WDISTUS1.W,99764
1993-05-14,PET.WGTSTUS1.W,218162
1993-05-14,PET.WRPUPUS2.W,17054
1993-05-21,PET.WCRSTUS1.W,920155
1993-05-21,PET.WDISTUS1.W,100658
1993-05-21,PET.WGTSTUS1.W,218431
1993-05-21,PET.WRPUPUS2.W,16418
1993-05-28,PET.WCRSTUS1.W,916420
1993-05-28,PET.WDISTUS1.W,102480
1993-05-28,PET.WGTSTUS1.W,229887
1993-05-28,PET.WRPUPUS2.W,17417
1993-06-04,PET.WCRSTUS1.W,914807
1993-06-04,PET.WDISTUS1.W,101178
1993-06-04,PET.WGTSTUS1.W,226781
1993-06-04,PET.WRPUPUS2.W,16676
1993-06-11,PET.WCRSTUS1.W,906891
1993-06-11,PET.WDISTUS1.W,104105
1993-06-11,PET.WGTSTUS1.W,224637
1993-06-11,PET.WRPUPUS2.W,16674
1993-06-18,PET.WCRSTUS1.W,916450
1993-06-18,PET.WDISTUS1.W,106827
1993-06-18,PET.WGTSTUS1.W,224796
1993-06-18,PET.WRPUPUS2.W,17393
1993-06-25,PET.WCRSTUS1.W,922740
1993-06-25,PET.WDISTUS1.W,106993
1993-06-25,PET.WGTSTUS1.W,222719
1993-06-25,PET.WRPUPUS2.W,16699
1993-07-02,PET.WCRSTUS1.W,914521
1993-07-02,PET.WDISTUS1.W,110497
1993-07-02,PET.WGTSTUS1.W,220348
1993-07-02,PET.WRPUPUS2.W,17931
1993-07-09,PET.WCRSTUS1.W,918171
1993-07-09,PET.WDISTUS1.W,116090
1993-07-09,PET.WGTSTUS1.W,220802
1993-07-09,PET.WRPUPUS2.W,16716
1993-07-16,PET.WCRSTUS1.W,926522
1993-07-16,PET.WDISTUS1.W,118568
1993-07-16,PET.WGTSTUS1.W,216794
1993-07-16,PET.WRPUPUS2.W,17689
1993-07-23,PET.WCRSTUS1.W,920995
1993-07-23,PET.WDISTUS1.W,120335
1993-07-23,PET.WGTSTUS1.W,214341
1993-07-23,PET.WRPUPUS2.W,17771
1993-07-30,PET.WCRSTUS1.W,916578
1993-07-30,PET.WDISTUS1.W,121335
1993-07-30,PET.WGTSTUS1.W,214965
1993-07-30,PET.WRPUPUS2.W,16717
1993-08-06,PET.WCRSTUS1.W,917991
1993-08-06,PET.WDISTUS1.W,121806
1993-08-06,PET.WGTSTUS1.W,209070
1993-08-06,PET.WRPUPUS2.W,18595
1993-08-13,PET.WCRSTUS1.W,913740
1993-08-13,PET.WDISTUS1.W,122918
1993-08-13,PET.WGTSTUS1.W,207716
1993-08-13,PET.WRPUPUS2.W,17752
1993-08-20,PET.WCRSTUS1.W,909179
1993-08-20,PET.WDISTUS1.W,125490
1993-08-20,PET.WGTSTUS1.W,202045
1993-08-20,PET.WRPUPUS2.W,18190
1993-08-27,PET.WCRSTUS1.W,910619
1993-08-27,PET.WDISTUS1.W,124544
1993-08-27,PET.WGTSTUS1.W,201221
1993-08-27,PET.WRPUPUS2.W,17330
1993-09-03,PET.WCRSTUS1.W,904586
1993-09-03,PET.WDISTUS1.W,127238
1993-09-03,PET.WGTSTUS1.W,202354
1993-09-03,PET.WRPUPUS2.W,16367
1993-09-10,PET.WCRSTUS1.W,905908
1993-09-10,PET.WDISTUS1.W,130732
1993-09-10,PET.WGTSTUS1.W,201269
1993-09-10,PET.WRPUPUS2.W,17653
1993-09-17,PET.WCRSTUS1.W,906793
1993-09-17,PET.WDISTUS1.W,131296
1993-09-17,PET.WGTSTUS1.W,204378
1993-09-17,PET.WRPUPUS2.W,17292
1993-09-24,PET.WCRSTUS1.W,897592
1993-09-24,PET.WDISTUS1.W,131457
1993-09-24,PET.WGTSTUS1.W,208036
1993-09-24,PET.WRPUPUS2.W,17282
1993-10-01,PET.WCRSTUS1.W,895578
1993-10-01,PET.WDISTUS1.W,131065
1993-10-01,PET.WGTSTUS1.W,208245
1993-10-01,PET.WRPUPUS2.W,17326
1993-10-08,PET.WCRSTUS1.W,899907
1993-10-08,PET.WDISTUS1.W,132914
1993-10-08,PET.WGTSTUS1.W,209116
1993-10-08,PET.WRPUPUS2.W,17069
1993-10-15,PET.WCRSTUS1.W,895285
1993-10-15,PET.WDISTUS1.W,133430
1993-10-15,PET.WGTSTUS1.W,208432
1993-10-15,PET.WRPUPUS2.W,18316
1993-10-22,PET.WCRSTUS1.W,902793
1993-10-22,PET.WDISTUS1.W,134378
1993-10-22,PET.WGTSTUS1.W,207949
1993-10-22,PET.WRPUPUS2.W,17343
1993-10-29,PET.WCRSTUS1.W,904663
1993-10-29,PET.WDISTUS1.W,139109
1993-10-29,PET.WGTSTUS1.W,209067
1993-10-29,PET.WRPUPUS2.W,17207
1993-11-05,PET.WCRSTUS1.W,901318
1993-11-05,PET.WDISTUS1.W,137564
1993-11-05,PET.WGTSTUS1.W,208140
1993-11-05,PET.WRPUPUS2.W,17859
1993-11-12,PET.WCRSTUS1.W,906498
1993-11-12,PET.WDISTUS1.W,138384
1993-11-12,PET.WGTSTUS1.W,210759
1993-11-12,PET.WRPUPUS2.W,17134
1993-11-19,PET.WCRSTUS1.W,901306
1993-11-19,PET.WDISTUS1.W,138781
1993-11-19,PET.WGTSTUS1.W,213301
1993-11-19,PET.WRPUPUS2.W,18031
1993-11-26,PET.WCRSTUS1.W,902758
1993-11-26,PET.WDISTUS1.W,141767
1993-11-26,PET.WGTSTUS1.W,217591
1993-11-26,PET.WRPUPUS2.W,16341
1993-12-03,PET.WCRSTUS1.W,908302
1993-12-03,PET.WDISTUS1.W,146209
1993-12-03,PET.WGTSTUS1.W,222584
1993-12-03,PET.WRPUPUS2.W,16879
1993-12-10,PET.WCRSTUS1.W,914631
1993-12-10,PET.WDISTUS1.W,144663
1993-12-10,PET.WGTSTUS1.W,222110
1993-12-10,PET.WRPUPUS2.W,18435
1993-12-17,PET.WCRSTUS1.W,917131
1993-12-17,PET.WDISTUS1.W,140788
1993-12-17,PET.WGTSTUS1.W,223106
1993-12-17,PET.WRPUPUS2.W,18538
1993-12-24,PET.WCRSTUS1.W,916963
1993-12-24,PET.WDISTUS1.W,142473
1993-12-24,PET.WGTSTUS1.W,224655
1993-12-24,PET.WRPUPUS2.W,16958
1993-12-31,PET.WCRSTUS1.W,910560
1993-12-31,PET.WDISTUS1.W,144694
1993-12-31,PET.WGTSTUS1.W,225013
1993-12-31,PET.WRPUPUS2.W,17178
1994-01-07,PET.WCRSTUS1.W,903673
1994-01-07,PET.WDISTUS1.W,140003
1994-01-07,PET.WGTSTUS1.W,228804
1994-01-07,PET.WRPUPUS2.W,17837
1994-01-14,PET.WCRSTUS1.W,903479
1994-01-14,PET.WDISTUS1.W,134605
1994-01-14,PET.WGTSTUS1.W,230806
1994-01-14,PET.WRPUPUS2.W,17878
1994-01-21,PET.WCRSTUS1.W,898067
1994-01-21,PET.WDISTUS1.W,125677
1994-01-21,PET.WGTSTUS1.W,230603
1994-01-21,PET.WRPUPUS2.W,18020
1994-01-28,PET.WCRSTUS1.W,901175
1994-01-28,PET.WDISTUS1.W,116709
1994-01-28,PET.WGTSTUS1.W,234542
1994-01-28,PET.WRPUPUS2.W,19126
1994-02-04,PET.WCRSTUS1.W,905029
1994-02-04,PET.WDISTUS1.W,108250
1994-02-04,PET.WGTSTUS1.W,233869
1994-02-04,PET.WRPUPUS2.W,17827
1994-02-11,PET.WCRSTUS1.W,900674
1994-02-11,PET.WDISTUS1.W,104666
1994-02-11,PET.WGTSTUS1.W,230508
1994-02-11,PET.WRPUPUS2.W,18288
1994-02-18,PET.WCRSTUS1.W,903702
1994-02-18,PET.WDISTUS1.W,102495
1994-02-18,PET.WGTSTUS1.W,229691
1994-02-18,PET.WRPUPUS2.W,18229
1994-02-25,PET.WCRSTUS1.W,896520
1994-02-25,PET.WDISTUS1.W,101361
1994-02-25,PET.WGTSTUS1.W,229471
1994-02-25,PET.WRPUPUS2.W,17104
1994-03-04,PET.WCRSTUS1.W,904138
1994-03-04,PET.WDISTUS1.W,99097
1994-03-04,PET.WGTSTUS1.W,226080
1994-03-04,PET.WRPUPUS2.W,17384
1994-03-11,PET.WCRSTUS1.W,899062
1994-03-11,PET.WDISTUS1.W,99466
1994-03-11,PET.WGTSTUS1.W,224966
1994-03-11,PET.WRPUPUS2.W,16848
1994-03-18,PET.WCRSTUS1.W,912941
1994-03-18,PET.WDISTUS1.W,98771
1994-03-18,PET.WGTSTUS1.W,221918
1994-03-18,PET.WRPUPUS2.W,17245
1994-03-25,PET.WCRSTUS1.W,907810
1994-03-25,PET.WDISTUS1.W,97215
1994-03-25,PET.WGTSTUS1.W,216977
1994-03-25,PET.WRPUPUS2.W,16880
1994-04-01,PET.WCRSTUS1.W,907886
1994-04-01,PET.WDISTUS1.W,99172
1994-04-01,PET.WGTSTUS1.W,213868
1994-04-01,PET.WRPUPUS2.W,19815
1994-04-08,PET.WCRSTUS1.W,909488
1994-04-08,PET.WDISTUS1.W,97442
1994-04-08,PET.WGTSTUS1.W,211837
1994-04-08,PET.WRPUPUS2.W,17495
1994-04-15,PET.WCRSTUS1.W,912342
1994-04-15,PET.WDISTUS1.W,99302
1994-04-15,PET.WGTSTUS1.W,210367
1994-04-15,PET.WRPUPUS2.W,16689
1994-04-22,PET.WCRSTUS1.W,912420
1994-04-22,PET.WDISTUS1.W,97913
1994-04-22,PET.WGTSTUS1.W,215827
1994-04-22,PET.WRPUPUS2.W,17145
1994-04-29,PET.WCRSTUS1.W,913330
1994-04-29,PET.WDISTUS1.W,101258
1994-04-29,PET.WGTSTUS1.W,215173
1994-04-29,PET.WRPUPUS2.W,17937
1994-05-06,PET.WCRSTUS1.W,907637
1994-05-06,PET.WDISTUS1.W,102692
1994-05-06,PET.WGTSTUS1.W,220806
1994-05-06,PET.WRPUPUS2.W,16811
1994-05-13,PET.WCRSTUS1.W,906693
1994-05-13,PET.WDISTUS1.W,106128
1994-05-13,PET.WGTSTUS1.W,221215
1994-05-13,PET.WRPUPUS2.W,16683
1994-05-20,PET.WCRSTUS1.W,908347
1994-05-20,PET.WDISTUS1.W,104418
1994-05-20,PET.WGTSTUS1.W,217833
1994-05-20,PET.WRPUPUS2.W,18131
1994-05-27,PET.WCRSTUS1.W,907253
1994-05-27,PET.WDISTUS1.W,107136
1994-05-27,PET.WGTSTUS1.W,214405
1994-05-27,PET.WRPUPUS2.W,18426
1994-06-03,PET.WCRSTUS1.W,902769
1994-06-03,PET.WDISTUS1.W,111284
1994-06-03,PET.WGTSTUS1.W,216725
1994-06-03,PET.WRPUPUS2.W,15824
1994-06-10,PET.WCRSTUS1.W,899965
1994-06-10,PET.WDISTUS1.W,113247
1994-06-10,PET.WGTSTUS1.W,216815
1994-06-10,PET.WRPUPUS2.W,18080
1994-06-17,PET.WCRSTUS1.W,898398
1994-06-17,PET.WDISTUS1.W,116909
1994-06-17,PET.WGTSTUS1.W,215440
1994-06-17,PET.WRPUPUS2.W,17153
1994-06-24,PET.WCRSTUS1.W,901877
1994-06-24,PET.WDISTUS1.W,117228
1994-06-24,PET.WGTSTUS1.W,214928
1994-06-24,PET.WRPUPUS2.W,18109
1994-07-01,PET.WCRSTUS1.W,902820
1994-07-01,PET.WDISTUS1.W,120076
1994-07-01,PET.WGTSTUS1.W,213577
1994-07-01,PET.WRPUPUS2.W,16950
1994-07-08,PET.WCRSTUS1.W,903485
1994-07-08,PET.WDISTUS1.W,125133
1994-07-08,PET.WGTSTUS1.W,213607
1994-07-08,PET.WRPUPUS2.W,17221
1994-07-15,PET.WCRSTUS1.W,906667
1994-07-15,PET.WDISTUS1.W,127666
1994-07-15,PET.WGTSTUS1.W,210786
1994-07-15,PET.WRPUPUS2.W,17142
1994-07-22,PET.WCRSTUS1.W,909925
1994-07-22,PET.WDISTUS1.W,129199
1994-07-22,PET.WGTSTUS1.W,210340
1994-07-22,PET.WRPUPUS2.W,18143
1994-07-29,PET.WCRSTUS1.W,904073
1994-07-29,PET.WDISTUS1.W,132315
1994-07-29,PET.WGTSTUS1.W,208515
1994-07-29,PET.WRPUPUS2.W,16795
1994-08-05,PET.WCRSTUS1.W,901556
1994-08-05,PET.WDISTUS1.W,132895
1994-08-05,PET.WGTSTUS1.W,208802
1994-08-05,PET.WRPUPUS2.W,17899
1994-08-12,PET.WCRSTUS1.W,904670
1994-08-12,PET.WDISTUS1.W,134435
1994-08-12,PET.WGTSTUS1.W,204759
1994-08-12,PET.WRPUPUS2.W,17994
1994-08-19,PET.WCRSTUS1.W,901834
1994-08-19,PET.WDISTUS1.W,137256
1994-08-19,PET.WGTSTUS1.W,204822
1994-08-19,PET.WRPUPUS2.W,18085
1994-08-26,PET.WCRSTUS1.W,899390
1994-08-26,PET.WDISTUS1.W,134858
1994-08-26,PET.WGTSTUS1.W,206501
1994-08-26,PET.WRPUPUS2.W,17052
1994-09-02,PET.WCRSTUS1.W,899205
1994-09-02,PET.WDISTUS1.W,138328
1994-09-02,PET.WGTSTUS1.W,203398
1994-09-02,PET.WRPUPUS2.W,18275
1994-09-09,PET.WCRSTUS1.W,898945
1994-09-09,PET.WDISTUS1.W,141767
1994-09-09,PET.WGTSTUS1.W,207682
1994-09-09,PET.WRPUPUS2.W,17047
1994-09-16,PET.WCRSTUS1.W,900400
1994-09-16,PET.WDISTUS1.W,145413
1994-09-16,PET.WGTSTUS1.W,207967
1994-09-16,PET.WRPUPUS2.W,17095
1994-09-23,PET.WCRSTUS1.W,906295
1994-09-23,PET.WDISTUS1.W,144496
1994-09-23,PET.WGTSTUS1.W,207262
1994-09-23,PET.WRPUPUS2.W,17853
1994-09-30,PET.WCRSTUS1.W,909566
1994-09-30,PET.WDISTUS1.W,144818
1994-09-30,PET.WGTSTUS1.W,208167
1994-09-30,PET.WRPUPUS2.W,17090
1994-10-07,PET.WCRSTUS1.W,908634
1994-10-07,PET.WDISTUS1.W,146951
1994-10-07,PET.WGTSTUS1.W,208597
1994-10-07,PET.WRPUPUS2.W,17014
1994-10-14,PET.WCRSTUS1.W,913075
1994-10-14,PET.WDISTUS1.W,145170
1994-10-14,PET.WGTSTUS1.W,206013
1994-10-14,PET.WRPUPUS2.W,18477
1994-10-21,PET.WCRSTUS1.W,911246
1994-10-21,PET.WDISTUS1.W,146331
1994-10-21,PET.WGTSTUS1.W,202644
1994-10-21,PET.WRPUPUS2.W,17315
1994-10-28,PET.WCRSTUS1.W,920581
1994-10-28,PET.WDISTUS1.W,143730
1994-10-28,PET.WGTSTUS1.W,197671
1994-10-28,PET.WRPUPUS2.W,17715
1994-11-04,PET.WCRSTUS1.W,919593
1994-11-04,PET.WDISTUS1.W,141964
1994-11-04,PET.WGTSTUS1.W,200812
1994-11-04,PET.WRPUPUS2.W,17423
1994-11-11,PET.WCRSTUS1.W,918863
1994-11-11,PET.WDISTUS1.W,141934
1994-11-11,PET.WGTSTUS1.W,202319
1994-11-11,PET.WRPUPUS2.W,17419
1994-11-18,PET.WCRSTUS1.W,915885
1994-11-18,PET.WDISTUS1.W,140020
1994-11-18,PET.WGTSTUS1.W,206074
1994-11-18,PET.WRPUPUS2.W,17680
1994-11-25,PET.WCRSTUS1.W,913413
1994-11-25,PET.WDISTUS1.W,143608
1994-11-25,PET.WGTSTUS1.W,208845
1994-11-25,PET.WRPUPUS2.W,17381
1994-12-02,PET.WCRSTUS1.W,913367
1994-12-02,PET.WDISTUS1.W,145010
1994-12-02,PET.WGTSTUS1.W,214685
1994-12-02,PET.WRPUPUS2.W,16226
1994-12-09,PET.WCRSTUS1.W,911878
1994-12-09,PET.WDISTUS1.W,141539
1994-12-09,PET.WGTSTUS1.W,212280
1994-12-09,PET.WRPUPUS2.W,19222
1994-12-16,PET.WCRSTUS1.W,911223
1994-12-16,PET.WDISTUS1.W,141222
1994-12-16,PET.WGTSTUS1.W,212555
1994-12-16,PET.WRPUPUS2.W,17096
1994-12-23,PET.WCRSTUS1.W,911909
1994-12-23,PET.WDISTUS1.W,139266
1994-12-23,PET.WGTSTUS1.W,210269
1994-12-23,PET.WRPUPUS2.W,19491
1994-12-30,PET.WCRSTUS1.W,904519
1994-12-30,PET.WDISTUS1.W,142265
1994-12-30,PET.WGTSTUS1.W,210379
1994-12-30,PET.WRPUPUS2.W,17859
1995-01-06,PET.WCRSTUS1.W,906233
1995-01-06,PET.WDISTUS1.W,142731
1995-01-06,PET.WGTSTUS1.W,213545
1995-01-06,PET.WRPUPUS2.W,17692
1995-01-13,PET.WCRSTUS1.W,904948
1995-01-13,PET.WDISTUS1.W,141844
1995-01-13,PET.WGTSTUS1.W,215577
1995-01-13,PET.WRPUPUS2.W,17340
1995-01-20,PET.WCRSTUS1.W,898534
1995-01-20,PET.WDISTUS1.W,141064
1995-01-20,PET.WGTSTUS1.W,217341
1995-01-20,PET.WRPUPUS2.W,17121
1995-01-27,PET.WCRSTUS1.W,898253
1995-01-27,PET.WDISTUS1.W,136626
1995-01-27,PET.WGTSTUS1.W,220092
1995-01-27,PET.WRPUPUS2.W,17105
1995-02-03,PET.WCRSTUS1.W,901480
1995-02-03,PET.WDISTUS1.W,134993
1995-02-03,PET.WGTSTUS1.W,222808
1995-02-03,PET.WRPUPUS2.W,16966
1995-02-10,PET.WCRSTUS1.W,895147
1995-02-10,PET.WDISTUS1.W,129519
1995-02-10,PET.WGTSTUS1.W,224086
1995-02-10,PET.WRPUPUS2.W,17766
1995-02-17,PET.WCRSTUS1.W,902510
1995-02-17,PET.WDISTUS1.W,123966
1995-02-17,PET.WGTSTUS1.W,225627
1995-02-17,PET.WRPUPUS2.W,18514
1995-02-24,PET.WCRSTUS1.W,896939
1995-02-24,PET.WDISTUS1.W,121206
1995-02-24,PET.WGTSTUS1.W,224867
1995-02-24,PET.WRPUPUS2.W,18222
1995-03-03,PET.WCRSTUS1.W,899905
1995-03-03,PET.WDISTUS1.W,119974
1995-03-03,PET.WGTSTUS1.W,226427
1995-03-03,PET.WRPUPUS2.W,16863
1995-03-10,PET.WCRSTUS1.W,900392
1995-03-10,PET.WDISTUS1.W,117126
1995-03-10,PET.WGTSTUS1.W,225052
1995-03-10,PET.WRPUPUS2.W,17861
1995-03-17,PET.WCRSTUS1.W,900931
1995-03-17,PET.WDISTUS1.W,117534
1995-03-17,PET.WGTSTUS1.W,221863
1995-03-17,PET.WRPUPUS2.W,17059
1995-03-24,PET.WCRSTUS1.W,904981
1995-03-24,PET.WDISTUS1.W,117708
1995-03-24,PET.WGTSTUS1.W,219388
1995-03-24,PET.WRPUPUS2.W,16781
1995-03-31,PET.WCRSTUS1.W,912742
1995-03-31,PET.WDISTUS1.W,119081
1995-03-31,PET.WGTSTUS1.W,212188
1995-03-31,PET.WRPUPUS2.W,17665
1995-04-07,PET.WCRSTUS1.W,909938
1995-04-07,PET.WDISTUS1.W,115073
1995-04-07,PET.WGTSTUS1.W,211126
1995-04-07,PET.WRPUPUS2.W,17563
1995-04-14,PET.WCRSTUS1.W,911122
1995-04-14,PET.WDISTUS1.W,111837
1995-04-14,PET.WGTSTUS1.W,209230
1995-04-14,PET.WRPUPUS2.W,17114
1995-04-21,PET.WCRSTUS1.W,914145
1995-04-21,PET.WDISTUS1.W,113601
1995-04-21,PET.WGTSTUS1.W,207445
1995-04-21,PET.WRPUPUS2.W,17499
1995-04-28,PET.WCRSTUS1.W,910037
1995-04-28,PET.WDISTUS1.W,114444
1995-04-28,PET.WGTSTUS1.W,208167
1995-04-28,PET.WRPUPUS2.W,17561
1995-05-05,PET.WCRSTUS1.W,908116
1995-05-05,PET.WDISTUS1.W,112323
1995-05-05,PET.WGTSTUS1.W,208961
1995-05-05,PET.WRPUPUS2.W,16665
1995-05-12,PET.WCRSTUS1.W,908938
1995-05-12,PET.WDISTUS1.W,113359
1995-05-12,PET.WGTSTUS1.W,209092
1995-05-12,PET.WRPUPUS2.W,16984
1995-05-19,PET.WCRSTUS1.W,904789
1995-05-19,PET.WDISTUS1.W,112511
1995-05-19,PET.WGTSTUS1.W,207135
1995-05-19,PET.WRPUPUS2.W,17673
1995-05-26,PET.WCRSTUS1.W,901770
1995-05-26,PET.WDISTUS1.W,114253
1995-05-26,PET.WGTSTUS1.W,209982
1995-05-26,PET.WRPUPUS2.W,16365
1995-06-02,PET.WCRSTUS1.W,899614
1995-06-02,PET.WDISTUS1.W,116107
1995-06-02,PET.WGTSTUS1.W,208602
1995-06-02,PET.WRPUPUS2.W,17521
1995-06-09,PET.WCRSTUS1.W,899059
1995-06-09,PET.WDISTUS1.W,115804
1995-06-09,PET.WGTSTUS1.W,207887
1995-06-09,PET.WRPUPUS2.W,17662
1995-06-16,PET.WCRSTUS1.W,898570
1995-06-16,PET.WDISTUS1.W,117323
1995-06-16,PET.WGTSTUS1.W,210280
1995-06-16,PET.WRPUPUS2.W,17922
1995-06-23,PET.WCRSTUS1.W,891103
1995-06-23,PET.WDISTUS1.W,116322
1995-06-23,PET.WGTSTUS1.W,208332
1995-06-23,PET.WRPUPUS2.W,18346
1995-06-30,PET.WCRSTUS1.W,894829
1995-06-30,PET.WDISTUS1.W,116458
1995-06-30,PET.WGTSTUS1.W,207619
1995-06-30,PET.WRPUPUS2.W,18202
1995-07-07,PET.WCRSTUS1.W,893654
1995-07-07,PET.WDISTUS1.W,119134
1995-07-07,PET.WGTSTUS1.W,207854
1995-07-07,PET.WRPUPUS2.W,16901
1995-07-14,PET.WCRSTUS1.W,893637
1995-07-14,PET.WDISTUS1.W,122603
1995-07-14,PET.WGTSTUS1.W,208280
1995-07-14,PET.WRPUPUS2.W,17547
1995-07-21,PET.WCRSTUS1.W,886757
1995-07-21,PET.WDISTUS1.W,121931
1995-07-21,PET.WGTSTUS1.W,207955
1995-07-21,PET.WRPUPUS2.W,17774
1995-07-28,PET.WCRSTUS1.W,889706
1995-07-28,PET.WDISTUS1.W,122628
1995-07-28,PET.WGTSTUS1.W,207406
1995-07-28,PET.WRPUPUS2.W,19506
1995-08-04,PET.WCRSTUS1.W,882865
1995-08-04,PET.WDISTUS1.W,124400
1995-08-04,PET.WGTSTUS1.W,204700
1995-08-04,PET.WRPUPUS2.W,17827
1995-08-11,PET.WCRSTUS1.W,885340
1995-08-11,PET.WDISTUS1.W,124739
1995-08-11,PET.WGTSTUS1.W,203559
1995-08-11,PET.WRPUPUS2.W,17384
1995-08-18,PET.WCRSTUS1.W,877950
1995-08-18,PET.WDISTUS1.W,124388
1995-08-18,PET.WGTSTUS1.W,199666
1995-08-18,PET.WRPUPUS2.W,18232
1995-08-25,PET.WCRSTUS1.W,880903
1995-08-25,PET.WDISTUS1.W,124377
1995-08-25,PET.WGTSTUS1.W,196058
1995-08-25,PET.WRPUPUS2.W,17961
1995-09-01,PET.WCRSTUS1.W,888324
1995-09-01,PET.WDISTUS1.W,127310
1995-09-01,PET.WGTSTUS1.W,197186
1995-09-01,PET.WRPUPUS2.W,17603
1995-09-08,PET.WCRSTUS1.W,883722
1995-09-08,PET.WDISTUS1.W,129905
1995-09-08,PET.WGTSTUS1.W,196620
1995-09-08,PET.WRPUPUS2.W,18087
1995-09-15,PET.WCRSTUS1.W,882818
1995-09-15,PET.WDISTUS1.W,133639
1995-09-15,PET.WGTSTUS1.W,194930
1995-09-15,PET.WRPUPUS2.W,17584
1995-09-22,PET.WCRSTUS1.W,882268
1995-09-22,PET.WDISTUS1.W,131694
1995-09-22,PET.WGTSTUS1.W,196796
1995-09-22,PET.WRPUPUS2.W,17547
1995-09-29,PET.WCRSTUS1.W,877213
1995-09-29,PET.WDISTUS1.W,132005
1995-09-29,PET.WGTSTUS1.W,202806
1995-09-29,PET.WRPUPUS2.W,16378
1995-10-06,PET.WCRSTUS1.W,872829
1995-10-06,PET.WDISTUS1.W,131434
1995-10-06,PET.WGTSTUS1.W,201137
1995-10-06,PET.WRPUPUS2.W,17951
1995-10-13,PET.WCRSTUS1.W,872804
1995-10-13,PET.WDISTUS1.W,133528
1995-10-13,PET.WGTSTUS1.W,198720
1995-10-13,PET.WRPUPUS2.W,17704
1995-10-20,PET.WCRSTUS1.W,874975
1995-10-20,PET.WDISTUS1.W,131632
1995-10-20,PET.WGTSTUS1.W,199377
1995-10-20,PET.WRPUPUS2.W,17962
1995-10-27,PET.WCRSTUS1.W,876499
1995-10-27,PET.WDISTUS1.W,128734
1995-10-27,PET.WGTSTUS1.W,197584
1995-10-27,PET.WRPUPUS2.W,18169
1995-11-03,PET.WCRSTUS1.W,879790
1995-11-03,PET.WDISTUS1.W,130050
1995-11-03,PET.WGTSTUS1.W,195596
1995-11-03,PET.WRPUPUS2.W,17461
1995-11-10,PET.WCRSTUS1.W,878159
1995-11-10,PET.WDISTUS1.W,131011
1995-11-10,PET.WGTSTUS1.W,190148
1995-11-10,PET.WRPUPUS2.W,18344
1995-11-17,PET.WCRSTUS1.W,887768
1995-11-17,PET.WDISTUS1.W,130504
1995-11-17,PET.WGTSTUS1.W,192278
1995-11-17,PET.WRPUPUS2.W,18258
1995-11-24,PET.WCRSTUS1.W,893847
1995-11-24,PET.WDISTUS1.W,133426
1995-11-24,PET.WGTSTUS1.W,193076
1995-11-24,PET.WRPUPUS2.W,17321
1995-12-01,PET.WCRSTUS1.W,890735
1995-12-01,PET.WDISTUS1.W,134885
1995-12-01,PET.WGTSTUS1.W,196904
1995-12-01,PET.WRPUPUS2.W,17841
1995-12-08,PET.WCRSTUS1.W,886475
1995-12-08,PET.WDISTUS1.W,133613
1995-12-08,PET.WGTSTUS1.W,196587
1995-12-08,PET.WRPUPUS2.W,18978
1995-12-15,PET.WCRSTUS1.W,892325
1995-12-15,PET.WDISTUS1.W,129379
1995-12-15,PET.WGTSTUS1.W,198690
1995-12-15,PET.WRPUPUS2.W,18355
1995-12-22,PET.WCRSTUS1.W,886465
1995-12-22,PET.WDISTUS1.W,126452
1995-12-22,PET.WGTSTUS1.W,197873
1995-12-22,PET.WRPUPUS2.W,19138
1995-12-29,PET.WCRSTUS1.W,876239
1995-12-29,PET.WDISTUS1.W,128268
1995-12-29,PET.WGTSTUS1.W,203744
1995-12-29,PET.WRPUPUS2.W,17302
1996-01-05,PET.WCRSTUS1.W,877271
1996-01-05,PET.WDISTUS1.W,130131
1996-01-05,PET.WGTSTUS1.W,203560
1996-01-05,PET.WRPUPUS2.W,18459
1996-01-12,PET.WCRSTUS1.W,880191
1996-01-12,PET.WDISTUS1.W,125364
1996-01-12,PET.WGTSTUS1.W,205546
1996-01-12,PET.WRPUPUS2.W,18285
1996-01-19,PET.WCRSTUS1.W,884469
1996-01-19,PET.WDISTUS1.W,121184
1996-01-19,PET.WGTSTUS1.W,210659
1996-01-19,PET.WRPUPUS2.W,17898
1996-01-26,PET.WCRSTUS1.W,882724
1996-01-26,PET.WDISTUS1.W,116922
1996-01-26,PET.WGTSTUS1.W,211887
1996-01-26,PET.WRPUPUS2.W,18294
1996-02-02,PET.WCRSTUS1.W,880314
1996-02-02,PET.WDISTUS1.W,111644
1996-02-02,PET.WGTSTUS1.W,214405
1996-02-02,PET.WRPUPUS2.W,18152
1996-02-09,PET.WCRSTUS1.W,878080
1996-02-09,PET.WDISTUS1.W,102876
1996-02-09,PET.WGTSTUS1.W,213627
1996-02-09,PET.WRPUPUS2.W,19548
1996-02-16,PET.WCRSTUS1.W,875010
1996-02-16,PET.WDISTUS1.W,98416
1996-02-16,PET.WGTSTUS1.W,212443
1996-02-16,PET.WRPUPUS2.W,18863
1996-02-23,PET.WCRSTUS1.W,875353
1996-02-23,PET.WDISTUS1.W,98896
1996-02-23,PET.WGTSTUS1.W,210443
1996-02-23,PET.WRPUPUS2.W,17871
1996-03-01,PET.WCRSTUS1.W,872078
1996-03-01,PET.WDISTUS1.W,96810
1996-03-01,PET.WGTSTUS1.W,213605
1996-03-01,PET.WRPUPUS2.W,17957
1996-03-08,PET.WCRSTUS1.W,880303
1996-03-08,PET.WDISTUS1.W,96882
1996-03-08,PET.WGTSTUS1.W,209769
1996-03-08,PET.WRPUPUS2.W,17610
1996-03-15,PET.WCRSTUS1.W,875021
1996-03-15,PET.WDISTUS1.W,92696
1996-03-15,PET.WGTSTUS1.W,209171
1996-03-15,PET.WRPUPUS2.W,18193
1996-03-22,PET.WCRSTUS1.W,873804
1996-03-22,PET.WDISTUS1.W,88281
1996-03-22,PET.WGTSTUS1.W,205883
1996-03-22,PET.WRPUPUS2.W,18561
1996-03-29,PET.WCRSTUS1.W,869246
1996-03-29,PET.WDISTUS1.W,89008
1996-03-29,PET.WGTSTUS1.W,203802
1996-03-29,PET.WRPUPUS2.W,17705
1996-04-05,PET.WCRSTUS1.W,871553
1996-04-05,PET.WDISTUS1.W,87627
1996-04-05,PET.WGTSTUS1.W,201988
1996-04-05,PET.WRPUPUS2.W,17941
1996-04-12,PET.WCRSTUS1.W,871467
1996-04-12,PET.WDISTUS1.W,88394
1996-04-12,PET.WGTSTUS1.W,201051
1996-04-12,PET.WRPUPUS2.W,17391
1996-04-19,PET.WCRSTUS1.W,866788
1996-04-19,PET.WDISTUS1.W,87153
1996-04-19,PET.WGTSTUS1.W,203880
1996-04-19,PET.WRPUPUS2.W,16895
1996-04-26,PET.WCRSTUS1.W,865917
1996-04-26,PET.WDISTUS1.W,87737
1996-04-26,PET.WGTSTUS1.W,204218
1996-04-26,PET.WRPUPUS2.W,16874
1996-05-03,PET.WCRSTUS1.W,873097
1996-05-03,PET.WDISTUS1.W,89442
1996-05-03,PET.WGTSTUS1.W,204185
1996-05-03,PET.WRPUPUS2.W,17305
1996-05-10,PET.WCRSTUS1.W,871395
1996-05-10,PET.WDISTUS1.W,90494
1996-05-10,PET.WGTSTUS1.W,202692
1996-05-10,PET.WRPUPUS2.W,17910
1996-05-17,PET.WCRSTUS1.W,866935
1996-05-17,PET.WDISTUS1.W,90406
1996-05-17,PET.WGTSTUS1.W,204906
1996-05-17,PET.WRPUPUS2.W,16887
1996-05-24,PET.WCRSTUS1.W,868063
1996-05-24,PET.WDISTUS1.W,92907
1996-05-24,PET.WGTSTUS1.W,205722
1996-05-24,PET.WRPUPUS2.W,18920
1996-05-31,PET.WCRSTUS1.W,879330
1996-05-31,PET.WDISTUS1.W,96069
1996-05-31,PET.WGTSTUS1.W,206134
1996-05-31,PET.WRPUPUS2.W,17646
1996-06-07,PET.WCRSTUS1.W,877666
1996-06-07,PET.WDISTUS1.W,96339
1996-06-07,PET.WGTSTUS1.W,205584
1996-06-07,PET.WRPUPUS2.W,17600
1996-06-14,PET.WCRSTUS1.W,874656
1996-06-14,PET.WDISTUS1.W,99386
1996-06-14,PET.WGTSTUS1.W,205494
1996-06-14,PET.WRPUPUS2.W,17339
1996-06-21,PET.WCRSTUS1.W,874178
1996-06-21,PET.WDISTUS1.W,99833
1996-06-21,PET.WGTSTUS1.W,206541
1996-06-21,PET.WRPUPUS2.W,18556
1996-06-28,PET.WCRSTUS1.W,881031
1996-06-28,PET.WDISTUS1.W,100441
1996-06-28,PET.WGTSTUS1.W,202987
1996-06-28,PET.WRPUPUS2.W,18955
1996-07-05,PET.WCRSTUS1.W,882687
1996-07-05,PET.WDISTUS1.W,102874
1996-07-05,PET.WGTSTUS1.W,201677
1996-07-05,PET.WRPUPUS2.W,17354
1996-07-12,PET.WCRSTUS1.W,879679
1996-07-12,PET.WDISTUS1.W,104383
1996-07-12,PET.WGTSTUS1.W,200373
1996-07-12,PET.WRPUPUS2.W,17687
1996-07-19,PET.WCRSTUS1.W,875440
1996-07-19,PET.WDISTUS1.W,104280
1996-07-19,PET.WGTSTUS1.W,198977
1996-07-19,PET.WRPUPUS2.W,17901
1996-07-26,PET.WCRSTUS1.W,876086
1996-07-26,PET.WDISTUS1.W,102629
1996-07-26,PET.WGTSTUS1.W,197609
1996-07-26,PET.WRPUPUS2.W,18953
1996-08-02,PET.WCRSTUS1.W,873207
1996-08-02,PET.WDISTUS1.W,104053
1996-08-02,PET.WGTSTUS1.W,196821
1996-08-02,PET.WRPUPUS2.W,18770
1996-08-09,PET.WCRSTUS1.W,870523
1996-08-09,PET.WDISTUS1.W,103690
1996-08-09,PET.WGTSTUS1.W,198222
1996-08-09,PET.WRPUPUS2.W,17787
1996-08-16,PET.WCRSTUS1.W,871882
1996-08-16,PET.WDISTUS1.W,104848
1996-08-16,PET.WGTSTUS1.W,198433
1996-08-16,PET.WRPUPUS2.W,17541
1996-08-23,PET.WCRSTUS1.W,881010
1996-08-23,PET.WDISTUS1.W,105535
1996-08-23,PET.WGTSTUS1.W,196254
1996-08-23,PET.WRPUPUS2.W,18458
1996-08-30,PET.WCRSTUS1.W,874299
1996-08-30,PET.WDISTUS1.W,109025
1996-08-30,PET.WGTSTUS1.W,192908
1996-08-30,PET.WRPUPUS2.W,17974
1996-09-06,PET.WCRSTUS1.W,870137
1996-09-06,PET.WDISTUS1.W,111522
1996-09-06,PET.WGTSTUS1.W,191733
1996-09-06,PET.WRPUPUS2.W,18052
1996-09-13,PET.WCRSTUS1.W,866819
1996-09-13,PET.WDISTUS1.W,112289
1996-09-13,PET.WGTSTUS1.W,192000
1996-09-13,PET.WRPUPUS2.W,17555
1996-09-20,PET.WCRSTUS1.W,867471
1996-09-20,PET.WDISTUS1.W,111771
1996-09-20,PET.WGTSTUS1.W,193526
1996-09-20,PET.WRPUPUS2.W,17999
1996-09-27,PET.WCRSTUS1.W,860303
1996-09-27,PET.WDISTUS1.W,110974
1996-09-27,PET.WGTSTUS1.W,197717
1996-09-27,PET.WRPUPUS2.W,17938
1996-10-04,PET.WCRSTUS1.W,859926
1996-10-04,PET.WDISTUS1.W,112259
1996-10-04,PET.WGTSTUS1.W,197019
1996-10-04,PET.WRPUPUS2.W,18664
1996-10-11,PET.WCRSTUS1.W,856619
1996-10-11,PET.WDISTUS1.W,111374
1996-10-11,PET.WGTSTUS1.W,194410
1996-10-11,PET.WRPUPUS2.W,18129
1996-10-18,PET.WCRSTUS1.W,862360
1996-10-18,PET.WDISTUS1.W,111265
1996-10-18,PET.WGTSTUS1.W,190525
1996-10-18,PET.WRPUPUS2.W,18974
1996-10-25,PET.WCRSTUS1.W,859301
1996-10-25,PET.WDISTUS1.W,114978
1996-10-25,PET.WGTSTUS1.W,189283
1996-10-25,PET.WRPUPUS2.W,18373
1996-11-01,PET.WCRSTUS1.W,869551
1996-11-01,PET.WDISTUS1.W,114463
1996-11-01,PET.WGTSTUS1.W,191956
1996-11-01,PET.WRPUPUS2.W,18687
1996-11-08,PET.WCRSTUS1.W,864383
1996-11-08,PET.WDISTUS1.W,114146
1996-11-08,PET.WGTSTUS1.W,190180
1996-11-08,PET.WRPUPUS2.W,18540
1996-11-15,PET.WCRSTUS1.W,861687
1996-11-15,PET.WDISTUS1.W,113220
1996-11-15,PET.WGTSTUS1.W,188595
1996-11-15,PET.WRPUPUS2.W,18490
1996-11-22,PET.WCRSTUS1.W,855564
1996-11-22,PET.WDISTUS1.W,114490
1996-11-22,PET.WGTSTUS1.W,187261
1996-11-22,PET.WRPUPUS2.W,18100
1996-11-29,PET.WCRSTUS1.W,854847
1996-11-29,PET.WDISTUS1.W,118372
1996-11-29,PET.WGTSTUS1.W,190483
1996-11-29,PET.WRPUPUS2.W,17558
1996-12-06,PET.WCRSTUS1.W,852835
1996-12-06,PET.WDISTUS1.W,120753
1996-12-06,PET.WGTSTUS1.W,194748
1996-12-06,PET.WRPUPUS2.W,17683
1996-12-13,PET.WCRSTUS1.W,849608
1996-12-13,PET.WDISTUS1.W,120544
1996-12-13,PET.WGTSTUS1.W,191420
1996-12-13,PET.WRPUPUS2.W,19464
1996-12-20,PET.WCRSTUS1.W,841779
1996-12-20,PET.WDISTUS1.W,119024
1996-12-20,PET.WGTSTUS1.W,191053
1996-12-20,PET.WRPUPUS2.W,18972
1996-12-27,PET.WCRSTUS1.W,843594
1996-12-27,PET.WDISTUS1.W,123135
1996-12-27,PET.WGTSTUS1.W,192014
1996-12-27,PET.WRPUPUS2.W,18421
1997-01-03,PET.WCRSTUS1.W,834666
1997-01-03,PET.WDISTUS1.W,126155
1997-01-03,PET.WGTSTUS1.W,198239
1997-01-03,PET.WRPUPUS2.W,16375
1997-01-10,PET.WCRSTUS1.W,838772
1997-01-10,PET.WDISTUS1.W,125807
1997-01-10,PET.WGTSTUS1.W,199994
1997-01-10,PET.WRPUPUS2.W,18085
1997-01-17,PET.WCRSTUS1.W,836679
1997-01-17,PET.WDISTUS1.W,121001
1997-01-17,PET.WGTSTUS1.W,201457
1997-01-17,PET.WRPUPUS2.W,18614
1997-01-24,PET.WCRSTUS1.W,839646
1997-01-24,PET.WDISTUS1.W,118478
1997-01-24,PET.WGTSTUS1.W,203639
1997-01-24,PET.WRPUPUS2.W,18258
1997-01-31,PET.WCRSTUS1.W,844691
1997-01-31,PET.WDISTUS1.W,114237
1997-01-31,PET.WGTSTUS1.W,206951
1997-01-31,PET.WRPUPUS2.W,18335
1997-02-07,PET.WCRSTUS1.W,847731
1997-02-07,PET.WDISTUS1.W,109425
1997-02-07,PET.WGTSTUS1.W,210991
1997-02-07,PET.WRPUPUS2.W,18000
1997-02-14,PET.WCRSTUS1.W,852214
1997-02-14,PET.WDISTUS1.W,105766
1997-02-14,PET.WGTSTUS1.W,209302
1997-02-14,PET.WRPUPUS2.W,18207
1997-02-21,PET.WCRSTUS1.W,852050
1997-02-21,PET.WDISTUS1.W,105280
1997-02-21,PET.WGTSTUS1.W,205464
1997-02-21,PET.WRPUPUS2.W,17900
1997-02-28,PET.WCRSTUS1.W,846627
1997-02-28,PET.WDISTUS1.W,106410
1997-02-28,PET.WGTSTUS1.W,203206
1997-02-28,PET.WRPUPUS2.W,16973
1997-03-07,PET.WCRSTUS1.W,851957
1997-03-07,PET.WDISTUS1.W,106030
1997-03-07,PET.WGTSTUS1.W,203693
1997-03-07,PET.WRPUPUS2.W,17422
1997-03-14,PET.WCRSTUS1.W,852059
1997-03-14,PET.WDISTUS1.W,102794
1997-03-14,PET.WGTSTUS1.W,199745
1997-03-14,PET.WRPUPUS2.W,18197
1997-03-21,PET.WCRSTUS1.W,850971
1997-03-21,PET.WDISTUS1.W,100213
1997-03-21,PET.WGTSTUS1.W,198774
1997-03-21,PET.WRPUPUS2.W,18350
1997-03-28,PET.WCRSTUS1.W,857317
1997-03-28,PET.WDISTUS1.W,97884
1997-03-28,PET.WGTSTUS1.W,196930
1997-03-28,PET.WRPUPUS2.W,18360
1997-04-04,PET.WCRSTUS1.W,857515
1997-04-04,PET.WDISTUS1.W,96847
1997-04-04,PET.WGTSTUS1.W,195697
1997-04-04,PET.WRPUPUS2.W,18385
1997-04-11,PET.WCRSTUS1.W,860134
1997-04-11,PET.WDISTUS1.W,98392
1997-04-11,PET.WGTSTUS1.W,195928
1997-04-11,PET.WRPUPUS2.W,17720
1997-04-18,PET.WCRSTUS1.W,861594
1997-04-18,PET.WDISTUS1.W,95728
1997-04-18,PET.WGTSTUS1.W,195927
1997-04-18,PET.WRPUPUS2.W,18383
1997-04-25,PET.WCRSTUS1.W,864420
1997-04-25,PET.WDISTUS1.W,94098
1997-04-25,PET.WGTSTUS1.W,196025
1997-04-25,PET.WRPUPUS2.W,17646
1997-05-02,PET.WCRSTUS1.W,864354
1997-05-02,PET.WDISTUS1.W,96765
1997-05-02,PET.WGTSTUS1.W,193561
1997-05-02,PET.WRPUPUS2.W,20017
1997-05-09,PET.WCRSTUS1.W,870743
1997-05-09,PET.WDISTUS1.W,96365
1997-05-09,PET.WGTSTUS1.W,198261
1997-05-09,PET.WRPUPUS2.W,18304
1997-05-16,PET.WCRSTUS1.W,865308
1997-05-16,PET.WDISTUS1.W,98787
1997-05-16,PET.WGTSTUS1.W,198672
1997-05-16,PET.WRPUPUS2.W,18468
1997-05-23,PET.WCRSTUS1.W,868522
1997-05-23,PET.WDISTUS1.W,102184
1997-05-23,PET.WGTSTUS1.W,199831
1997-05-23,PET.WRPUPUS2.W,18719
1997-05-30,PET.WCRSTUS1.W,872724
1997-05-30,PET.WDISTUS1.W,108039
1997-05-30,PET.WGTSTUS1.W,200728
1997-05-30,PET.WRPUPUS2.W,17149
1997-06-06,PET.WCRSTUS1.W,872308
1997-06-06,PET.WDISTUS1.W,110490
1997-06-06,PET.WGTSTUS1.W,203327
1997-06-06,PET.WRPUPUS2.W,18366
1997-06-13,PET.WCRSTUS1.W,871048
1997-06-13,PET.WDISTUS1.W,111731
1997-06-13,PET.WGTSTUS1.W,205177
1997-06-13,PET.WRPUPUS2.W,18623
1997-06-20,PET.WCRSTUS1.W,870585
1997-06-20,PET.WDISTUS1.W,113491
1997-06-20,PET.WGTSTUS1.W,205512
1997-06-20,PET.WRPUPUS2.W,19154
1997-06-27,PET.WCRSTUS1.W,864858
1997-06-27,PET.WDISTUS1.W,116230
1997-06-27,PET.WGTSTUS1.W,204006
1997-06-27,PET.WRPUPUS2.W,18920
1997-07-04,PET.WCRSTUS1.W,869677
1997-07-04,PET.WDISTUS1.W,116592
1997-07-04,PET.WGTSTUS1.W,203747
1997-07-04,PET.WRPUPUS2.W,19309
1997-07-11,PET.WCRSTUS1.W,867214
1997-07-11,PET.WDISTUS1.W,121445
1997-07-11,PET.WGTSTUS1.W,199751
1997-07-11,PET.WRPUPUS2.W,18456
1997-07-18,PET.WCRSTUS1.W,865229
1997-07-18,PET.WDISTUS1.W,120542
1997-07-18,PET.WGTSTUS1.W,197484
1997-07-18,PET.WRPUPUS2.W,19552
1997-07-25,PET.WCRSTUS1.W,855339
1997-07-25,PET.WDISTUS1.W,120642
1997-07-25,PET.WGTSTUS1.W,193695
1997-07-25,PET.WRPUPUS2.W,19141
1997-08-01,PET.WCRSTUS1.W,854575
1997-08-01,PET.WDISTUS1.W,122610
1997-08-01,PET.WGTSTUS1.W,190575
1997-08-01,PET.WRPUPUS2.W,18108
1997-08-08,PET.WCRSTUS1.W,859710
1997-08-08,PET.WDISTUS1.W,121988
1997-08-08,PET.WGTSTUS1.W,189078
1997-08-08,PET.WRPUPUS2.W,18472
1997-08-15,PET.WCRSTUS1.W,860334
1997-08-15,PET.WDISTUS1.W,124521
1997-08-15,PET.WGTSTUS1.W,186197
1997-08-15,PET.WRPUPUS2.W,19298
1997-08-22,PET.WCRSTUS1.W,855080
1997-08-22,PET.WDISTUS1.W,126255
1997-08-22,PET.WGTSTUS1.W,187035
1997-08-22,PET.WRPUPUS2.W,18507
1997-08-29,PET.WCRSTUS1.W,853478
1997-08-29,PET.WDISTUS1.W,128760
1997-08-29,PET.WGTSTUS1.W,185563
1997-08-29,PET.WRPUPUS2.W,19159
1997-09-05,PET.WCRSTUS1.W,847380
1997-09-05,PET.WDISTUS1.W,133859
1997-09-05,PET.WGTSTUS1.W,187167
1997-09-05,PET.WRPUPUS2.W,17595
1997-09-12,PET.WCRSTUS1.W,851171
1997-09-12,PET.WDISTUS1.W,133998
1997-09-12,PET.WGTSTUS1.W,189628
1997-09-12,PET.WRPUPUS2.W,18546
1997-09-19,PET.WCRSTUS1.W,847288
1997-09-19,PET.WDISTUS1.W,135500
1997-09-19,PET.WGTSTUS1.W,194289
1997-09-19,PET.WRPUPUS2.W,18274
1997-09-26,PET.WCRSTUS1.W,848606
1997-09-26,PET.WDISTUS1.W,135753
1997-09-26,PET.WGTSTUS1.W,195544
1997-09-26,PET.WRPUPUS2.W,19489
1997-10-03,PET.WCRSTUS1.W,853393
1997-10-03,PET.WDISTUS1.W,135746
1997-10-03,PET.WGTSTUS1.W,197648
1997-10-03,PET.WRPUPUS2.W,19201
1997-10-10,PET.WCRSTUS1.W,851216
1997-10-10,PET.WDISTUS1.W,136242
1997-10-10,PET.WGTSTUS1.W,196796
1997-10-10,PET.WRPUPUS2.W,18956
1997-10-17,PET.WCRSTUS1.W,847918
1997-10-17,PET.WDISTUS1.W,136910
1997-10-17,PET.WGTSTUS1.W,196969
1997-10-17,PET.WRPUPUS2.W,18480
1997-10-24,PET.WCRSTUS1.W,852523
1997-10-24,PET.WDISTUS1.W,135023
1997-10-24,PET.WGTSTUS1.W,197561
1997-10-24,PET.WRPUPUS2.W,18848
1997-10-31,PET.WCRSTUS1.W,858542
1997-10-31,PET.WDISTUS1.W,134273
1997-10-31,PET.WGTSTUS1.W,197629
1997-10-31,PET.WRPUPUS2.W,19074
1997-11-07,PET.WCRSTUS1.W,857233
1997-11-07,PET.WDISTUS1.W,135455
1997-11-07,PET.WGTSTUS1.W,196540
1997-11-07,PET.WRPUPUS2.W,19124
1997-11-14,PET.WCRSTUS1.W,862514
1997-11-14,PET.WDISTUS1.W,134252
1997-11-14,PET.WGTSTUS1.W,197638
1997-11-14,PET.WRPUPUS2.W,18611
1997-11-21,PET.WCRSTUS1.W,866288
1997-11-21,PET.WDISTUS1.W,133967
1997-11-21,PET.WGTSTUS1.W,196590
1997-11-21,PET.WRPUPUS2.W,19266
1997-11-28,PET.WCRSTUS1.W,869108
1997-11-28,PET.WDISTUS1.W,133161
1997-11-28,PET.WGTSTUS1.W,199440
1997-11-28,PET.WRPUPUS2.W,18485
1997-12-05,PET.WCRSTUS1.W,864350
1997-12-05,PET.WDISTUS1.W,135517
1997-12-05,PET.WGTSTUS1.W,198579
1997-12-05,PET.WRPUPUS2.W,19260
1997-12-12,PET.WCRSTUS1.W,866890
1997-12-12,PET.WDISTUS1.W,135548
1997-12-12,PET.WGTSTUS1.W,201916
1997-12-12,PET.WRPUPUS2.W,18889
1997-12-19,PET.WCRSTUS1.W,862912
1997-12-19,PET.WDISTUS1.W,133477
1997-12-19,PET.WGTSTUS1.W,201609
1997-12-19,PET.WRPUPUS2.W,19807
1997-12-26,PET.WCRSTUS1.W,859660
1997-12-26,PET.WDISTUS1.W,131063
1997-12-26,PET.WGTSTUS1.W,204930
1997-12-26,PET.WRPUPUS2.W,19288
1998-01-02,PET.WCRSTUS1.W,853194
1998-01-02,PET.WDISTUS1.W,136956
1998-01-02,PET.WGTSTUS1.W,210220
1998-01-02,PET.WRPUPUS2.W,17809
1998-01-09,PET.WCRSTUS1.W,852114
1998-01-09,PET.WDISTUS1.W,139236
1998-01-09,PET.WGTSTUS1.W,216176
1998-01-09,PET.WRPUPUS2.W,17977
1998-01-16,PET.WCRSTUS1.W,863326
1998-01-16,PET.WDISTUS1.W,136776
1998-01-16,PET.WGTSTUS1.W,217925
1998-01-16,PET.WRPUPUS2.W,18876
1998-01-23,PET.WCRSTUS1.W,869012
1998-01-23,PET.WDISTUS1.W,133652
1998-01-23,PET.WGTSTUS1.W,217464
1998-01-23,PET.WRPUPUS2.W,19251
1998-01-30,PET.WCRSTUS1.W,868440
1998-01-30,PET.WDISTUS1.W,131374
1998-01-30,PET.WGTSTUS1.W,217934
1998-01-30,PET.WRPUPUS2.W,18553
1998-02-06,PET.WCRSTUS1.W,868412
1998-02-06,PET.WDISTUS1.W,129556
1998-02-06,PET.WGTSTUS1.W,220625
1998-02-06,PET.WRPUPUS2.W,17891
1998-02-13,PET.WCRSTUS1.W,870115
1998-02-13,PET.WDISTUS1.W,128948
1998-02-13,PET.WGTSTUS1.W,218239
1998-02-13,PET.WRPUPUS2.W,18977
1998-02-20,PET.WCRSTUS1.W,872998
1998-02-20,PET.WDISTUS1.W,127045
1998-02-20,PET.WGTSTUS1.W,218785
1998-02-20,PET.WRPUPUS2.W,18429
1998-02-27,PET.WCRSTUS1.W,871399
1998-02-27,PET.WDISTUS1.W,126615
1998-02-27,PET.WGTSTUS1.W,219852
1998-02-27,PET.WRPUPUS2.W,17357
1998-03-06,PET.WCRSTUS1.W,870624
1998-03-06,PET.WDISTUS1.W,126572
1998-03-06,PET.WGTSTUS1.W,218013
1998-03-06,PET.WRPUPUS2.W,19252
1998-03-13,PET.WCRSTUS1.W,868563
1998-03-13,PET.WDISTUS1.W,124898
1998-03-13,PET.WGTSTUS1.W,214200
1998-03-13,PET.WRPUPUS2.W,19225
1998-03-20,PET.WCRSTUS1.W,875032
1998-03-20,PET.WDISTUS1.W,123577
1998-03-20,PET.WGTSTUS1.W,215334
1998-03-20,PET.WRPUPUS2.W,17872
1998-03-27,PET.WCRSTUS1.W,876626
1998-03-27,PET.WDISTUS1.W,121244
1998-03-27,PET.WGTSTUS1.W,214760
1998-03-27,PET.WRPUPUS2.W,18287
1998-04-03,PET.WCRSTUS1.W,877995
1998-04-03,PET.WDISTUS1.W,120571
1998-04-03,PET.WGTSTUS1.W,210823
1998-04-03,PET.WRPUPUS2.W,19372
1998-04-10,PET.WCRSTUS1.W,883325
1998-04-10,PET.WDISTUS1.W,122396
1998-04-10,PET.WGTSTUS1.W,210377
1998-04-10,PET.WRPUPUS2.W,18264
1998-04-17,PET.WCRSTUS1.W,888332
1998-04-17,PET.WDISTUS1.W,122439
1998-04-17,PET.WGTSTUS1.W,211207
1998-04-17,PET.WRPUPUS2.W,19102
1998-04-24,PET.WCRSTUS1.W,888635
1998-04-24,PET.WDISTUS1.W,121821
1998-04-24,PET.WGTSTUS1.W,212209
1998-04-24,PET.WRPUPUS2.W,18377
1998-05-01,PET.WCRSTUS1.W,890794
1998-05-01,PET.WDISTUS1.W,122520
1998-05-01,PET.WGTSTUS1.W,212269
1998-05-01,PET.WRPUPUS2.W,17915
1998-05-08,PET.WCRSTUS1.W,890131
1998-05-08,PET.WDISTUS1.W,124050
1998-05-08,PET.WGTSTUS1.W,216119
1998-05-08,PET.WRPUPUS2.W,17793
1998-05-15,PET.WCRSTUS1.W,901354
1998-05-15,PET.WDISTUS1.W,123259
1998-05-15,PET.WGTSTUS1.W,213223
1998-05-15,PET.WRPUPUS2.W,19609
1998-05-22,PET.WCRSTUS1.W,898108
1998-05-22,PET.WDISTUS1.W,126329
1998-05-22,PET.WGTSTUS1.W,215208
1998-05-22,PET.WRPUPUS2.W,17946
1998-05-29,PET.WCRSTUS1.W,893820
1998-05-29,PET.WDISTUS1.W,131370
1998-05-29,PET.WGTSTUS1.W,218181
1998-05-29,PET.WRPUPUS2.W,17939
1998-06-05,PET.WCRSTUS1.W,892960
1998-06-05,PET.WDISTUS1.W,130454
1998-06-05,PET.WGTSTUS1.W,219566
1998-06-05,PET.WRPUPUS2.W,19790
1998-06-12,PET.WCRSTUS1.W,890262
1998-06-12,PET.WDISTUS1.W,131231
1998-06-12,PET.WGTSTUS1.W,220053
1998-06-12,PET.WRPUPUS2.W,18903
1998-06-19,PET.WCRSTUS1.W,888610
1998-06-19,PET.WDISTUS1.W,131957
1998-06-19,PET.WGTSTUS1.W,222740
1998-06-19,PET.WRPUPUS2.W,18696
1998-06-26,PET.WCRSTUS1.W,890271
1998-06-26,PET.WDISTUS1.W,131676
1998-06-26,PET.WGTSTUS1.W,222381
1998-06-26,PET.WRPUPUS2.W,19313
1998-07-03,PET.WCRSTUS1.W,887485
1998-07-03,PET.WDISTUS1.W,133695
1998-07-03,PET.WGTSTUS1.W,218243
1998-07-03,PET.WRPUPUS2.W,19592
1998-07-10,PET.WCRSTUS1.W,880854
1998-07-10,PET.WDISTUS1.W,135707
1998-07-10,PET.WGTSTUS1.W,221489
1998-07-10,PET.WRPUPUS2.W,18272
1998-07-17,PET.WCRSTUS1.W,886395
1998-07-17,PET.WDISTUS1.W,140135
1998-07-17,PET.WGTSTUS1.W,218840
1998-07-17,PET.WRPUPUS2.W,19305
1998-07-24,PET.WCRSTUS1.W,890224
1998-07-24,PET.WDISTUS1.W,143345
1998-07-24,PET.WGTSTUS1.W,219060
1998-07-24,PET.WRPUPUS2.W,18487
1998-07-31,PET.WCRSTUS1.W,890907
1998-07-31,PET.WDISTUS1.W,144032
1998-07-31,PET.WGTSTUS1.W,215752
1998-07-31,PET.WRPUPUS2.W,18598
1998-08-07,PET.WCRSTUS1.W,891852
1998-08-07,PET.WDISTUS1.W,144002
1998-08-07,PET.WGTSTUS1.W,212407
1998-08-07,PET.WRPUPUS2.W,19243
1998-08-14,PET.WCRSTUS1.W,891316
1998-08-14,PET.WDISTUS1.W,144831
1998-08-14,PET.WGTSTUS1.W,210064
1998-08-14,PET.WRPUPUS2.W,19356
1998-08-21,PET.WCRSTUS1.W,884438
1998-08-21,PET.WDISTUS1.W,144930
1998-08-21,PET.WGTSTUS1.W,208848
1998-08-21,PET.WRPUPUS2.W,19532
1998-08-28,PET.WCRSTUS1.W,884120
1998-08-28,PET.WDISTUS1.W,143647
1998-08-28,PET.WGTSTUS1.W,209179
1998-08-28,PET.WRPUPUS2.W,19917
1998-09-04,PET.WCRSTUS1.W,875483
1998-09-04,PET.WDISTUS1.W,144689
1998-09-04,PET.WGTSTUS1.W,207008
1998-09-04,PET.WRPUPUS2.W,18801
1998-09-11,PET.WCRSTUS1.W,873101
1998-09-11,PET.WDISTUS1.W,148689
1998-09-11,PET.WGTSTUS1.W,205691
1998-09-11,PET.WRPUPUS2.W,18909
1998-09-18,PET.WCRSTUS1.W,863762
1998-09-18,PET.WDISTUS1.W,149684
1998-09-18,PET.WGTSTUS1.W,208649
1998-09-18,PET.WRPUPUS2.W,18467
1998-09-25,PET.WCRSTUS1.W,866859
1998-09-25,PET.WDISTUS1.W,152563
1998-09-25,PET.WGTSTUS1.W,207493
1998-09-25,PET.WRPUPUS2.W,18653
1998-10-02,PET.WCRSTUS1.W,869319
1998-10-02,PET.WDISTUS1.W,152101
1998-10-02,PET.WGTSTUS1.W,207114
1998-10-02,PET.WRPUPUS2.W,18539
1998-10-09,PET.WCRSTUS1.W,876108
1998-10-09,PET.WDISTUS1.W,149284
1998-10-09,PET.WGTSTUS1.W,199486
1998-10-09,PET.WRPUPUS2.W,19555
1998-10-16,PET.WCRSTUS1.W,879653
1998-10-16,PET.WDISTUS1.W,147428
1998-10-16,PET.WGTSTUS1.W,201383
1998-10-16,PET.WRPUPUS2.W,17961
1998-10-23,PET.WCRSTUS1.W,883390
1998-10-23,PET.WDISTUS1.W,147214
1998-10-23,PET.WGTSTUS1.W,199734
1998-10-23,PET.WRPUPUS2.W,17954
1998-10-30,PET.WCRSTUS1.W,887165
1998-10-30,PET.WDISTUS1.W,145118
1998-10-30,PET.WGTSTUS1.W,200204
1998-10-30,PET.WRPUPUS2.W,19196
1998-11-06,PET.WCRSTUS1.W,886358
1998-11-06,PET.WDISTUS1.W,145151
1998-11-06,PET.WGTSTUS1.W,201825
1998-11-06,PET.WRPUPUS2.W,17950
1998-11-13,PET.WCRSTUS1.W,884412
1998-11-13,PET.WDISTUS1.W,145910
1998-11-13,PET.WGTSTUS1.W,206343
1998-11-13,PET.WRPUPUS2.W,19601
1998-11-20,PET.WCRSTUS1.W,889569
1998-11-20,PET.WDISTUS1.W,145268
1998-11-20,PET.WGTSTUS1.W,205683
1998-11-20,PET.WRPUPUS2.W,18827
1998-11-27,PET.WCRSTUS1.W,884001
1998-11-27,PET.WDISTUS1.W,147996
1998-11-27,PET.WGTSTUS1.W,205697
1998-11-27,PET.WRPUPUS2.W,18703
1998-12-04,PET.WCRSTUS1.W,882480
1998-12-04,PET.WDISTUS1.W,149556
1998-12-04,PET.WGTSTUS1.W,208189
1998-12-04,PET.WRPUPUS2.W,17206
1998-12-11,PET.WCRSTUS1.W,885899
1998-12-11,PET.WDISTUS1.W,152754
1998-12-11,PET.WGTSTUS1.W,210252
1998-12-11,PET.WRPUPUS2.W,18422
1998-12-18,PET.WCRSTUS1.W,891889
1998-12-18,PET.WDISTUS1.W,151195
1998-12-18,PET.WGTSTUS1.W,208330
1998-12-18,PET.WRPUPUS2.W,19974
1998-12-25,PET.WCRSTUS1.W,889231
1998-12-25,PET.WDISTUS1.W,152532
1998-12-25,PET.WGTSTUS1.W,209868
1998-12-25,PET.WRPUPUS2.W,19450
1999-01-01,PET.WCRSTUS1.W,874253
1999-01-01,PET.WDISTUS1.W,153929
1999-01-01,PET.WGTSTUS1.W,210839
1999-01-01,PET.WRPUPUS2.W,19550
1999-01-08,PET.WCRSTUS1.W,876793
1999-01-08,PET.WDISTUS1.W,154236
1999-01-08,PET.WGTSTUS1.W,217574
1999-01-08,PET.WRPUPUS2.W,18181
1999-01-15,PET.WCRSTUS1.W,879500
1999-01-15,PET.WDISTUS1.W,147748
1999-01-15,PET.WGTSTUS1.W,221987
1999-01-15,PET.WRPUPUS2.W,19284
1999-01-22,PET.WCRSTUS1.W,885553
1999-01-22,PET.WDISTUS1.W,144253
1999-01-22,PET.WGTSTUS1.W,220885
1999-01-22,PET.WRPUPUS2.W,19266
1999-01-29,PET.WCRSTUS1.W,888135
1999-01-29,PET.WDISTUS1.W,144134
1999-01-29,PET.WGTSTUS1.W,223083
1999-01-29,PET.WRPUPUS2.W,18268
1999-02-05,PET.WCRSTUS1.W,888536
1999-02-05,PET.WDISTUS1.W,142894
1999-02-05,PET.WGTSTUS1.W,228189
1999-02-05,PET.WRPUPUS2.W,18492
1999-02-12,PET.WCRSTUS1.W,887344
1999-02-12,PET.WDISTUS1.W,143281
1999-02-12,PET.WGTSTUS1.W,226045
1999-02-12,PET.WRPUPUS2.W,19402
1999-02-19,PET.WCRSTUS1.W,890431
1999-02-19,PET.WDISTUS1.W,141400
1999-02-19,PET.WGTSTUS1.W,229300
1999-02-19,PET.WRPUPUS2.W,18379
1999-02-26,PET.WCRSTUS1.W,887225
1999-02-26,PET.WDISTUS1.W,140153
1999-02-26,PET.WGTSTUS1.W,227413
1999-02-26,PET.WRPUPUS2.W,19730
1999-03-05,PET.WCRSTUS1.W,890217
1999-03-05,PET.WDISTUS1.W,136371
1999-03-05,PET.WGTSTUS1.W,226726
1999-03-05,PET.WRPUPUS2.W,19172
1999-03-12,PET.WCRSTUS1.W,893880
1999-03-12,PET.WDISTUS1.W,131943
1999-03-12,PET.WGTSTUS1.W,222905
1999-03-12,PET.WRPUPUS2.W,19049
1999-03-19,PET.WCRSTUS1.W,896687
1999-03-19,PET.WDISTUS1.W,126880
1999-03-19,PET.WGTSTUS1.W,219788
1999-03-19,PET.WRPUPUS2.W,18730
1999-03-26,PET.WCRSTUS1.W,900490
1999-03-26,PET.WDISTUS1.W,122106
1999-03-26,PET.WGTSTUS1.W,214520
1999-03-26,PET.WRPUPUS2.W,19191
1999-04-02,PET.WCRSTUS1.W,898719
1999-04-02,PET.WDISTUS1.W,124458
1999-04-02,PET.WGTSTUS1.W,214306
1999-04-02,PET.WRPUPUS2.W,18149
1999-04-09,PET.WCRSTUS1.W,900836
1999-04-09,PET.WDISTUS1.W,129208
1999-04-09,PET.WGTSTUS1.W,217386
1999-04-09,PET.WRPUPUS2.W,17225
1999-04-16,PET.WCRSTUS1.W,897680
1999-04-16,PET.WDISTUS1.W,125886
1999-04-16,PET.WGTSTUS1.W,216866
1999-04-16,PET.WRPUPUS2.W,19521
1999-04-23,PET.WCRSTUS1.W,894237
1999-04-23,PET.WDISTUS1.W,127675
1999-04-23,PET.WGTSTUS1.W,214741
1999-04-23,PET.WRPUPUS2.W,18792
1999-04-30,PET.WCRSTUS1.W,892096
1999-04-30,PET.WDISTUS1.W,127434
1999-04-30,PET.WGTSTUS1.W,218406
1999-04-30,PET.WRPUPUS2.W,18025
1999-05-07,PET.WCRSTUS1.W,889490
1999-05-07,PET.WDISTUS1.W,127311
1999-05-07,PET.WGTSTUS1.W,222885
1999-05-07,PET.WRPUPUS2.W,18527
1999-05-14,PET.WCRSTUS1.W,890544
1999-05-14,PET.WDISTUS1.W,128194
1999-05-14,PET.WGTSTUS1.W,221972
1999-05-14,PET.WRPUPUS2.W,17424
1999-05-21,PET.WCRSTUS1.W,888221
1999-05-21,PET.WDISTUS1.W,130493
1999-05-21,PET.WGTSTUS1.W,221589
1999-05-21,PET.WRPUPUS2.W,18721
1999-05-28,PET.WCRSTUS1.W,887174
1999-05-28,PET.WDISTUS1.W,131664
1999-05-28,PET.WGTSTUS1.W,223026
1999-05-28,PET.WRPUPUS2.W,18889
1999-06-04,PET.WCRSTUS1.W,889310
1999-06-04,PET.WDISTUS1.W,131277
1999-06-04,PET.WGTSTUS1.W,226048
1999-06-04,PET.WRPUPUS2.W,19246
1999-06-11,PET.WCRSTUS1.W,892267
1999-06-11,PET.WDISTUS1.W,133578
1999-06-11,PET.WGTSTUS1.W,221080
1999-06-11,PET.WRPUPUS2.W,19103
1999-06-18,PET.WCRSTUS1.W,889544
1999-06-18,PET.WDISTUS1.W,130411
1999-06-18,PET.WGTSTUS1.W,220647
1999-06-18,PET.WRPUPUS2.W,19484
1999-06-25,PET.WCRSTUS1.W,887820
1999-06-25,PET.WDISTUS1.W,130676
1999-06-25,PET.WGTSTUS1.W,217966
1999-06-25,PET.WRPUPUS2.W,19539
1999-07-02,PET.WCRSTUS1.W,887625
1999-07-02,PET.WDISTUS1.W,130772
1999-07-02,PET.WGTSTUS1.W,214637
1999-07-02,PET.WRPUPUS2.W,19416
1999-07-09,PET.WCRSTUS1.W,891313
1999-07-09,PET.WDISTUS1.W,134597
1999-07-09,PET.WGTSTUS1.W,211022
1999-07-09,PET.WRPUPUS2.W,17972
1999-07-16,PET.WCRSTUS1.W,892891
1999-07-16,PET.WDISTUS1.W,136057
1999-07-16,PET.WGTSTUS1.W,208902
1999-07-16,PET.WRPUPUS2.W,19338
1999-07-23,PET.WCRSTUS1.W,887715
1999-07-23,PET.WDISTUS1.W,136863
1999-07-23,PET.WGTSTUS1.W,205424
1999-07-23,PET.WRPUPUS2.W,19670
1999-07-30,PET.WCRSTUS1.W,884315
1999-07-30,PET.WDISTUS1.W,136901
1999-07-30,PET.WGTSTUS1.W,204179
1999-07-30,PET.WRPUPUS2.W,19483
1999-08-06,PET.WCRSTUS1.W,882048
1999-08-06,PET.WDISTUS1.W,135889
1999-08-06,PET.WGTSTUS1.W,201096
1999-08-06,PET.WRPUPUS2.W,19870
1999-08-13,PET.WCRSTUS1.W,881318
1999-08-13,PET.WDISTUS1.W,137593
1999-08-13,PET.WGTSTUS1.W,202026
1999-08-13,PET.WRPUPUS2.W,19701
1999-08-20,PET.WCRSTUS1.W,876793
1999-08-20,PET.WDISTUS1.W,139736
1999-08-20,PET.WGTSTUS1.W,202168
1999-08-20,PET.WRPUPUS2.W,19443
1999-08-27,PET.WCRSTUS1.W,877355
1999-08-27,PET.WDISTUS1.W,141615
1999-08-27,PET.WGTSTUS1.W,200462
1999-08-27,PET.WRPUPUS2.W,19603
1999-09-03,PET.WCRSTUS1.W,872914
1999-09-03,PET.WDISTUS1.W,141096
1999-09-03,PET.WGTSTUS1.W,198532
1999-09-03,PET.WRPUPUS2.W,19853
1999-09-10,PET.WCRSTUS1.W,868632
1999-09-10,PET.WDISTUS1.W,142659
1999-09-10,PET.WGTSTUS1.W,200464
1999-09-10,PET.WRPUPUS2.W,19344
1999-09-17,PET.WCRSTUS1.W,867995
1999-09-17,PET.WDISTUS1.W,143717
1999-09-17,PET.WGTSTUS1.W,201304
1999-09-17,PET.WRPUPUS2.W,19267
1999-09-24,PET.WCRSTUS1.W,863738
1999-09-24,PET.WDISTUS1.W,145944
1999-09-24,PET.WGTSTUS1.W,199923
1999-09-24,PET.WRPUPUS2.W,19037
1999-10-01,PET.WCRSTUS1.W,863271
1999-10-01,PET.WDISTUS1.W,144885
1999-10-01,PET.WGTSTUS1.W,201114
1999-10-01,PET.WRPUPUS2.W,19646
1999-10-08,PET.WCRSTUS1.W,856062
1999-10-08,PET.WDISTUS1.W,143767
1999-10-08,PET.WGTSTUS1.W,203234
1999-10-08,PET.WRPUPUS2.W,19488
1999-10-15,PET.WCRSTUS1.W,860081
1999-10-15,PET.WDISTUS1.W,143261
1999-10-15,PET.WGTSTUS1.W,202656
1999-10-15,PET.WRPUPUS2.W,19980
1999-10-22,PET.WCRSTUS1.W,860350
1999-10-22,PET.WDISTUS1.W,139845
1999-10-22,PET.WGTSTUS1.W,199785
1999-10-22,PET.WRPUPUS2.W,19783
1999-10-29,PET.WCRSTUS1.W,864071
1999-10-29,PET.WDISTUS1.W,137974
1999-10-29,PET.WGTSTUS1.W,197816
1999-10-29,PET.WRPUPUS2.W,19803
1999-11-05,PET.WCRSTUS1.W,861746
1999-11-05,PET.WDISTUS1.W,134042
1999-11-05,PET.WGTSTUS1.W,195514
1999-11-05,PET.WRPUPUS2.W,19974
1999-11-12,PET.WCRSTUS1.W,863524
1999-11-12,PET.WDISTUS1.W,132011
1999-11-12,PET.WGTSTUS1.W,191450
1999-11-12,PET.WRPUPUS2.W,20383
1999-11-19,PET.WCRSTUS1.W,858663
1999-11-19,PET.WDISTUS1.W,129432
1999-11-19,PET.WGTSTUS1.W,190202
1999-11-19,PET.WRPUPUS2.W,19799
1999-11-26,PET.WCRSTUS1.W,853174
1999-11-26,PET.WDISTUS1.W,131538
1999-11-26,PET.WGTSTUS1.W,191068
1999-11-26,PET.WRPUPUS2.W,19115
1999-12-03,PET.WCRSTUS1.W,852178
1999-12-03,PET.WDISTUS1.W,134773
1999-12-03,PET.WGTSTUS1.W,196648
1999-12-03,PET.WRPUPUS2.W,19552
1999-12-10,PET.WCRSTUS1.W,845452
1999-12-10,PET.WDISTUS1.W,131816
1999-12-10,PET.WGTSTUS1.W,195581
1999-12-10,PET.WRPUPUS2.W,19723
1999-12-17,PET.WCRSTUS1.W,844622
1999-12-17,PET.WDISTUS1.W,128879
1999-12-17,PET.WGTSTUS1.W,194295
1999-12-17,PET.WRPUPUS2.W,19124
1999-12-24,PET.WCRSTUS1.W,844029
1999-12-24,PET.WDISTUS1.W,123147
1999-12-24,PET.WGTSTUS1.W,192797
1999-12-24,PET.WRPUPUS2.W,20288
1999-12-31,PET.WCRSTUS1.W,842310
1999-12-31,PET.WDISTUS1.W,119659
1999-12-31,PET.WGTSTUS1.W,191997
1999-12-31,PET.WRPUPUS2.W,20293
2000-01-07,PET.WCRSTUS1.W,844791
2000-01-07,PET.WDISTUS1.W,122685
2000-01-07,PET.WGTSTUS1.W,194173
2000-01-07,PET.WRPUPUS2.W,19363
2000-01-14,PET.WCRSTUS1.W,844982
2000-01-14,PET.WDISTUS1.W,118825
2000-01-14,PET.WGTSTUS1.W,198240
2000-01-14,PET.WRPUPUS2.W,18222
2000-01-21,PET.WCRSTUS1.W,843147
2000-01-21,PET.WDISTUS1.W,110647
2000-01-21,PET.WGTSTUS1.W,200815
2000-01-21,PET.WRPUPUS2.W,19116
2000-01-28,PET.WCRSTUS1.W,835028
2000-01-28,PET.WDISTUS1.W,106497
2000-01-28,PET.WGTSTUS1.W,201447
2000-01-28,PET.WRPUPUS2.W,19899
2000-02-04,PET.WCRSTUS1.W,838976
2000-02-04,PET.WDISTUS1.W,99621
2000-02-04,PET.WGTSTUS1.W,200937
2000-02-04,PET.WRPUPUS2.W,19123
2000-02-11,PET.WCRSTUS1.W,839088
2000-02-11,PET.WDISTUS1.W,99465
2000-02-11,PET.WGTSTUS1.W,199593
2000-02-11,PET.WRPUPUS2.W,19206
2000-02-18,PET.WCRSTUS1.W,838780
2000-02-18,PET.WDISTUS1.W,99273
2000-02-18,PET.WGTSTUS1.W,196688
2000-02-18,PET.WRPUPUS2.W,19438
2000-02-25,PET.WCRSTUS1.W,838911
2000-02-25,PET.WDISTUS1.W,101005
2000-02-25,PET.WGTSTUS1.W,196523
2000-02-25,PET.WRPUPUS2.W,19169
2000-03-03,PET.WCRSTUS1.W,843876
2000-03-03,PET.WDISTUS1.W,102656
2000-03-03,PET.WGTSTUS1.W,200970
2000-03-03,PET.WRPUPUS2.W,17933
2000-03-10,PET.WCRSTUS1.W,844307
2000-03-10,PET.WDISTUS1.W,102679
2000-03-10,PET.WGTSTUS1.W,198819
2000-03-10,PET.WRPUPUS2.W,19995
2000-03-17,PET.WCRSTUS1.W,845945
2000-03-17,PET.WDISTUS1.W,101573
2000-03-17,PET.WGTSTUS1.W,199255
2000-03-17,PET.WRPUPUS2.W,19022
2000-03-24,PET.WCRSTUS1.W,845795
2000-03-24,PET.WDISTUS1.W,98911
2000-03-24,PET.WGTSTUS1.W,201120
2000-03-24,PET.WRPUPUS2.W,19284
2000-03-31,PET.WCRSTUS1.W,847336
2000-03-31,PET.WDISTUS1.W,97259
2000-03-31,PET.WGTSTUS1.W,203808
2000-03-31,PET.WRPUPUS2.W,18862
2000-04-07,PET.WCRSTUS1.W,850183
2000-04-07,PET.WDISTUS1.W,96666
2000-04-07,PET.WGTSTUS1.W,203566
2000-04-07,PET.WRPUPUS2.W,18556
2000-04-14,PET.WCRSTUS1.W,855678
2000-04-14,PET.WDISTUS1.W,92840
2000-04-14,PET.WGTSTUS1.W,202022
2000-04-14,PET.WRPUPUS2.W,19672
2000-04-21,PET.WCRSTUS1.W,860748
2000-04-21,PET.WDISTUS1.W,93723
2000-04-21,PET.WGTSTUS1.W,200684
2000-04-21,PET.WRPUPUS2.W,18735
2000-04-28,PET.WCRSTUS1.W,857484
2000-04-28,PET.WDISTUS1.W,96433
2000-04-28,PET.WGTSTUS1.W,202506
2000-04-28,PET.WRPUPUS2.W,18842
2000-05-05,PET.WCRSTUS1.W,862020
2000-05-05,PET.WDISTUS1.W,95768
2000-05-05,PET.WGTSTUS1.W,200770
2000-05-05,PET.WRPUPUS2.W,19378
2000-05-12,PET.WCRSTUS1.W,862270
2000-05-12,PET.WDISTUS1.W,96134
2000-05-12,PET.WGTSTUS1.W,202479
2000-05-12,PET.WRPUPUS2.W,18932
2000-05-19,PET.WCRSTUS1.W,863219
2000-05-19,PET.WDISTUS1.W,97422
2000-05-19,PET.WGTSTUS1.W,203561
2000-05-19,PET.WRPUPUS2.W,19990
2000-05-26,PET.WCRSTUS1.W,858618
2000-05-26,PET.WDISTUS1.W,98075
2000-05-26,PET.WGTSTUS1.W,201075
2000-05-26,PET.WRPUPUS2.W,19458
2000-06-02,PET.WCRSTUS1.W,854488
2000-06-02,PET.WDISTUS1.W,102540
2000-06-02,PET.WGTSTUS1.W,201348
2000-06-02,PET.WRPUPUS2.W,18817
2000-06-09,PET.WCRSTUS1.W,853052
2000-06-09,PET.WDISTUS1.W,104943
2000-06-09,PET.WGTSTUS1.W,202699
2000-06-09,PET.WRPUPUS2.W,19345
2000-06-16,PET.WCRSTUS1.W,848491
2000-06-16,PET.WDISTUS1.W,103444
2000-06-16,PET.WGTSTUS1.W,202768
2000-06-16,PET.WRPUPUS2.W,19965
2000-06-23,PET.WCRSTUS1.W,847822
2000-06-23,PET.WDISTUS1.W,103772
2000-06-23,PET.WGTSTUS1.W,204280
2000-06-23,PET.WRPUPUS2.W,19740
2000-06-30,PET.WCRSTUS1.W,846028
2000-06-30,PET.WDISTUS1.W,103748
2000-06-30,PET.WGTSTUS1.W,204522
2000-06-30,PET.WRPUPUS2.W,19746
2000-07-07,PET.WCRSTUS1.W,847777
2000-07-07,PET.WDISTUS1.W,108480
2000-07-07,PET.WGTSTUS1.W,205147
2000-07-07,PET.WRPUPUS2.W,19135
2000-07-14,PET.WCRSTUS1.W,847768
2000-07-14,PET.WDISTUS1.W,109263
2000-07-14,PET.WGTSTUS1.W,205638
2000-07-14,PET.WRPUPUS2.W,20022
2000-07-21,PET.WCRSTUS1.W,848042
2000-07-21,PET.WDISTUS1.W,110409
2000-07-21,PET.WGTSTUS1.W,206907
2000-07-21,PET.WRPUPUS2.W,19268
2000-07-28,PET.WCRSTUS1.W,837588
2000-07-28,PET.WDISTUS1.W,110720
2000-07-28,PET.WGTSTUS1.W,206253
2000-07-28,PET.WRPUPUS2.W,20143
2000-08-04,PET.WCRSTUS1.W,840011
2000-08-04,PET.WDISTUS1.W,110192
2000-08-04,PET.WGTSTUS1.W,204582
2000-08-04,PET.WRPUPUS2.W,20341
2000-08-11,PET.WCRSTUS1.W,843925
2000-08-11,PET.WDISTUS1.W,111475
2000-08-11,PET.WGTSTUS1.W,202442
2000-08-11,PET.WRPUPUS2.W,20464
2000-08-18,PET.WCRSTUS1.W,839767
2000-08-18,PET.WDISTUS1.W,112399
2000-08-18,PET.WGTSTUS1.W,201200
2000-08-18,PET.WRPUPUS2.W,19394
2000-08-25,PET.WCRSTUS1.W,842054
2000-08-25,PET.WDISTUS1.W,112427
2000-08-25,PET.WGTSTUS1.W,196372
2000-08-25,PET.WRPUPUS2.W,20226
2000-09-01,PET.WCRSTUS1.W,844797
2000-09-01,PET.WDISTUS1.W,112317
2000-09-01,PET.WGTSTUS1.W,195498
2000-09-01,PET.WRPUPUS2.W,19776
2000-09-08,PET.WCRSTUS1.W,844129
2000-09-08,PET.WDISTUS1.W,114584
2000-09-08,PET.WGTSTUS1.W,191795
2000-09-08,PET.WRPUPUS2.W,20320
2000-09-15,PET.WCRSTUS1.W,841647
2000-09-15,PET.WDISTUS1.W,115937
2000-09-15,PET.WGTSTUS1.W,187566
2000-09-15,PET.WRPUPUS2.W,20133
2000-09-22,PET.WCRSTUS1.W,841146
2000-09-22,PET.WDISTUS1.W,114941
2000-09-22,PET.WGTSTUS1.W,190559
2000-09-22,PET.WRPUPUS2.W,20318
2000-09-29,PET.WCRSTUS1.W,841541
2000-09-29,PET.WDISTUS1.W,114194
2000-09-29,PET.WGTSTUS1.W,195621
2000-09-29,PET.WRPUPUS2.W,19558
2000-10-06,PET.WCRSTUS1.W,842032
2000-10-06,PET.WDISTUS1.W,113691
2000-10-06,PET.WGTSTUS1.W,195840
2000-10-06,PET.WRPUPUS2.W,18974
2000-10-13,PET.WCRSTUS1.W,837997
2000-10-13,PET.WDISTUS1.W,112799
2000-10-13,PET.WGTSTUS1.W,193261
2000-10-13,PET.WRPUPUS2.W,20289
2000-10-20,PET.WCRSTUS1.W,840402
2000-10-20,PET.WDISTUS1.W,112211
2000-10-20,PET.WGTSTUS1.W,192240
2000-10-20,PET.WRPUPUS2.W,20436
2000-10-27,PET.WCRSTUS1.W,836037
2000-10-27,PET.WDISTUS1.W,113556
2000-10-27,PET.WGTSTUS1.W,188097
2000-10-27,PET.WRPUPUS2.W,20217
2000-11-03,PET.WCRSTUS1.W,832589
2000-11-03,PET.WDISTUS1.W,115710
2000-11-03,PET.WGTSTUS1.W,186147
2000-11-03,PET.WRPUPUS2.W,20499
2000-11-10,PET.WCRSTUS1.W,832589
2000-11-10,PET.WDISTUS1.W,115161
2000-11-10,PET.WGTSTUS1.W,189003
2000-11-10,PET.WRPUPUS2.W,19871
2000-11-17,PET.WCRSTUS1.W,834581
2000-11-17,PET.WDISTUS1.W,114934
2000-11-17,PET.WGTSTUS1.W,188941
2000-11-17,PET.WRPUPUS2.W,20063
2000-11-24,PET.WCRSTUS1.W,828454
2000-11-24,PET.WDISTUS1.W,116609
2000-11-24,PET.WGTSTUS1.W,191190
2000-11-24,PET.WRPUPUS2.W,19243
2000-12-01,PET.WCRSTUS1.W,828995
2000-12-01,PET.WDISTUS1.W,120045
2000-12-01,PET.WGTSTUS1.W,195234
2000-12-01,PET.WRPUPUS2.W,19111
2000-12-08,PET.WCRSTUS1.W,820530
2000-12-08,PET.WDISTUS1.W,115290
2000-12-08,PET.WGTSTUS1.W,196568
2000-12-08,PET.WRPUPUS2.W,20631
2000-12-15,PET.WCRSTUS1.W,819194
2000-12-15,PET.WDISTUS1.W,116188
2000-12-15,PET.WGTSTUS1.W,198983
2000-12-15,PET.WRPUPUS2.W,20611
2000-12-22,PET.WCRSTUS1.W,816514
2000-12-22,PET.WDISTUS1.W,114693
2000-12-22,PET.WGTSTUS1.W,196401
2000-12-22,PET.WRPUPUS2.W,20080
2000-12-29,PET.WCRSTUS1.W,813959
2000-12-29,PET.WDISTUS1.W,116064
2000-12-29,PET.WGTSTUS1.W,193771
2000-12-29,PET.WRPUPUS2.W,21494
2001-01-05,PET.WCRSTUS1.W,812750
2001-01-05,PET.WDISTUS1.W,116761
2001-01-05,PET.WGTSTUS1.W,195663
2001-01-05,PET.WRPUPUS2.W,21098
2001-01-12,PET.WCRSTUS1.W,811740
2001-01-12,PET.WDISTUS1.W,115174
2001-01-12,PET.WGTSTUS1.W,198713
2001-01-12,PET.WRPUPUS2.W,20817
2001-01-19,PET.WCRSTUS1.W,810630
2001-01-19,PET.WDISTUS1.W,116151
2001-01-19,PET.WGTSTUS1.W,200703
2001-01-19,PET.WRPUPUS2.W,19414
2001-01-26,PET.WCRSTUS1.W,807060
2001-01-26,PET.WDISTUS1.W,114469
2001-01-26,PET.WGTSTUS1.W,205882
2001-01-26,PET.WRPUPUS2.W,20248
2001-02-02,PET.WCRSTUS1.W,810971
2001-02-02,PET.WDISTUS1.W,115339
2001-02-02,PET.WGTSTUS1.W,203783
2001-02-02,PET.WRPUPUS2.W,20342
2001-02-09,PET.WCRSTUS1.W,814338
2001-02-09,PET.WDISTUS1.W,116147
2001-02-09,PET.WGTSTUS1.W,202920
2001-02-09,PET.WRPUPUS2.W,20001
2001-02-16,PET.WCRSTUS1.W,802458
2001-02-16,PET.WDISTUS1.W,117706
2001-02-16,PET.WGTSTUS1.W,204595
2001-02-16,PET.WRPUPUS2.W,19025
2001-02-23,PET.WCRSTUS1.W,805337
2001-02-23,PET.WDISTUS1.W,116611
2001-02-23,PET.WGTSTUS1.W,204546
2001-02-23,PET.WRPUPUS2.W,20161
2001-03-02,PET.WCRSTUS1.W,802625
2001-03-02,PET.WDISTUS1.W,115644
2001-03-02,PET.WGTSTUS1.W,203021
2001-03-02,PET.WRPUPUS2.W,20768
2001-03-09,PET.WCRSTUS1.W,811050
2001-03-09,PET.WDISTUS1.W,114313
2001-03-09,PET.WGTSTUS1.W,201582
2001-03-09,PET.WRPUPUS2.W,19803
2001-03-16,PET.WCRSTUS1.W,816213
2001-03-16,PET.WDISTUS1.W,110693
2001-03-16,PET.WGTSTUS1.W,198193
2001-03-16,PET.WRPUPUS2.W,19814
2001-03-23,PET.WCRSTUS1.W,827401
2001-03-23,PET.WDISTUS1.W,107898
2001-03-23,PET.WGTSTUS1.W,196272
2001-03-23,PET.WRPUPUS2.W,19288
2001-03-30,PET.WCRSTUS1.W,829086
2001-03-30,PET.WDISTUS1.W,104013
2001-03-30,PET.WGTSTUS1.W,193035
2001-03-30,PET.WRPUPUS2.W,19067
2001-04-06,PET.WCRSTUS1.W,832897
2001-04-06,PET.WDISTUS1.W,101930
2001-04-06,PET.WGTSTUS1.W,193855
2001-04-06,PET.WRPUPUS2.W,18541
2001-04-13,PET.WCRSTUS1.W,839107
2001-04-13,PET.WDISTUS1.W,102333
2001-04-13,PET.WGTSTUS1.W,192831
2001-04-13,PET.WRPUPUS2.W,19025
2001-04-20,PET.WCRSTUS1.W,837742
2001-04-20,PET.WDISTUS1.W,101710
2001-04-20,PET.WGTSTUS1.W,193913
2001-04-20,PET.WRPUPUS2.W,18880
2001-04-27,PET.WCRSTUS1.W,844067
2001-04-27,PET.WDISTUS1.W,102750
2001-04-27,PET.WGTSTUS1.W,198975
2001-04-27,PET.WRPUPUS2.W,18820
2001-05-04,PET.WCRSTUS1.W,845144
2001-05-04,PET.WDISTUS1.W,103058
2001-05-04,PET.WGTSTUS1.W,200025
2001-05-04,PET.WRPUPUS2.W,20180
2001-05-11,PET.WCRSTUS1.W,848081
2001-05-11,PET.WDISTUS1.W,102944
2001-05-11,PET.WGTSTUS1.W,204069
2001-05-11,PET.WRPUPUS2.W,18694
2001-05-18,PET.WCRSTUS1.W,851423
2001-05-18,PET.WDISTUS1.W,102129
2001-05-18,PET.WGTSTUS1.W,203706
2001-05-18,PET.WRPUPUS2.W,19906
2001-05-25,PET.WCRSTUS1.W,849681
2001-05-25,PET.WDISTUS1.W,104298
2001-05-25,PET.WGTSTUS1.W,208032
2001-05-25,PET.WRPUPUS2.W,18786
2001-06-01,PET.WCRSTUS1.W,851183
2001-06-01,PET.WDISTUS1.W,108131
2001-06-01,PET.WGTSTUS1.W,210265
2001-06-01,PET.WRPUPUS2.W,18451
2001-06-08,PET.WCRSTUS1.W,842979
2001-06-08,PET.WDISTUS1.W,107435
2001-06-08,PET.WGTSTUS1.W,216010
2001-06-08,PET.WRPUPUS2.W,19138
2001-06-15,PET.WCRSTUS1.W,842251
2001-06-15,PET.WDISTUS1.W,109111
2001-06-15,PET.WGTSTUS1.W,219666
2001-06-15,PET.WRPUPUS2.W,18310
2001-06-22,PET.WCRSTUS1.W,842243
2001-06-22,PET.WDISTUS1.W,111191
2001-06-22,PET.WGTSTUS1.W,220745
2001-06-22,PET.WRPUPUS2.W,19651
2001-06-29,PET.WCRSTUS1.W,837490
2001-06-29,PET.WDISTUS1.W,112783
2001-06-29,PET.WGTSTUS1.W,221633
2001-06-29,PET.WRPUPUS2.W,20059
2001-07-06,PET.WCRSTUS1.W,834845
2001-07-06,PET.WDISTUS1.W,116413
2001-07-06,PET.WGTSTUS1.W,221549
2001-07-06,PET.WRPUPUS2.W,19060
2001-07-13,PET.WCRSTUS1.W,841866
2001-07-13,PET.WDISTUS1.W,119064
2001-07-13,PET.WGTSTUS1.W,217832
2001-07-13,PET.WRPUPUS2.W,19857
2001-07-20,PET.WCRSTUS1.W,843246
2001-07-20,PET.WDISTUS1.W,120571
2001-07-20,PET.WGTSTUS1.W,214521
2001-07-20,PET.WRPUPUS2.W,19948
2001-07-27,PET.WCRSTUS1.W,842196
2001-07-27,PET.WDISTUS1.W,121539
2001-07-27,PET.WGTSTUS1.W,211313
2001-07-27,PET.WRPUPUS2.W,20175
2001-08-03,PET.WCRSTUS1.W,835537
2001-08-03,PET.WDISTUS1.W,121671
2001-08-03,PET.WGTSTUS1.W,207789
2001-08-03,PET.WRPUPUS2.W,19187
2001-08-10,PET.WCRSTUS1.W,832688
2001-08-10,PET.WDISTUS1.W,120823
2001-08-10,PET.WGTSTUS1.W,204627
2001-08-10,PET.WRPUPUS2.W,19943
2001-08-17,PET.WCRSTUS1.W,828685
2001-08-17,PET.WDISTUS1.W,120869
2001-08-17,PET.WGTSTUS1.W,202069
2001-08-17,PET.WRPUPUS2.W,20294
2001-08-24,PET.WCRSTUS1.W,831382
2001-08-24,PET.WDISTUS1.W,120737
2001-08-24,PET.WGTSTUS1.W,195874
2001-08-24,PET.WRPUPUS2.W,20079
2001-08-31,PET.WCRSTUS1.W,829428
2001-08-31,PET.WDISTUS1.W,120383
2001-08-31,PET.WGTSTUS1.W,194690
2001-08-31,PET.WRPUPUS2.W,19955
2001-09-07,PET.WCRSTUS1.W,830389
2001-09-07,PET.WDISTUS1.W,121258
2001-09-07,PET.WGTSTUS1.W,195380
2001-09-07,PET.WRPUPUS2.W,19522
2001-09-14,PET.WCRSTUS1.W,830307
2001-09-14,PET.WDISTUS1.W,123349
2001-09-14,PET.WGTSTUS1.W,192331
2001-09-14,PET.WRPUPUS2.W,19069
2001-09-21,PET.WCRSTUS1.W,833974
2001-09-21,PET.WDISTUS1.W,121735
2001-09-21,PET.WGTSTUS1.W,200823
2001-09-21,PET.WRPUPUS2.W,17889
2001-09-28,PET.WCRSTUS1.W,835586
2001-09-28,PET.WDISTUS1.W,122658
2001-09-28,PET.WGTSTUS1.W,203912
2001-09-28,PET.WRPUPUS2.W,19549
2001-10-05,PET.WCRSTUS1.W,835459
2001-10-05,PET.WDISTUS1.W,124602
2001-10-05,PET.WGTSTUS1.W,206117
2001-10-05,PET.WRPUPUS2.W,19431
2001-10-12,PET.WCRSTUS1.W,831019
2001-10-12,PET.WDISTUS1.W,126560
2001-10-12,PET.WGTSTUS1.W,208339
2001-10-12,PET.WRPUPUS2.W,19607
2001-10-19,PET.WCRSTUS1.W,833842
2001-10-19,PET.WDISTUS1.W,127456
2001-10-19,PET.WGTSTUS1.W,208908
2001-10-19,PET.WRPUPUS2.W,19889
2001-10-26,PET.WCRSTUS1.W,836298
2001-10-26,PET.WDISTUS1.W,127931
2001-10-26,PET.WGTSTUS1.W,208308
2001-10-26,PET.WRPUPUS2.W,20172
2001-11-02,PET.WCRSTUS1.W,840757
2001-11-02,PET.WDISTUS1.W,128217
2001-11-02,PET.WGTSTUS1.W,206944
2001-11-02,PET.WRPUPUS2.W,20490
2001-11-09,PET.WCRSTUS1.W,841019
2001-11-09,PET.WDISTUS1.W,130744
2001-11-09,PET.WGTSTUS1.W,205335
2001-11-09,PET.WRPUPUS2.W,19126
2001-11-16,PET.WCRSTUS1.W,840320
2001-11-16,PET.WDISTUS1.W,130533
2001-11-16,PET.WGTSTUS1.W,206682
2001-11-16,PET.WRPUPUS2.W,19622
2001-11-23,PET.WCRSTUS1.W,837664
2001-11-23,PET.WDISTUS1.W,135638
2001-11-23,PET.WGTSTUS1.W,207701
2001-11-23,PET.WRPUPUS2.W,19041
2001-11-30,PET.WCRSTUS1.W,842465
2001-11-30,PET.WDISTUS1.W,137974
2001-11-30,PET.WGTSTUS1.W,212099
2001-11-30,PET.WRPUPUS2.W,19224
2001-12-07,PET.WCRSTUS1.W,840128
2001-12-07,PET.WDISTUS1.W,140284
2001-12-07,PET.WGTSTUS1.W,211201
2001-12-07,PET.WRPUPUS2.W,19411
2001-12-14,PET.WCRSTUS1.W,841508
2001-12-14,PET.WDISTUS1.W,138701
2001-12-14,PET.WGTSTUS1.W,210320
2001-12-14,PET.WRPUPUS2.W,20468
2001-12-21,PET.WCRSTUS1.W,844824
2001-12-21,PET.WDISTUS1.W,137041
2001-12-21,PET.WGTSTUS1.W,207036
2001-12-21,PET.WRPUPUS2.W,20516
2001-12-28,PET.WCRSTUS1.W,842654
2001-12-28,PET.WDISTUS1.W,137642
2001-12-28,PET.WGTSTUS1.W,207914
2001-12-28,PET.WRPUPUS2.W,19609
2002-01-04,PET.WCRSTUS1.W,844645
2002-01-04,PET.WDISTUS1.W,142247
2002-01-04,PET.WGTSTUS1.W,207726
2002-01-04,PET.WRPUPUS2.W,18954
2002-01-11,PET.WCRSTUS1.W,846705
2002-01-11,PET.WDISTUS1.W,141942
2002-01-11,PET.WGTSTUS1.W,210500
2002-01-11,PET.WRPUPUS2.W,19630
2002-01-18,PET.WCRSTUS1.W,850640
2002-01-18,PET.WDISTUS1.W,139013
2002-01-18,PET.WGTSTUS1.W,214055
2002-01-18,PET.WRPUPUS2.W,19007
2002-01-25,PET.WCRSTUS1.W,853793
2002-01-25,PET.WDISTUS1.W,138842
2002-01-25,PET.WGTSTUS1.W,216656
2002-01-25,PET.WRPUPUS2.W,18899
2002-02-01,PET.WCRSTUS1.W,856721
2002-02-01,PET.WDISTUS1.W,137335
2002-02-01,PET.WGTSTUS1.W,216355
2002-02-01,PET.WRPUPUS2.W,19242
2002-02-08,PET.WCRSTUS1.W,862065
2002-02-08,PET.WDISTUS1.W,137531
2002-02-08,PET.WGTSTUS1.W,217358
2002-02-08,PET.WRPUPUS2.W,18943
2002-02-15,PET.WCRSTUS1.W,859337
2002-02-15,PET.WDISTUS1.W,135683
2002-02-15,PET.WGTSTUS1.W,216883
2002-02-15,PET.WRPUPUS2.W,19782
2002-02-22,PET.WCRSTUS1.W,858593
2002-02-22,PET.WDISTUS1.W,132702
2002-02-22,PET.WGTSTUS1.W,215753
2002-02-22,PET.WRPUPUS2.W,19336
2002-03-01,PET.WCRSTUS1.W,863481
2002-03-01,PET.WDISTUS1.W,130840
2002-03-01,PET.WGTSTUS1.W,212674
2002-03-01,PET.WRPUPUS2.W,19855
2002-03-08,PET.WCRSTUS1.W,864053
2002-03-08,PET.WDISTUS1.W,127987
2002-03-08,PET.WGTSTUS1.W,211544
2002-03-08,PET.WRPUPUS2.W,18459
2002-03-15,PET.WCRSTUS1.W,867613
2002-03-15,PET.WDISTUS1.W,125476
2002-03-15,PET.WGTSTUS1.W,209080
2002-03-15,PET.WRPUPUS2.W,18856
2002-03-22,PET.WCRSTUS1.W,863169
2002-03-22,PET.WDISTUS1.W,122525
2002-03-22,PET.WGTSTUS1.W,207157
2002-03-22,PET.WRPUPUS2.W,19573
2002-03-29,PET.WCRSTUS1.W,869193
2002-03-29,PET.WDISTUS1.W,119675
2002-03-29,PET.WGTSTUS1.W,211521
2002-03-29,PET.WRPUPUS2.W,19220
2002-04-05,PET.WCRSTUS1.W,870028
2002-04-05,PET.WDISTUS1.W,121161
2002-04-05,PET.WGTSTUS1.W,212602
2002-04-05,PET.WRPUPUS2.W,19517
2002-04-12,PET.WCRSTUS1.W,865998
2002-04-12,PET.WDISTUS1.W,120086
2002-04-12,PET.WGTSTUS1.W,211127
2002-04-12,PET.WRPUPUS2.W,19727
2002-04-19,PET.WCRSTUS1.W,869400
2002-04-19,PET.WDISTUS1.W,119718
2002-04-19,PET.WGTSTUS1.W,210555
2002-04-19,PET.WRPUPUS2.W,19153
2002-04-26,PET.WCRSTUS1.W,874551
2002-04-26,PET.WDISTUS1.W,120191
2002-04-26,PET.WGTSTUS1.W,211946
2002-04-26,PET.WRPUPUS2.W,19472
2002-05-03,PET.WCRSTUS1.W,870114
2002-05-03,PET.WDISTUS1.W,121497
2002-05-03,PET.WGTSTUS1.W,214108
2002-05-03,PET.WRPUPUS2.W,19368
2002-05-10,PET.WCRSTUS1.W,866889
2002-05-10,PET.WDISTUS1.W,122454
2002-05-10,PET.WGTSTUS1.W,217207
2002-05-10,PET.WRPUPUS2.W,19236
2002-05-17,PET.WCRSTUS1.W,872140
2002-05-17,PET.WDISTUS1.W,123915
2002-05-17,PET.WGTSTUS1.W,216094
2002-05-17,PET.WRPUPUS2.W,19875
2002-05-24,PET.WCRSTUS1.W,871756
2002-05-24,PET.WDISTUS1.W,124930
2002-05-24,PET.WGTSTUS1.W,218100
2002-05-24,PET.WRPUPUS2.W,19353
2002-05-31,PET.WCRSTUS1.W,879039
2002-05-31,PET.WDISTUS1.W,127479
2002-05-31,PET.WGTSTUS1.W,215916
2002-05-31,PET.WRPUPUS2.W,19587
2002-06-07,PET.WCRSTUS1.W,878974
2002-06-07,PET.WDISTUS1.W,129215
2002-06-07,PET.WGTSTUS1.W,214362
2002-06-07,PET.WRPUPUS2.W,19338
2002-06-14,PET.WCRSTUS1.W,879382
2002-06-14,PET.WDISTUS1.W,129490
2002-06-14,PET.WGTSTUS1.W,215229
2002-06-14,PET.WRPUPUS2.W,18953
2002-06-21,PET.WCRSTUS1.W,877526
2002-06-21,PET.WDISTUS1.W,128645
2002-06-21,PET.WGTSTUS1.W,216405
2002-06-21,PET.WRPUPUS2.W,20108
2002-06-28,PET.WCRSTUS1.W,880183
2002-06-28,PET.WDISTUS1.W,128297
2002-06-28,PET.WGTSTUS1.W,216434
2002-06-28,PET.WRPUPUS2.W,20191
2002-07-05,PET.WCRSTUS1.W,876805
2002-07-05,PET.WDISTUS1.W,131376
2002-07-05,PET.WGTSTUS1.W,214720
2002-07-05,PET.WRPUPUS2.W,19433
2002-07-12,PET.WCRSTUS1.W,875906
2002-07-12,PET.WDISTUS1.W,133471
2002-07-12,PET.WGTSTUS1.W,213232
2002-07-12,PET.WRPUPUS2.W,19013
2002-07-19,PET.WCRSTUS1.W,872747
2002-07-19,PET.WDISTUS1.W,133267
2002-07-19,PET.WGTSTUS1.W,212591
2002-07-19,PET.WRPUPUS2.W,19620
2002-07-26,PET.WCRSTUS1.W,870770
2002-07-26,PET.WDISTUS1.W,134446
2002-07-26,PET.WGTSTUS1.W,211591
2002-07-26,PET.WRPUPUS2.W,20066
2002-08-02,PET.WCRSTUS1.W,869164
2002-08-02,PET.WDISTUS1.W,135092
2002-08-02,PET.WGTSTUS1.W,212470
2002-08-02,PET.WRPUPUS2.W,20290
2002-08-09,PET.WCRSTUS1.W,862532
2002-08-09,PET.WDISTUS1.W,133960
2002-08-09,PET.WGTSTUS1.W,207965
2002-08-09,PET.WRPUPUS2.W,20357
2002-08-16,PET.WCRSTUS1.W,865875
2002-08-16,PET.WDISTUS1.W,133385
2002-08-16,PET.WGTSTUS1.W,208743
2002-08-16,PET.WRPUPUS2.W,20181
2002-08-23,PET.WCRSTUS1.W,866770
2002-08-23,PET.WDISTUS1.W,131575
2002-08-23,PET.WGTSTUS1.W,206761
2002-08-23,PET.WRPUPUS2.W,20328
2002-08-30,PET.WCRSTUS1.W,862811
2002-08-30,PET.WDISTUS1.W,129635
2002-08-30,PET.WGTSTUS1.W,205330
2002-08-30,PET.WRPUPUS2.W,20015
2002-09-06,PET.WCRSTUS1.W,859139
2002-09-06,PET.WDISTUS1.W,133567
2002-09-06,PET.WGTSTUS1.W,205598
2002-09-06,PET.WRPUPUS2.W,19209
2002-09-13,PET.WCRSTUS1.W,855101
2002-09-13,PET.WDISTUS1.W,131385
2002-09-13,PET.WGTSTUS1.W,204987
2002-09-13,PET.WRPUPUS2.W,19512
2002-09-20,PET.WCRSTUS1.W,852861
2002-09-20,PET.WDISTUS1.W,129820
2002-09-20,PET.WGTSTUS1.W,207222
2002-09-20,PET.WRPUPUS2.W,19360
2002-09-27,PET.WCRSTUS1.W,844179
2002-09-27,PET.WDISTUS1.W,130066
2002-09-27,PET.WGTSTUS1.W,208421
2002-09-27,PET.WRPUPUS2.W,19224
2002-10-04,PET.WCRSTUS1.W,840480
2002-10-04,PET.WDISTUS1.W,127357
2002-10-04,PET.WGTSTUS1.W,205280
2002-10-04,PET.WRPUPUS2.W,19711
2002-10-11,PET.WCRSTUS1.W,850954
2002-10-11,PET.WDISTUS1.W,125426
2002-10-11,PET.WGTSTUS1.W,198979
2002-10-11,PET.WRPUPUS2.W,18804
2002-10-18,PET.WCRSTUS1.W,858130
2002-10-18,PET.WDISTUS1.W,125577
2002-10-18,PET.WGTSTUS1.W,195357
2002-10-18,PET.WRPUPUS2.W,19043
2002-10-25,PET.WCRSTUS1.W,859477
2002-10-25,PET.WDISTUS1.W,123752
2002-10-25,PET.WGTSTUS1.W,194311
2002-10-25,PET.WRPUPUS2.W,19990
2002-11-01,PET.WCRSTUS1.W,863471
2002-11-01,PET.WDISTUS1.W,121897
2002-11-01,PET.WGTSTUS1.W,192146
2002-11-01,PET.WRPUPUS2.W,19796
2002-11-08,PET.WCRSTUS1.W,858147
2002-11-08,PET.WDISTUS1.W,121436
2002-11-08,PET.WGTSTUS1.W,194044
2002-11-08,PET.WRPUPUS2.W,19214
2002-11-15,PET.WCRSTUS1.W,863910
2002-11-15,PET.WDISTUS1.W,122851
2002-11-15,PET.WGTSTUS1.W,193499
2002-11-15,PET.WRPUPUS2.W,19611
2002-11-22,PET.WCRSTUS1.W,861568
2002-11-22,PET.WDISTUS1.W,119961
2002-11-22,PET.WGTSTUS1.W,197419
2002-11-22,PET.WRPUPUS2.W,20498
2002-11-29,PET.WCRSTUS1.W,865775
2002-11-29,PET.WDISTUS1.W,119838
2002-11-29,PET.WGTSTUS1.W,199962
2002-11-29,PET.WRPUPUS2.W,20681
2002-12-06,PET.WCRSTUS1.W,869699
2002-12-06,PET.WDISTUS1.W,123261
2002-12-06,PET.WGTSTUS1.W,203240
2002-12-06,PET.WRPUPUS2.W,19508
2002-12-13,PET.WCRSTUS1.W,868583
2002-12-13,PET.WDISTUS1.W,124738
2002-12-13,PET.WGTSTUS1.W,203149
2002-12-13,PET.WRPUPUS2.W,19950
2002-12-20,PET.WCRSTUS1.W,870009
2002-12-20,PET.WDISTUS1.W,124919
2002-12-20,PET.WGTSTUS1.W,205370
2002-12-20,PET.WRPUPUS2.W,20211
2002-12-27,PET.WCRSTUS1.W,860984
2002-12-27,PET.WDISTUS1.W,126823
2002-12-27,PET.WGTSTUS1.W,204956
2002-12-27,PET.WRPUPUS2.W,20434
2003-01-03,PET.WCRSTUS1.W,861603
2003-01-03,PET.WDISTUS1.W,129748
2003-01-03,PET.WGTSTUS1.W,209828
2003-01-03,PET.WRPUPUS2.W,19780
2003-01-10,PET.WCRSTUS1.W,855330
2003-01-10,PET.WDISTUS1.W,132294
2003-01-10,PET.WGTSTUS1.W,215582
2003-01-10,PET.WRPUPUS2.W,19263
2003-01-17,PET.WCRSTUS1.W,856915
2003-01-17,PET.WDISTUS1.W,129240
2003-01-17,PET.WGTSTUS1.W,216270
2003-01-17,PET.WRPUPUS2.W,20105
2003-01-24,PET.WCRSTUS1.W,856403
2003-01-24,PET.WDISTUS1.W,122386
2003-01-24,PET.WGTSTUS1.W,212980
2003-01-24,PET.WRPUPUS2.W,20281
2003-01-31,PET.WCRSTUS1.W,857347
2003-01-31,PET.WDISTUS1.W,112056
2003-01-31,PET.WGTSTUS1.W,209613
2003-01-31,PET.WRPUPUS2.W,20819
2003-02-07,PET.WCRSTUS1.W,853026
2003-02-07,PET.WDISTUS1.W,108220
2003-02-07,PET.WGTSTUS1.W,212649
2003-02-07,PET.WRPUPUS2.W,19151
2003-02-14,PET.WCRSTUS1.W,856084
2003-02-14,PET.WDISTUS1.W,103581
2003-02-14,PET.WGTSTUS1.W,211206
2003-02-14,PET.WRPUPUS2.W,20353
2003-02-21,PET.WCRSTUS1.W,855050
2003-02-21,PET.WDISTUS1.W,99053
2003-02-21,PET.WGTSTUS1.W,208095
2003-02-21,PET.WRPUPUS2.W,20064
2003-02-28,PET.WCRSTUS1.W,856747
2003-02-28,PET.WDISTUS1.W,96539
2003-02-28,PET.WGTSTUS1.W,206086
2003-02-28,PET.WRPUPUS2.W,20078
2003-03-07,PET.WCRSTUS1.W,852459
2003-03-07,PET.WDISTUS1.W,98317
2003-03-07,PET.WGTSTUS1.W,202008
2003-03-07,PET.WRPUPUS2.W,19887
2003-03-14,PET.WCRSTUS1.W,852931
2003-03-14,PET.WDISTUS1.W,97226
2003-03-14,PET.WGTSTUS1.W,201083
2003-03-14,PET.WRPUPUS2.W,20301
2003-03-21,PET.WCRSTUS1.W,856636
2003-03-21,PET.WDISTUS1.W,99478
2003-03-21,PET.WGTSTUS1.W,198977
2003-03-21,PET.WRPUPUS2.W,20164
2003-03-28,PET.WCRSTUS1.W,863369
2003-03-28,PET.WDISTUS1.W,97892
2003-03-28,PET.WGTSTUS1.W,200721
2003-03-28,PET.WRPUPUS2.W,19831
2003-04-04,PET.WCRSTUS1.W,859871
2003-04-04,PET.WDISTUS1.W,96120
2003-04-04,PET.WGTSTUS1.W,202182
2003-04-04,PET.WRPUPUS2.W,20767
2003-04-11,PET.WCRSTUS1.W,860204
2003-04-11,PET.WDISTUS1.W,95721
2003-04-11,PET.WGTSTUS1.W,201947
2003-04-11,PET.WRPUPUS2.W,19698
2003-04-18,PET.WCRSTUS1.W,869175
2003-04-18,PET.WDISTUS1.W,96063
2003-04-18,PET.WGTSTUS1.W,201174
2003-04-18,PET.WRPUPUS2.W,19459
2003-04-25,PET.WCRSTUS1.W,870997
2003-04-25,PET.WDISTUS1.W,95862
2003-04-25,PET.WGTSTUS1.W,205592
2003-04-25,PET.WRPUPUS2.W,19396
2003-05-02,PET.WCRSTUS1.W,870684
2003-05-02,PET.WDISTUS1.W,97303
2003-05-02,PET.WGTSTUS1.W,207794
2003-05-02,PET.WRPUPUS2.W,20701
2003-05-09,PET.WCRSTUS1.W,868766
2003-05-09,PET.WDISTUS1.W,99878
2003-05-09,PET.WGTSTUS1.W,208644
2003-05-09,PET.WRPUPUS2.W,19854
2003-05-16,PET.WCRSTUS1.W,870120
2003-05-16,PET.WDISTUS1.W,102701
2003-05-16,PET.WGTSTUS1.W,208377
2003-05-16,PET.WRPUPUS2.W,19895
2003-05-23,PET.WCRSTUS1.W,871669
2003-05-23,PET.WDISTUS1.W,101519
2003-05-23,PET.WGTSTUS1.W,205034
2003-05-23,PET.WRPUPUS2.W,20598
2003-05-30,PET.WCRSTUS1.W,875458
2003-05-30,PET.WDISTUS1.W,104514
2003-05-30,PET.WGTSTUS1.W,207281
2003-05-30,PET.WRPUPUS2.W,19977
2003-06-06,PET.WCRSTUS1.W,872215
2003-06-06,PET.WDISTUS1.W,107331
2003-06-06,PET.WGTSTUS1.W,209853
2003-06-06,PET.WRPUPUS2.W,19849
2003-06-13,PET.WCRSTUS1.W,877458
2003-06-13,PET.WDISTUS1.W,109419
2003-06-13,PET.WGTSTUS1.W,209124
2003-06-13,PET.WRPUPUS2.W,20589
2003-06-20,PET.WCRSTUS1.W,873611
2003-06-20,PET.WDISTUS1.W,109410
2003-06-20,PET.WGTSTUS1.W,208204
2003-06-20,PET.WRPUPUS2.W,20027
2003-06-27,PET.WCRSTUS1.W,873290
2003-06-27,PET.WDISTUS1.W,109727
2003-06-27,PET.WGTSTUS1.W,204960
2003-06-27,PET.WRPUPUS2.W,20727
2003-07-04,PET.WCRSTUS1.W,874511
2003-07-04,PET.WDISTUS1.W,109192
2003-07-04,PET.WGTSTUS1.W,205486
2003-07-04,PET.WRPUPUS2.W,20226
2003-07-11,PET.WCRSTUS1.W,871489
2003-07-11,PET.WDISTUS1.W,114685
2003-07-11,PET.WGTSTUS1.W,209422
2003-07-11,PET.WRPUPUS2.W,19181
2003-07-18,PET.WCRSTUS1.W,869850
2003-07-18,PET.WDISTUS1.W,115199
2003-07-18,PET.WGTSTUS1.W,207820
2003-07-18,PET.WRPUPUS2.W,20040
2003-07-25,PET.WCRSTUS1.W,871644
2003-07-25,PET.WDISTUS1.W,117388
2003-07-25,PET.WGTSTUS1.W,204496
2003-07-25,PET.WRPUPUS2.W,20292
2003-08-01,PET.WCRSTUS1.W,876495
2003-08-01,PET.WDISTUS1.W,119051
2003-08-01,PET.WGTSTUS1.W,201784
2003-08-01,PET.WRPUPUS2.W,20003
2003-08-08,PET.WCRSTUS1.W,876824
2003-08-08,PET.WDISTUS1.W,119918
2003-08-08,PET.WGTSTUS1.W,198147
2003-08-08,PET.WRPUPUS2.W,20737
2003-08-15,PET.WCRSTUS1.W,875376
2003-08-15,PET.WDISTUS1.W,121129
2003-08-15,PET.WGTSTUS1.W,196850
2003-08-15,PET.WRPUPUS2.W,20573
2003-08-22,PET.WCRSTUS1.W,878418
2003-08-22,PET.WDISTUS1.W,121786
2003-08-22,PET.WGTSTUS1.W,191179
2003-08-22,PET.WRPUPUS2.W,20590
2003-08-29,PET.WCRSTUS1.W,881246
2003-08-29,PET.WDISTUS1.W,124732
2003-08-29,PET.WGTSTUS1.W,191898
2003-08-29,PET.WRPUPUS2.W,20291
2003-09-05,PET.WCRSTUS1.W,878240
2003-09-05,PET.WDISTUS1.W,128390
2003-09-05,PET.WGTSTUS1.W,192579
2003-09-05,PET.WRPUPUS2.W,18892
2003-09-12,PET.WCRSTUS1.W,883161
2003-09-12,PET.WDISTUS1.W,131332
2003-09-12,PET.WGTSTUS1.W,195322
2003-09-12,PET.WRPUPUS2.W,19265
2003-09-19,PET.WCRSTUS1.W,885790
2003-09-19,PET.WDISTUS1.W,131235
2003-09-19,PET.WGTSTUS1.W,196822
2003-09-19,PET.WRPUPUS2.W,19083
2003-09-26,PET.WCRSTUS1.W,886376
2003-09-26,PET.WDISTUS1.W,131273
2003-09-26,PET.WGTSTUS1.W,199174
2003-09-26,PET.WRPUPUS2.W,18949
2003-10-03,PET.WCRSTUS1.W,893028
2003-10-03,PET.WDISTUS1.W,131460
2003-10-03,PET.WGTSTUS1.W,197986
2003-10-03,PET.WRPUPUS2.W,19971
2003-10-10,PET.WCRSTUS1.W,898706
2003-10-10,PET.WDISTUS1.W,129839
2003-10-10,PET.WGTSTUS1.W,194579
2003-10-10,PET.WRPUPUS2.W,20164
2003-10-17,PET.WCRSTUS1.W,898318
2003-10-17,PET.WDISTUS1.W,132449
2003-10-17,PET.WGTSTUS1.W,195986
2003-10-17,PET.WRPUPUS2.W,19192
2003-10-24,PET.WCRSTUS1.W,903615
2003-10-24,PET.WDISTUS1.W,134013
2003-10-24,PET.WGTSTUS1.W,193809
2003-10-24,PET.WRPUPUS2.W,19681
2003-10-31,PET.WCRSTUS1.W,904900
2003-10-31,PET.WDISTUS1.W,132693
2003-10-31,PET.WGTSTUS1.W,191334
2003-10-31,PET.WRPUPUS2.W,20555
2003-11-07,PET.WCRSTUS1.W,905184
2003-11-07,PET.WDISTUS1.W,131191
2003-11-07,PET.WGTSTUS1.W,192267
2003-11-07,PET.WRPUPUS2.W,20203
2003-11-14,PET.WCRSTUS1.W,909107
2003-11-14,PET.WDISTUS1.W,128908
2003-11-14,PET.WGTSTUS1.W,192194
2003-11-14,PET.WRPUPUS2.W,20124
2003-11-21,PET.WCRSTUS1.W,904631
2003-11-21,PET.WDISTUS1.W,128304
2003-11-21,PET.WGTSTUS1.W,193653
2003-11-21,PET.WRPUPUS2.W,20068
2003-11-28,PET.WCRSTUS1.W,900547
2003-11-28,PET.WDISTUS1.W,131084
2003-11-28,PET.WGTSTUS1.W,197110
2003-11-28,PET.WRPUPUS2.W,19768
2003-12-05,PET.WCRSTUS1.W,895901
2003-12-05,PET.WDISTUS1.W,132118
2003-12-05,PET.WGTSTUS1.W,200472
2003-12-05,PET.WRPUPUS2.W,19714
2003-12-12,PET.WCRSTUS1.W,891298
2003-12-12,PET.WDISTUS1.W,130747
2003-12-12,PET.WGTSTUS1.W,202377
2003-12-12,PET.WRPUPUS2.W,20530
2003-12-19,PET.WCRSTUS1.W,893901
2003-12-19,PET.WDISTUS1.W,128435
2003-12-19,PET.WGTSTUS1.W,202987
2003-12-19,PET.WRPUPUS2.W,20345
2003-12-26,PET.WCRSTUS1.W,890821
2003-12-26,PET.WDISTUS1.W,129145
2003-12-26,PET.WGTSTUS1.W,203619
2003-12-26,PET.WRPUPUS2.W,20109
2004-01-02,PET.WCRSTUS1.W,890843
2004-01-02,PET.WDISTUS1.W,135515
2004-01-02,PET.WGTSTUS1.W,206308
2004-01-02,PET.WRPUPUS2.W,19320
2004-01-09,PET.WCRSTUS1.W,886904
2004-01-09,PET.WDISTUS1.W,138321
2004-01-09,PET.WGTSTUS1.W,208416
2004-01-09,PET.WRPUPUS2.W,19303
2004-01-16,PET.WCRSTUS1.W,888425
2004-01-16,PET.WDISTUS1.W,135469
2004-01-16,PET.WGTSTUS1.W,209484
2004-01-16,PET.WRPUPUS2.W,20011
2004-01-23,PET.WCRSTUS1.W,887785
2004-01-23,PET.WDISTUS1.W,131023
2004-01-23,PET.WGTSTUS1.W,206040
2004-01-23,PET.WRPUPUS2.W,20810
2004-01-30,PET.WCRSTUS1.W,896308
2004-01-30,PET.WDISTUS1.W,124152
2004-01-30,PET.WGTSTUS1.W,205593
2004-01-30,PET.WRPUPUS2.W,20754
2004-02-06,PET.WCRSTUS1.W,894047
2004-02-06,PET.WDISTUS1.W,118258
2004-02-06,PET.WGTSTUS1.W,204417
2004-02-06,PET.WRPUPUS2.W,20326
2004-02-13,PET.WCRSTUS1.W,900536
2004-02-13,PET.WDISTUS1.W,112470
2004-02-13,PET.WGTSTUS1.W,205023
2004-02-13,PET.WRPUPUS2.W,21071
2004-02-20,PET.WCRSTUS1.W,902419
2004-02-20,PET.WDISTUS1.W,111380
2004-02-20,PET.WGTSTUS1.W,203378
2004-02-20,PET.WRPUPUS2.W,20941
2004-02-27,PET.WCRSTUS1.W,905673
2004-02-27,PET.WDISTUS1.W,111309
2004-02-27,PET.WGTSTUS1.W,202014
2004-02-27,PET.WRPUPUS2.W,19503
2004-03-05,PET.WCRSTUS1.W,910271
2004-03-05,PET.WDISTUS1.W,112747
2004-03-05,PET.WGTSTUS1.W,200420
2004-03-05,PET.WRPUPUS2.W,19662
2004-03-12,PET.WCRSTUS1.W,912509
2004-03-12,PET.WDISTUS1.W,111767
2004-03-12,PET.WGTSTUS1.W,199626
2004-03-12,PET.WRPUPUS2.W,19501
2004-03-19,PET.WCRSTUS1.W,921410
2004-03-19,PET.WDISTUS1.W,110415
2004-03-19,PET.WGTSTUS1.W,199523
2004-03-19,PET.WRPUPUS2.W,19574
2004-03-26,PET.WCRSTUS1.W,928421
2004-03-26,PET.WDISTUS1.W,109739
2004-03-26,PET.WGTSTUS1.W,200885
2004-03-26,PET.WRPUPUS2.W,19570
2004-04-02,PET.WCRSTUS1.W,928261
2004-04-02,PET.WDISTUS1.W,105185
2004-04-02,PET.WGTSTUS1.W,200057
2004-04-02,PET.WRPUPUS2.W,20580
2004-04-09,PET.WCRSTUS1.W,932251
2004-04-09,PET.WDISTUS1.W,103896
2004-04-09,PET.WGTSTUS1.W,197451
2004-04-09,PET.WRPUPUS2.W,20639
2004-04-16,PET.WCRSTUS1.W,933786
2004-04-16,PET.WDISTUS1.W,104632
2004-04-16,PET.WGTSTUS1.W,199083
2004-04-16,PET.WRPUPUS2.W,20051
2004-04-23,PET.WCRSTUS1.W,939155
2004-04-23,PET.WDISTUS1.W,104787
2004-04-23,PET.WGTSTUS1.W,199958
2004-04-23,PET.WRPUPUS2.W,19553
2004-04-30,PET.WCRSTUS1.W,940336
2004-04-30,PET.WDISTUS1.W,107219
2004-04-30,PET.WGTSTUS1.W,203996
2004-04-30,PET.WRPUPUS2.W,18932
2004-05-07,PET.WCRSTUS1.W,942709
2004-05-07,PET.WDISTUS1.W,107527
2004-05-07,PET.WGTSTUS1.W,202450
2004-05-07,PET.WRPUPUS2.W,20706
2004-05-14,PET.WCRSTUS1.W,941911
2004-05-14,PET.WDISTUS1.W,109178
2004-05-14,PET.WGTSTUS1.W,203674
2004-05-14,PET.WRPUPUS2.W,20606
2004-05-21,PET.WCRSTUS1.W,942085
2004-05-21,PET.WDISTUS1.W,108667
2004-05-21,PET.WGTSTUS1.W,203017
2004-05-21,PET.WRPUPUS2.W,20440
2004-05-28,PET.WCRSTUS1.W,945730
2004-05-28,PET.WDISTUS1.W,108936
2004-05-28,PET.WGTSTUS1.W,204279
2004-05-28,PET.WRPUPUS2.W,20240
2004-06-04,PET.WCRSTUS1.W,947442
2004-06-04,PET.WDISTUS1.W,108331
2004-06-04,PET.WGTSTUS1.W,206432
2004-06-04,PET.WRPUPUS2.W,20618
2004-06-11,PET.WCRSTUS1.W,948290
2004-06-11,PET.WDISTUS1.W,109758
2004-06-11,PET.WGTSTUS1.W,205943
2004-06-11,PET.WRPUPUS2.W,20322
2004-06-18,PET.WCRSTUS1.W,950705
2004-06-18,PET.WDISTUS1.W,110389
2004-06-18,PET.WGTSTUS1.W,205134
2004-06-18,PET.WRPUPUS2.W,20598
2004-06-25,PET.WCRSTUS1.W,951242
2004-06-25,PET.WDISTUS1.W,110918
2004-06-25,PET.WGTSTUS1.W,205148
2004-06-25,PET.WRPUPUS2.W,20700
2004-07-02,PET.WCRSTUS1.W,951332
2004-07-02,PET.WDISTUS1.W,114024
2004-07-02,PET.WGTSTUS1.W,206108
2004-07-02,PET.WRPUPUS2.W,20222
2004-07-09,PET.WCRSTUS1.W,949656
2004-07-09,PET.WDISTUS1.W,116729
2004-07-09,PET.WGTSTUS1.W,205903
2004-07-09,PET.WRPUPUS2.W,20316
2004-07-16,PET.WCRSTUS1.W,946080
2004-07-16,PET.WDISTUS1.W,118421
2004-07-16,PET.WGTSTUS1.W,208420
2004-07-16,PET.WRPUPUS2.W,19678
2004-07-23,PET.WCRSTUS1.W,948346
2004-07-23,PET.WDISTUS1.W,119091
2004-07-23,PET.WGTSTUS1.W,207651
2004-07-23,PET.WRPUPUS2.W,20682
2004-07-30,PET.WCRSTUS1.W,947080
2004-07-30,PET.WDISTUS1.W,121152
2004-07-30,PET.WGTSTUS1.W,210108
2004-07-30,PET.WRPUPUS2.W,20689
2004-08-06,PET.WCRSTUS1.W,944097
2004-08-06,PET.WDISTUS1.W,122490
2004-08-06,PET.WGTSTUS1.W,208296
2004-08-06,PET.WRPUPUS2.W,20767
2004-08-13,PET.WCRSTUS1.W,943398
2004-08-13,PET.WDISTUS1.W,124567
2004-08-13,PET.WGTSTUS1.W,205742
2004-08-13,PET.WRPUPUS2.W,20477
2004-08-20,PET.WCRSTUS1.W,942724
2004-08-20,PET.WDISTUS1.W,125050
2004-08-20,PET.WGTSTUS1.W,205743
2004-08-20,PET.WRPUPUS2.W,20863
2004-08-27,PET.WCRSTUS1.W,939800
2004-08-27,PET.WDISTUS1.W,126355
2004-08-27,PET.WGTSTUS1.W,206552
2004-08-27,PET.WRPUPUS2.W,20699
2004-09-03,PET.WCRSTUS1.W,938757
2004-09-03,PET.WDISTUS1.W,126649
2004-09-03,PET.WGTSTUS1.W,204073
2004-09-03,PET.WRPUPUS2.W,20926
2004-09-10,PET.WCRSTUS1.W,932043
2004-09-10,PET.WDISTUS1.W,128321
2004-09-10,PET.WGTSTUS1.W,202493
2004-09-10,PET.WRPUPUS2.W,20350
2004-09-17,PET.WCRSTUS1.W,923487
2004-09-17,PET.WDISTUS1.W,126817
2004-09-17,PET.WGTSTUS1.W,199654
2004-09-17,PET.WRPUPUS2.W,20209
2004-09-24,PET.WCRSTUS1.W,927473
2004-09-24,PET.WDISTUS1.W,125487
2004-09-24,PET.WGTSTUS1.W,198846
2004-09-24,PET.WRPUPUS2.W,19888
2004-10-01,PET.WCRSTUS1.W,928062
2004-10-01,PET.WDISTUS1.W,123360
2004-10-01,PET.WGTSTUS1.W,199429
2004-10-01,PET.WRPUPUS2.W,20299
2004-10-08,PET.WCRSTUS1.W,931315
2004-10-08,PET.WDISTUS1.W,120923
2004-10-08,PET.WGTSTUS1.W,200616
2004-10-08,PET.WRPUPUS2.W,20438
2004-10-15,PET.WCRSTUS1.W,932262
2004-10-15,PET.WDISTUS1.W,119020
2004-10-15,PET.WGTSTUS1.W,199883
2004-10-15,PET.WRPUPUS2.W,20601
2004-10-22,PET.WCRSTUS1.W,936852
2004-10-22,PET.WDISTUS1.W,116576
2004-10-22,PET.WGTSTUS1.W,201163
2004-10-22,PET.WRPUPUS2.W,20308
2004-10-29,PET.WCRSTUS1.W,943244
2004-10-29,PET.WDISTUS1.W,115715
2004-10-29,PET.WGTSTUS1.W,201677
2004-10-29,PET.WRPUPUS2.W,20216
2004-11-05,PET.WCRSTUS1.W,945555
2004-11-05,PET.WDISTUS1.W,115578
2004-11-05,PET.WGTSTUS1.W,201270
2004-11-05,PET.WRPUPUS2.W,20475
2004-11-12,PET.WCRSTUS1.W,947295
2004-11-12,PET.WDISTUS1.W,114577
2004-11-12,PET.WGTSTUS1.W,200879
2004-11-12,PET.WRPUPUS2.W,21403
2004-11-19,PET.WCRSTUS1.W,947379
2004-11-19,PET.WDISTUS1.W,115607
2004-11-19,PET.WGTSTUS1.W,202741
2004-11-19,PET.WRPUPUS2.W,20404
2004-11-26,PET.WCRSTUS1.W,948228
2004-11-26,PET.WDISTUS1.W,117922
2004-11-26,PET.WGTSTUS1.W,205741
2004-11-26,PET.WRPUPUS2.W,20118
2004-12-03,PET.WCRSTUS1.W,950294
2004-12-03,PET.WDISTUS1.W,119299
2004-12-03,PET.WGTSTUS1.W,208096
2004-12-03,PET.WRPUPUS2.W,20526
2004-12-10,PET.WCRSTUS1.W,950630
2004-12-10,PET.WDISTUS1.W,119336
2004-12-10,PET.WGTSTUS1.W,209616
2004-12-10,PET.WRPUPUS2.W,20928
2004-12-17,PET.WCRSTUS1.W,953126
2004-12-17,PET.WDISTUS1.W,119920
2004-12-17,PET.WGTSTUS1.W,211381
2004-12-17,PET.WRPUPUS2.W,20782
2004-12-24,PET.WCRSTUS1.W,952267
2004-12-24,PET.WDISTUS1.W,119129
2004-12-24,PET.WGTSTUS1.W,212251
2004-12-24,PET.WRPUPUS2.W,21449
2004-12-31,PET.WCRSTUS1.W,949442
2004-12-31,PET.WDISTUS1.W,121099
2004-12-31,PET.WGTSTUS1.W,214327
2004-12-31,PET.WRPUPUS2.W,20847
2005-01-07,PET.WCRSTUS1.W,948666
2005-01-07,PET.WDISTUS1.W,122980
2005-01-07,PET.WGTSTUS1.W,215333
2005-01-07,PET.WRPUPUS2.W,20466
2005-01-14,PET.WCRSTUS1.W,952921
2005-01-14,PET.WDISTUS1.W,123764
2005-01-14,PET.WGTSTUS1.W,216969
2005-01-14,PET.WRPUPUS2.W,20210
2005-01-21,PET.WCRSTUS1.W,957508
2005-01-21,PET.WDISTUS1.W,121485
2005-01-21,PET.WGTSTUS1.W,214712
2005-01-21,PET.WRPUPUS2.W,21225
2005-01-28,PET.WCRSTUS1.W,958193
2005-01-28,PET.WDISTUS1.W,118598
2005-01-28,PET.WGTSTUS1.W,216342
2005-01-28,PET.WRPUPUS2.W,20957
2005-02-04,PET.WCRSTUS1.W,957831
2005-02-04,PET.WDISTUS1.W,115607
2005-02-04,PET.WGTSTUS1.W,216757
2005-02-04,PET.WRPUPUS2.W,21064
2005-02-11,PET.WCRSTUS1.W,960813
2005-02-11,PET.WDISTUS1.W,112516
2005-02-11,PET.WGTSTUS1.W,221678
2005-02-11,PET.WRPUPUS2.W,21007
2005-02-18,PET.WCRSTUS1.W,961965
2005-02-18,PET.WDISTUS1.W,111760
2005-02-18,PET.WGTSTUS1.W,223510
2005-02-18,PET.WRPUPUS2.W,20597
2005-02-25,PET.WCRSTUS1.W,964814
2005-02-25,PET.WDISTUS1.W,110022
2005-02-25,PET.WGTSTUS1.W,224483
2005-02-25,PET.WRPUPUS2.W,20730
2005-03-04,PET.WCRSTUS1.W,968291
2005-03-04,PET.WDISTUS1.W,109212
2005-03-04,PET.WGTSTUS1.W,224282
2005-03-04,PET.WRPUPUS2.W,20291
2005-03-11,PET.WCRSTUS1.W,972526
2005-03-11,PET.WDISTUS1.W,107273
2005-03-11,PET.WGTSTUS1.W,221352
2005-03-11,PET.WRPUPUS2.W,21263
2005-03-18,PET.WCRSTUS1.W,978334
2005-03-18,PET.WDISTUS1.W,104514
2005-03-18,PET.WGTSTUS1.W,217293
2005-03-18,PET.WRPUPUS2.W,20851
2005-03-25,PET.WCRSTUS1.W,985227
2005-03-25,PET.WDISTUS1.W,103438
2005-03-25,PET.WGTSTUS1.W,214358
2005-03-25,PET.WRPUPUS2.W,20325
2005-04-01,PET.WCRSTUS1.W,988651
2005-04-01,PET.WDISTUS1.W,104110
2005-04-01,PET.WGTSTUS1.W,212252
2005-04-01,PET.WRPUPUS2.W,20213
2005-04-08,PET.WCRSTUS1.W,993556
2005-04-08,PET.WDISTUS1.W,103993
2005-04-08,PET.WGTSTUS1.W,213100
2005-04-08,PET.WRPUPUS2.W,20195
2005-04-15,PET.WCRSTUS1.W,992836
2005-04-15,PET.WDISTUS1.W,104044
2005-04-15,PET.WGTSTUS1.W,211636
2005-04-15,PET.WRPUPUS2.W,20559
2005-04-22,PET.WCRSTUS1.W,999187
2005-04-22,PET.WDISTUS1.W,102601
2005-04-22,PET.WGTSTUS1.W,211306
2005-04-22,PET.WRPUPUS2.W,20380
2005-04-29,PET.WCRSTUS1.W,1002342
2005-04-29,PET.WDISTUS1.W,102283
2005-04-29,PET.WGTSTUS1.W,213507
2005-04-29,PET.WRPUPUS2.W,20402
2005-05-06,PET.WCRSTUS1.W,1005574
2005-05-06,PET.WDISTUS1.W,103978
2005-05-06,PET.WGTSTUS1.W,213694
2005-05-06,PET.WRPUPUS2.W,20385
2005-05-13,PET.WCRSTUS1.W,1010372
2005-05-13,PET.WDISTUS1.W,103759
2005-05-13,PET.WGTSTUS1.W,214765
2005-05-13,PET.WRPUPUS2.W,20273
2005-05-20,PET.WCRSTUS1.W,1009127
2005-05-20,PET.WDISTUS1.W,105655
2005-05-20,PET.WGTSTUS1.W,215374
2005-05-20,PET.WRPUPUS2.W,20584
2005-05-27,PET.WCRSTUS1.W,1011001
2005-05-27,PET.WDISTUS1.W,106438
2005-05-27,PET.WGTSTUS1.W,216678
2005-05-27,PET.WRPUPUS2.W,20433
2005-06-03,PET.WCRSTUS1.W,1008650
2005-06-03,PET.WDISTUS1.W,107729
2005-06-03,PET.WGTSTUS1.W,216647
2005-06-03,PET.WRPUPUS2.W,20592
2005-06-10,PET.WCRSTUS1.W,1007863
2005-06-10,PET.WDISTUS1.W,110156
2005-06-10,PET.WGTSTUS1.W,215742
2005-06-10,PET.WRPUPUS2.W,20998
2005-06-17,PET.WCRSTUS1.W,1006912
2005-06-17,PET.WDISTUS1.W,111530
2005-06-17,PET.WGTSTUS1.W,215939
2005-06-17,PET.WRPUPUS2.W,20471
2005-06-24,PET.WCRSTUS1.W,1008253
2005-06-24,PET.WDISTUS1.W,113166
2005-06-24,PET.WGTSTUS1.W,216240
2005-06-24,PET.WRPUPUS2.W,20169
2005-07-01,PET.WCRSTUS1.W,1005184
2005-07-01,PET.WDISTUS1.W,117233
2005-07-01,PET.WGTSTUS1.W,215266
2005-07-01,PET.WRPUPUS2.W,21497
2005-07-08,PET.WCRSTUS1.W,1001985
2005-07-08,PET.WDISTUS1.W,120426
2005-07-08,PET.WGTSTUS1.W,212641
2005-07-08,PET.WRPUPUS2.W,20656
2005-07-15,PET.WCRSTUS1.W,1001569
2005-07-15,PET.WDISTUS1.W,122652
2005-07-15,PET.WGTSTUS1.W,211322
2005-07-15,PET.WRPUPUS2.W,20404
2005-07-22,PET.WCRSTUS1.W,999840
2005-07-22,PET.WDISTUS1.W,125789
2005-07-22,PET.WGTSTUS1.W,209194
2005-07-22,PET.WRPUPUS2.W,20972
2005-07-29,PET.WCRSTUS1.W,1000241
2005-07-29,PET.WDISTUS1.W,127274
2005-07-29,PET.WGTSTUS1.W,205177
2005-07-29,PET.WRPUPUS2.W,20854
2005-08-05,PET.WCRSTUS1.W,1003723
2005-08-05,PET.WDISTUS1.W,129872
2005-08-05,PET.WGTSTUS1.W,203091
2005-08-05,PET.WRPUPUS2.W,21575
2005-08-12,PET.WCRSTUS1.W,1004787
2005-08-12,PET.WDISTUS1.W,131063
2005-08-12,PET.WGTSTUS1.W,198122
2005-08-12,PET.WRPUPUS2.W,21352
2005-08-19,PET.WCRSTUS1.W,1007114
2005-08-19,PET.WDISTUS1.W,132489
2005-08-19,PET.WGTSTUS1.W,194877
2005-08-19,PET.WRPUPUS2.W,21499
2005-08-26,PET.WCRSTUS1.W,1005863
2005-08-26,PET.WDISTUS1.W,135234
2005-08-26,PET.WGTSTUS1.W,194369
2005-08-26,PET.WRPUPUS2.W,21592
2005-09-02,PET.WCRSTUS1.W,999438
2005-09-02,PET.WDISTUS1.W,134418
2005-09-02,PET.WGTSTUS1.W,190067
2005-09-02,PET.WRPUPUS2.W,20871
2005-09-09,PET.WCRSTUS1.W,991578
2005-09-09,PET.WDISTUS1.W,133313
2005-09-09,PET.WGTSTUS1.W,191959
2005-09-09,PET.WRPUPUS2.W,19952
2005-09-16,PET.WCRSTUS1.W,988520
2005-09-16,PET.WDISTUS1.W,134133
2005-09-16,PET.WGTSTUS1.W,195431
2005-09-16,PET.WRPUPUS2.W,20381
2005-09-23,PET.WCRSTUS1.W,985144
2005-09-23,PET.WDISTUS1.W,133560
2005-09-23,PET.WGTSTUS1.W,199831
2005-09-23,PET.WRPUPUS2.W,19672
2005-09-30,PET.WCRSTUS1.W,982648
2005-09-30,PET.WDISTUS1.W,128034
2005-09-30,PET.WGTSTUS1.W,195454
2005-09-30,PET.WRPUPUS2.W,19755
2005-10-07,PET.WCRSTUS1.W,980844
2005-10-07,PET.WDISTUS1.W,124627
2005-10-07,PET.WGTSTUS1.W,192803
2005-10-07,PET.WRPUPUS2.W,20246
2005-10-14,PET.WCRSTUS1.W,984579
2005-10-14,PET.WDISTUS1.W,122712
2005-10-14,PET.WGTSTUS1.W,195710
2005-10-14,PET.WRPUPUS2.W,20404
2005-10-21,PET.WCRSTUS1.W,987393
2005-10-21,PET.WDISTUS1.W,121090
2005-10-21,PET.WGTSTUS1.W,195869
2005-10-21,PET.WRPUPUS2.W,20837
2005-10-28,PET.WCRSTUS1.W,988227
2005-10-28,PET.WDISTUS1.W,120931
2005-10-28,PET.WGTSTUS1.W,196904
2005-10-28,PET.WRPUPUS2.W,20435
2005-11-04,PET.WCRSTUS1.W,991936
2005-11-04,PET.WDISTUS1.W,120847
2005-11-04,PET.WGTSTUS1.W,201127
2005-11-04,PET.WRPUPUS2.W,20174
2005-11-11,PET.WCRSTUS1.W,989977
2005-11-11,PET.WDISTUS1.W,123374
2005-11-11,PET.WGTSTUS1.W,200175
2005-11-11,PET.WRPUPUS2.W,20705
2005-11-18,PET.WCRSTUS1.W,990031
2005-11-18,PET.WDISTUS1.W,124539
2005-11-18,PET.WGTSTUS1.W,200413
2005-11-18,PET.WRPUPUS2.W,20655
2005-11-25,PET.WCRSTUS1.W,986543
2005-11-25,PET.WDISTUS1.W,127852
2005-11-25,PET.WGTSTUS1.W,199868
2005-11-25,PET.WRPUPUS2.W,20374
2005-12-02,PET.WCRSTUS1.W,989830
2005-12-02,PET.WDISTUS1.W,130589
2005-12-02,PET.WGTSTUS1.W,202609
2005-12-02,PET.WRPUPUS2.W,20535
2005-12-09,PET.WCRSTUS1.W,990722
2005-12-09,PET.WDISTUS1.W,130501
2005-12-09,PET.WGTSTUS1.W,204375
2005-12-09,PET.WRPUPUS2.W,21642
2005-12-16,PET.WCRSTUS1.W,991522
2005-12-16,PET.WDISTUS1.W,127680
2005-12-16,PET.WGTSTUS1.W,204074
2005-12-16,PET.WRPUPUS2.W,22156
2005-12-23,PET.WCRSTUS1.W,991640
2005-12-23,PET.WDISTUS1.W,126790
2005-12-23,PET.WGTSTUS1.W,202853
2005-12-23,PET.WRPUPUS2.W,21878
2005-12-30,PET.WCRSTUS1.W,990127
2005-12-30,PET.WDISTUS1.W,128904
2005-12-30,PET.WGTSTUS1.W,204259
2005-12-30,PET.WRPUPUS2.W,20801
2006-01-06,PET.WCRSTUS1.W,986884
2006-01-06,PET.WDISTUS1.W,133766
2006-01-06,PET.WGTSTUS1.W,208778
2006-01-06,PET.WRPUPUS2.W,20772
2006-01-13,PET.WCRSTUS1.W,989625
2006-01-13,PET.WDISTUS1.W,134677
2006-01-13,PET.WGTSTUS1.W,211635
2006-01-13,PET.WRPUPUS2.W,20805
2006-01-20,PET.WCRSTUS1.W,987512
2006-01-20,PET.WDISTUS1.W,136466
2006-01-20,PET.WGTSTUS1.W,214763
2006-01-20,PET.WRPUPUS2.W,19834
2006-01-27,PET.WCRSTUS1.W,988635
2006-01-27,PET.WDISTUS1.W,136268
2006-01-27,PET.WGTSTUS1.W,219044
2006-01-27,PET.WRPUPUS2.W,20220
2006-02-03,PET.WCRSTUS1.W,988423
2006-02-03,PET.WDISTUS1.W,135955
2006-02-03,PET.WGTSTUS1.W,223344
2006-02-03,PET.WRPUPUS2.W,19803
2006-02-10,PET.WCRSTUS1.W,993276
2006-02-10,PET.WDISTUS1.W,136862
2006-02-10,PET.WGTSTUS1.W,225459
2006-02-10,PET.WRPUPUS2.W,21020
2006-02-17,PET.WCRSTUS1.W,994797
2006-02-17,PET.WDISTUS1.W,135602
2006-02-17,PET.WGTSTUS1.W,225648
2006-02-17,PET.WRPUPUS2.W,21088
2006-02-24,PET.WCRSTUS1.W,996735
2006-02-24,PET.WDISTUS1.W,134096
2006-02-24,PET.WGTSTUS1.W,225867
2006-02-24,PET.WRPUPUS2.W,20889
2006-03-03,PET.WCRSTUS1.W,1003576
2006-03-03,PET.WDISTUS1.W,131436
2006-03-03,PET.WGTSTUS1.W,224765
2006-03-03,PET.WRPUPUS2.W,19880
2006-03-10,PET.WCRSTUS1.W,1008412
2006-03-10,PET.WDISTUS1.W,127542
2006-03-10,PET.WGTSTUS1.W,223884
2006-03-10,PET.WRPUPUS2.W,20897
2006-03-17,PET.WCRSTUS1.W,1007502
2006-03-17,PET.WDISTUS1.W,126672
2006-03-17,PET.WGTSTUS1.W,221563
2006-03-17,PET.WRPUPUS2.W,20621
2006-03-24,PET.WCRSTUS1.W,1010032
2006-03-24,PET.WDISTUS1.W,124172
2006-03-24,PET.WGTSTUS1.W,216226
2006-03-24,PET.WRPUPUS2.W,20604
2006-03-31,PET.WCRSTUS1.W,1012742
2006-03-31,PET.WDISTUS1.W,121608
2006-03-31,PET.WGTSTUS1.W,211782
2006-03-31,PET.WRPUPUS2.W,20532
2006-04-07,PET.WCRSTUS1.W,1016051
2006-04-07,PET.WDISTUS1.W,117368
2006-04-07,PET.WGTSTUS1.W,207927
2006-04-07,PET.WRPUPUS2.W,20738
2006-04-14,PET.WCRSTUS1.W,1015684
2006-04-14,PET.WDISTUS1.W,114580
2006-04-14,PET.WGTSTUS1.W,202482
2006-04-14,PET.WRPUPUS2.W,20415
2006-04-21,PET.WCRSTUS1.W,1015678
2006-04-21,PET.WDISTUS1.W,115596
2006-04-21,PET.WGTSTUS1.W,200594
2006-04-21,PET.WRPUPUS2.W,20734
2006-04-28,PET.WCRSTUS1.W,1017903
2006-04-28,PET.WDISTUS1.W,114530
2006-04-28,PET.WGTSTUS1.W,202708
2006-04-28,PET.WRPUPUS2.W,20111
2006-05-05,PET.WCRSTUS1.W,1018672
2006-05-05,PET.WDISTUS1.W,114700
2006-05-05,PET.WGTSTUS1.W,205050
2006-05-05,PET.WRPUPUS2.W,21200
2006-05-12,PET.WCRSTUS1.W,1019149
2006-05-12,PET.WDISTUS1.W,114580
2006-05-12,PET.WGTSTUS1.W,206375
2006-05-12,PET.WRPUPUS2.W,20953
2006-05-19,PET.WCRSTUS1.W,1016151
2006-05-19,PET.WDISTUS1.W,117057
2006-05-19,PET.WGTSTUS1.W,208483
2006-05-19,PET.WRPUPUS2.W,20976
2006-05-26,PET.WCRSTUS1.W,1017749
2006-05-26,PET.WDISTUS1.W,118892
2006-05-26,PET.WGTSTUS1.W,209277
2006-05-26,PET.WRPUPUS2.W,21272
2006-06-02,PET.WCRSTUS1.W,1019032
2006-06-02,PET.WDISTUS1.W,120653
2006-06-02,PET.WGTSTUS1.W,210331
2006-06-02,PET.WRPUPUS2.W,20603
2006-06-09,PET.WCRSTUS1.W,1018051
2006-06-09,PET.WDISTUS1.W,122759
2006-06-09,PET.WGTSTUS1.W,213146
2006-06-09,PET.WRPUPUS2.W,20701
2006-06-16,PET.WCRSTUS1.W,1019438
2006-06-16,PET.WDISTUS1.W,124450
2006-06-16,PET.WGTSTUS1.W,213440
2006-06-16,PET.WRPUPUS2.W,20971
2006-06-23,PET.WCRSTUS1.W,1016108
2006-06-23,PET.WDISTUS1.W,126287
2006-06-23,PET.WGTSTUS1.W,212350
2006-06-23,PET.WRPUPUS2.W,20877
2006-06-30,PET.WCRSTUS1.W,1013687
2006-06-30,PET.WDISTUS1.W,127323
2006-06-30,PET.WGTSTUS1.W,213077
2006-06-30,PET.WRPUPUS2.W,20881
2006-07-07,PET.WCRSTUS1.W,1007007
2006-07-07,PET.WDISTUS1.W,129899
2006-07-07,PET.WGTSTUS1.W,212651
2006-07-07,PET.WRPUPUS2.W,20563
2006-07-14,PET.WCRSTUS1.W,1007157
2006-07-14,PET.WDISTUS1.W,131098
2006-07-14,PET.WGTSTUS1.W,214194
2006-07-14,PET.WRPUPUS2.W,20445
2006-07-21,PET.WCRSTUS1.W,1007187
2006-07-21,PET.WDISTUS1.W,131897
2006-07-21,PET.WGTSTUS1.W,211030
2006-07-21,PET.WRPUPUS2.W,20909
2006-07-28,PET.WCRSTUS1.W,1005412
2006-07-28,PET.WDISTUS1.W,132558
2006-07-28,PET.WGTSTUS1.W,210868
2006-07-28,PET.WRPUPUS2.W,21113
2006-08-04,PET.WCRSTUS1.W,1004225
2006-08-04,PET.WDISTUS1.W,132422
2006-08-04,PET.WGTSTUS1.W,207659
2006-08-04,PET.WRPUPUS2.W,21283
2006-08-11,PET.WCRSTUS1.W,1002618
2006-08-11,PET.WDISTUS1.W,133170
2006-08-11,PET.WGTSTUS1.W,205393
2006-08-11,PET.WRPUPUS2.W,21032
2006-08-18,PET.WCRSTUS1.W,1001973
2006-08-18,PET.WDISTUS1.W,135481
2006-08-18,PET.WGTSTUS1.W,205795
2006-08-18,PET.WRPUPUS2.W,21454
2006-08-25,PET.WCRSTUS1.W,1004453
2006-08-25,PET.WDISTUS1.W,136845
2006-08-25,PET.WGTSTUS1.W,206162
2006-08-25,PET.WRPUPUS2.W,21294
2006-09-01,PET.WCRSTUS1.W,1002349
2006-09-01,PET.WDISTUS1.W,139947
2006-09-01,PET.WGTSTUS1.W,206880
2006-09-01,PET.WRPUPUS2.W,21173
2006-09-08,PET.WCRSTUS1.W,999443
2006-09-08,PET.WDISTUS1.W,144588
2006-09-08,PET.WGTSTUS1.W,206994
2006-09-08,PET.WRPUPUS2.W,20953
2006-09-15,PET.WCRSTUS1.W,996594
2006-09-15,PET.WDISTUS1.W,148670
2006-09-15,PET.WGTSTUS1.W,207554
2006-09-15,PET.WRPUPUS2.W,20760
2006-09-22,PET.WCRSTUS1.W,996484
2006-09-22,PET.WDISTUS1.W,151288
2006-09-22,PET.WGTSTUS1.W,213899
2006-09-22,PET.WRPUPUS2.W,20705
2006-09-29,PET.WCRSTUS1.W,999839
2006-09-29,PET.WDISTUS1.W,151466
2006-09-29,PET.WGTSTUS1.W,215052
2006-09-29,PET.WRPUPUS2.W,20228
2006-10-06,PET.WCRSTUS1.W,1002059
2006-10-06,PET.WDISTUS1.W,149946
2006-10-06,PET.WGTSTUS1.W,215397
2006-10-06,PET.WRPUPUS2.W,20938
2006-10-13,PET.WCRSTUS1.W,1007078
2006-10-13,PET.WDISTUS1.W,145399
2006-10-13,PET.WGTSTUS1.W,210175
2006-10-13,PET.WRPUPUS2.W,21441
2006-10-20,PET.WCRSTUS1.W,1004142
2006-10-20,PET.WDISTUS1.W,143981
2006-10-20,PET.WGTSTUS1.W,207416
2006-10-20,PET.WRPUPUS2.W,21502
2006-10-27,PET.WCRSTUS1.W,1006295
2006-10-27,PET.WDISTUS1.W,141258
2006-10-27,PET.WGTSTUS1.W,204617
2006-10-27,PET.WRPUPUS2.W,21484
2006-11-03,PET.WCRSTUS1.W,1006889
2006-11-03,PET.WDISTUS1.W,138583
2006-11-03,PET.WGTSTUS1.W,204033
2006-11-03,PET.WRPUPUS2.W,21076
2006-11-10,PET.WCRSTUS1.W,1008262
2006-11-10,PET.WDISTUS1.W,135018
2006-11-10,PET.WGTSTUS1.W,200252
2006-11-10,PET.WRPUPUS2.W,21317
2006-11-17,PET.WCRSTUS1.W,1013423
2006-11-17,PET.WDISTUS1.W,133820
2006-11-17,PET.WGTSTUS1.W,201658
2006-11-17,PET.WRPUPUS2.W,20331
2006-11-24,PET.WCRSTUS1.W,1013063
2006-11-24,PET.WDISTUS1.W,132818
2006-11-24,PET.WGTSTUS1.W,201069
2006-11-24,PET.WRPUPUS2.W,21158
2006-12-01,PET.WCRSTUS1.W,1011873
2006-12-01,PET.WDISTUS1.W,132359
2006-12-01,PET.WGTSTUS1.W,200031
2006-12-01,PET.WRPUPUS2.W,21116
2006-12-08,PET.WCRSTUS1.W,1007578
2006-12-08,PET.WDISTUS1.W,131914
2006-12-08,PET.WGTSTUS1.W,199857
2006-12-08,PET.WRPUPUS2.W,21349
2006-12-15,PET.WCRSTUS1.W,1001255
2006-12-15,PET.WDISTUS1.W,133120
2006-12-15,PET.WGTSTUS1.W,200915
2006-12-15,PET.WRPUPUS2.W,20918
2006-12-22,PET.WCRSTUS1.W,993123
2006-12-22,PET.WDISTUS1.W,133592
2006-12-22,PET.WGTSTUS1.W,203853
2006-12-22,PET.WRPUPUS2.W,20781
2006-12-29,PET.WCRSTUS1.W,991824
2006-12-29,PET.WDISTUS1.W,135563
2006-12-29,PET.WGTSTUS1.W,209532
2006-12-29,PET.WRPUPUS2.W,20368
2007-01-05,PET.WCRSTUS1.W,986075
2007-01-05,PET.WDISTUS1.W,140965
2007-01-05,PET.WGTSTUS1.W,213295
2007-01-05,PET.WRPUPUS2.W,19562
2007-01-12,PET.WCRSTUS1.W,992843
2007-01-12,PET.WDISTUS1.W,141875
2007-01-12,PET.WGTSTUS1.W,216786
2007-01-12,PET.WRPUPUS2.W,20201
2007-01-19,PET.WCRSTUS1.W,993632
2007-01-19,PET.WDISTUS1.W,142625
2007-01-19,PET.WGTSTUS1.W,220795
2007-01-19,PET.WRPUPUS2.W,20369
2007-01-26,PET.WCRSTUS1.W,996316
2007-01-26,PET.WDISTUS1.W,139977
2007-01-26,PET.WGTSTUS1.W,224614
2007-01-26,PET.WRPUPUS2.W,20869
2007-02-02,PET.WCRSTUS1.W,995798
2007-02-02,PET.WDISTUS1.W,136345
2007-02-02,PET.WGTSTUS1.W,227214
2007-02-02,PET.WRPUPUS2.W,21637
2007-02-09,PET.WCRSTUS1.W,995209
2007-02-09,PET.WDISTUS1.W,133327
2007-02-09,PET.WGTSTUS1.W,225156
2007-02-09,PET.WRPUPUS2.W,21815
2007-02-16,PET.WCRSTUS1.W,998903
2007-02-16,PET.WDISTUS1.W,128290
2007-02-16,PET.WGTSTUS1.W,222115
2007-02-16,PET.WRPUPUS2.W,22037
2007-02-23,PET.WCRSTUS1.W,1000324
2007-02-23,PET.WDISTUS1.W,124503
2007-02-23,PET.WGTSTUS1.W,220175
2007-02-23,PET.WRPUPUS2.W,21698
2007-03-02,PET.WCRSTUS1.W,995426
2007-03-02,PET.WDISTUS1.W,123172
2007-03-02,PET.WGTSTUS1.W,216425
2007-03-02,PET.WRPUPUS2.W,21273
2007-03-09,PET.WCRSTUS1.W,996606
2007-03-09,PET.WDISTUS1.W,120439
2007-03-09,PET.WGTSTUS1.W,213939
2007-03-09,PET.WRPUPUS2.W,21003
2007-03-16,PET.WCRSTUS1.W,1000530
2007-03-16,PET.WDISTUS1.W,118729
2007-03-16,PET.WGTSTUS1.W,210489
2007-03-16,PET.WRPUPUS2.W,21344
2007-03-23,PET.WCRSTUS1.W,999683
2007-03-23,PET.WDISTUS1.W,118029
2007-03-23,PET.WGTSTUS1.W,210231
2007-03-23,PET.WRPUPUS2.W,20807
2007-03-30,PET.WCRSTUS1.W,1003990
2007-03-30,PET.WDISTUS1.W,117952
2007-03-30,PET.WGTSTUS1.W,205201
2007-03-30,PET.WRPUPUS2.W,20747
2007-04-06,PET.WCRSTUS1.W,1004880
2007-04-06,PET.WDISTUS1.W,118122
2007-04-06,PET.WGTSTUS1.W,199725
2007-04-06,PET.WRPUPUS2.W,20823
2007-04-13,PET.WCRSTUS1.W,1004140
2007-04-13,PET.WDISTUS1.W,117327
2007-04-13,PET.WGTSTUS1.W,197007
2007-04-13,PET.WRPUPUS2.W,20825
2007-04-20,PET.WCRSTUS1.W,1006324
2007-04-20,PET.WDISTUS1.W,117332
2007-04-20,PET.WGTSTUS1.W,194214
2007-04-20,PET.WRPUPUS2.W,21076
2007-04-27,PET.WCRSTUS1.W,1007781
2007-04-27,PET.WDISTUS1.W,117134
2007-04-27,PET.WGTSTUS1.W,193099
2007-04-27,PET.WRPUPUS2.W,20796
2007-05-04,PET.WCRSTUS1.W,1013417
2007-05-04,PET.WDISTUS1.W,118764
2007-05-04,PET.WGTSTUS1.W,193471
2007-05-04,PET.WRPUPUS2.W,20795
2007-05-11,PET.WCRSTUS1.W,1014610
2007-05-11,PET.WDISTUS1.W,119756
2007-05-11,PET.WGTSTUS1.W,195235
2007-05-11,PET.WRPUPUS2.W,20831
2007-05-18,PET.WCRSTUS1.W,1016661
2007-05-18,PET.WDISTUS1.W,120268
2007-05-18,PET.WGTSTUS1.W,196666
2007-05-18,PET.WRPUPUS2.W,20786
2007-05-25,PET.WCRSTUS1.W,1015002
2007-05-25,PET.WDISTUS1.W,120415
2007-05-25,PET.WGTSTUS1.W,198027
2007-05-25,PET.WRPUPUS2.W,21235
2007-06-01,PET.WCRSTUS1.W,1015497
2007-06-01,PET.WDISTUS1.W,122279
2007-06-01,PET.WGTSTUS1.W,201537
2007-06-01,PET.WRPUPUS2.W,20972
2007-06-08,PET.WCRSTUS1.W,1015579
2007-06-08,PET.WDISTUS1.W,122566
2007-06-08,PET.WGTSTUS1.W,201540
2007-06-08,PET.WRPUPUS2.W,21062
2007-06-15,PET.WCRSTUS1.W,1022481
2007-06-15,PET.WDISTUS1.W,122723
2007-06-15,PET.WGTSTUS1.W,203331
2007-06-15,PET.WRPUPUS2.W,20517
2007-06-22,PET.WCRSTUS1.W,1024043
2007-06-22,PET.WDISTUS1.W,120448
2007-06-22,PET.WGTSTUS1.W,202582
2007-06-22,PET.WRPUPUS2.W,21087
2007-06-29,PET.WCRSTUS1.W,1027194
2007-06-29,PET.WDISTUS1.W,121610
2007-06-29,PET.WGTSTUS1.W,204433
2007-06-29,PET.WRPUPUS2.W,20616
2007-07-06,PET.WCRSTUS1.W,1025606
2007-07-06,PET.WDISTUS1.W,122370
2007-07-06,PET.WGTSTUS1.W,205576
2007-07-06,PET.WRPUPUS2.W,21069
2007-07-13,PET.WCRSTUS1.W,1025157
2007-07-13,PET.WDISTUS1.W,122225
2007-07-13,PET.WGTSTUS1.W,203341
2007-07-13,PET.WRPUPUS2.W,21008
2007-07-20,PET.WCRSTUS1.W,1024054
2007-07-20,PET.WDISTUS1.W,123653
2007-07-20,PET.WGTSTUS1.W,204134
2007-07-20,PET.WRPUPUS2.W,21006
2007-07-27,PET.WCRSTUS1.W,1017557
2007-07-27,PET.WDISTUS1.W,126542
2007-07-27,PET.WGTSTUS1.W,204720
2007-07-27,PET.WRPUPUS2.W,20900
2007-08-03,PET.WCRSTUS1.W,1013596
2007-08-03,PET.WDISTUS1.W,127516
2007-08-03,PET.WGTSTUS1.W,202997
2007-08-03,PET.WRPUPUS2.W,21090
2007-08-10,PET.WCRSTUS1.W,1008429
2007-08-10,PET.WDISTUS1.W,127669
2007-08-10,PET.WGTSTUS1.W,201940
2007-08-10,PET.WRPUPUS2.W,21139
2007-08-17,PET.WCRSTUS1.W,1010319
2007-08-17,PET.WDISTUS1.W,129025
2007-08-17,PET.WGTSTUS1.W,196231
2007-08-17,PET.WRPUPUS2.W,21305
2007-08-24,PET.WCRSTUS1.W,1006834
2007-08-24,PET.WDISTUS1.W,129914
2007-08-24,PET.WGTSTUS1.W,192564
2007-08-24,PET.WRPUPUS2.W,21260
2007-08-31,PET.WCRSTUS1.W,1002862
2007-08-31,PET.WDISTUS1.W,132170
2007-08-31,PET.WGTSTUS1.W,191083
2007-08-31,PET.WRPUPUS2.W,21422
2007-09-07,PET.WCRSTUS1.W,996015
2007-09-07,PET.WDISTUS1.W,133963
2007-09-07,PET.WGTSTUS1.W,190417
2007-09-07,PET.WRPUPUS2.W,20449
2007-09-14,PET.WCRSTUS1.W,992616
2007-09-14,PET.WDISTUS1.W,135527
2007-09-14,PET.WGTSTUS1.W,190834
2007-09-14,PET.WRPUPUS2.W,20559
2007-09-21,PET.WCRSTUS1.W,996087
2007-09-21,PET.WDISTUS1.W,137060
2007-09-21,PET.WGTSTUS1.W,191366
2007-09-21,PET.WRPUPUS2.W,20184
2007-09-28,PET.WCRSTUS1.W,997488
2007-09-28,PET.WDISTUS1.W,135887
2007-09-28,PET.WGTSTUS1.W,191325
2007-09-28,PET.WRPUPUS2.W,20640
2007-10-05,PET.WCRSTUS1.W,995678
2007-10-05,PET.WDISTUS1.W,135324
2007-10-05,PET.WGTSTUS1.W,193000
2007-10-05,PET.WRPUPUS2.W,20792
2007-10-12,PET.WCRSTUS1.W,997964
2007-10-12,PET.WDISTUS1.W,136318
2007-10-12,PET.WGTSTUS1.W,195768
2007-10-12,PET.WRPUPUS2.W,21024
2007-10-19,PET.WCRSTUS1.W,993222
2007-10-19,PET.WDISTUS1.W,134471
2007-10-19,PET.WGTSTUS1.W,193837
2007-10-19,PET.WRPUPUS2.W,20660
2007-10-26,PET.WCRSTUS1.W,989420
2007-10-26,PET.WDISTUS1.W,135279
2007-10-26,PET.WGTSTUS1.W,195132
2007-10-26,PET.WRPUPUS2.W,20412
2007-11-02,PET.WCRSTUS1.W,988552
2007-11-02,PET.WDISTUS1.W,135377
2007-11-02,PET.WGTSTUS1.W,194313
2007-11-02,PET.WRPUPUS2.W,20661
2007-11-09,PET.WCRSTUS1.W,992011
2007-11-09,PET.WDISTUS1.W,133412
2007-11-09,PET.WGTSTUS1.W,195027
2007-11-09,PET.WRPUPUS2.W,20627
2007-11-16,PET.WCRSTUS1.W,991033
2007-11-16,PET.WDISTUS1.W,131005
2007-11-16,PET.WGTSTUS1.W,195190
2007-11-16,PET.WRPUPUS2.W,21350
2007-11-23,PET.WCRSTUS1.W,990581
2007-11-23,PET.WDISTUS1.W,130916
2007-11-23,PET.WGTSTUS1.W,196628
2007-11-23,PET.WRPUPUS2.W,20863
2007-11-30,PET.WCRSTUS1.W,983304
2007-11-30,PET.WDISTUS1.W,132344
2007-11-30,PET.WGTSTUS1.W,200623
2007-11-30,PET.WRPUPUS2.W,20795
2007-12-07,PET.WCRSTUS1.W,982309
2007-12-07,PET.WDISTUS1.W,131534
2007-12-07,PET.WGTSTUS1.W,202241
2007-12-07,PET.WRPUPUS2.W,20977
2007-12-14,PET.WCRSTUS1.W,974820
2007-12-14,PET.WDISTUS1.W,129376
2007-12-14,PET.WGTSTUS1.W,205221
2007-12-14,PET.WRPUPUS2.W,21050
2007-12-21,PET.WCRSTUS1.W,971422
2007-12-21,PET.WDISTUS1.W,126608
2007-12-21,PET.WGTSTUS1.W,205857
2007-12-21,PET.WRPUPUS2.W,21535
2007-12-28,PET.WCRSTUS1.W,968240
2007-12-28,PET.WDISTUS1.W,127177
2007-12-28,PET.WGTSTUS1.W,207842
2007-12-28,PET.WRPUPUS2.W,21349
2008-01-04,PET.WCRSTUS1.W,961910
2008-01-04,PET.WDISTUS1.W,128693
2008-01-04,PET.WGTSTUS1.W,213063
2008-01-04,PET.WRPUPUS2.W,21288
2008-01-11,PET.WCRSTUS1.W,967689
2008-01-11,PET.WDISTUS1.W,129845
2008-01-11,PET.WGTSTUS1.W,215256
2008-01-11,PET.WRPUPUS2.W,20469
2008-01-18,PET.WCRSTUS1.W,970063
2008-01-18,PET.WDISTUS1.W,128543
2008-01-18,PET.WGTSTUS1.W,220341
2008-01-18,PET.WRPUPUS2.W,20749
2008-01-25,PET.WCRSTUS1.W,973617
2008-01-25,PET.WDISTUS1.W,127004
2008-01-25,PET.WGTSTUS1.W,223899
2008-01-25,PET.WRPUPUS2.W,20785
2008-02-01,PET.WCRSTUS1.W,980594
2008-02-01,PET.WDISTUS1.W,127139
2008-02-01,PET.WGTSTUS1.W,227487
2008-02-01,PET.WRPUPUS2.W,20490
2008-02-08,PET.WCRSTUS1.W,981755
2008-02-08,PET.WDISTUS1.W,126973
2008-02-08,PET.WGTSTUS1.W,229236
2008-02-08,PET.WRPUPUS2.W,20118
2008-02-15,PET.WCRSTUS1.W,985959
2008-02-15,PET.WDISTUS1.W,122527
2008-02-15,PET.WGTSTUS1.W,230264
2008-02-15,PET.WRPUPUS2.W,21311
2008-02-22,PET.WCRSTUS1.W,989418
2008-02-22,PET.WDISTUS1.W,119952
2008-02-22,PET.WGTSTUS1.W,232619
2008-02-22,PET.WRPUPUS2.W,20407
2008-02-29,PET.WCRSTUS1.W,986496
2008-02-29,PET.WDISTUS1.W,117625
2008-02-29,PET.WGTSTUS1.W,234276
2008-02-29,PET.WRPUPUS2.W,20383
2008-03-07,PET.WCRSTUS1.W,993007
2008-03-07,PET.WDISTUS1.W,116400
2008-03-07,PET.WGTSTUS1.W,235967
2008-03-07,PET.WRPUPUS2.W,20081
2008-03-14,PET.WCRSTUS1.W,993822
2008-03-14,PET.WDISTUS1.W,113490
2008-03-14,PET.WGTSTUS1.W,232520
2008-03-14,PET.WRPUPUS2.W,20164
2008-03-21,PET.WCRSTUS1.W,993909
2008-03-21,PET.WDISTUS1.W,111349
2008-03-21,PET.WGTSTUS1.W,229235
2008-03-21,PET.WRPUPUS2.W,20485
2008-03-28,PET.WCRSTUS1.W,1001473
2008-03-28,PET.WDISTUS1.W,109720
2008-03-28,PET.WGTSTUS1.W,224710
2008-03-28,PET.WRPUPUS2.W,20402
2008-04-04,PET.WCRSTUS1.W,998888
2008-04-04,PET.WDISTUS1.W,106027
2008-04-04,PET.WGTSTUS1.W,221268
2008-04-04,PET.WRPUPUS2.W,20769
2008-04-11,PET.WCRSTUS1.W,997173
2008-04-11,PET.WDISTUS1.W,106079
2008-04-11,PET.WGTSTUS1.W,215751
2008-04-11,PET.WRPUPUS2.W,20591
2008-04-18,PET.WCRSTUS1.W,999713
2008-04-18,PET.WDISTUS1.W,104702
2008-04-18,PET.WGTSTUS1.W,212572
2008-04-18,PET.WRPUPUS2.W,21116
2008-04-25,PET.WCRSTUS1.W,1003768
2008-04-25,PET.WDISTUS1.W,105831
2008-04-25,PET.WGTSTUS1.W,211089
2008-04-25,PET.WRPUPUS2.W,20241
2008-05-02,PET.WCRSTUS1.W,1009413
2008-05-02,PET.WDISTUS1.W,105724
2008-05-02,PET.WGTSTUS1.W,211883
2008-05-02,PET.WRPUPUS2.W,20496
2008-05-09,PET.WCRSTUS1.W,1010250
2008-05-09,PET.WDISTUS1.W,107062
2008-05-09,PET.WGTSTUS1.W,210168
2008-05-09,PET.WRPUPUS2.W,20274
2008-05-16,PET.WCRSTUS1.W,1005591
2008-05-16,PET.WDISTUS1.W,107790
2008-05-16,PET.WGTSTUS1.W,209413
2008-05-16,PET.WRPUPUS2.W,20347
2008-05-23,PET.WCRSTUS1.W,997347
2008-05-23,PET.WDISTUS1.W,109431
2008-05-23,PET.WGTSTUS1.W,206155
2008-05-23,PET.WRPUPUS2.W,20807
2008-05-30,PET.WCRSTUS1.W,993358
2008-05-30,PET.WDISTUS1.W,111704
2008-05-30,PET.WGTSTUS1.W,209090
2008-05-30,PET.WRPUPUS2.W,20153
2008-06-06,PET.WCRSTUS1.W,988932
2008-06-06,PET.WDISTUS1.W,113981
2008-06-06,PET.WGTSTUS1.W,210088
2008-06-06,PET.WRPUPUS2.W,20243
2008-06-13,PET.WCRSTUS1.W,988181
2008-06-13,PET.WDISTUS1.W,116598
2008-06-13,PET.WGTSTUS1.W,208910
2008-06-13,PET.WRPUPUS2.W,20456
2008-06-20,PET.WCRSTUS1.W,989086
2008-06-20,PET.WDISTUS1.W,119421
2008-06-20,PET.WGTSTUS1.W,208757
2008-06-20,PET.WRPUPUS2.W,20079
2008-06-27,PET.WCRSTUS1.W,988081
2008-06-27,PET.WDISTUS1.W,120685
2008-06-27,PET.WGTSTUS1.W,210857
2008-06-27,PET.WRPUPUS2.W,20590
2008-07-04,PET.WCRSTUS1.W,982508
2008-07-04,PET.WDISTUS1.W,122501
2008-07-04,PET.WGTSTUS1.W,211766
2008-07-04,PET.WRPUPUS2.W,20320
2008-07-11,PET.WCRSTUS1.W,985572
2008-07-11,PET.WDISTUS1.W,125690
2008-07-11,PET.WGTSTUS1.W,214238
2008-07-11,PET.WRPUPUS2.W,20198
2008-07-18,PET.WCRSTUS1.W,984130
2008-07-18,PET.WDISTUS1.W,128109
2008-07-18,PET.WGTSTUS1.W,217085
2008-07-18,PET.WRPUPUS2.W,19903
2008-07-25,PET.WCRSTUS1.W,984165
2008-07-25,PET.WDISTUS1.W,130505
2008-07-25,PET.WGTSTUS1.W,213560
2008-07-25,PET.WRPUPUS2.W,20204
2008-08-01,PET.WCRSTUS1.W,986178
2008-08-01,PET.WDISTUS1.W,133346
2008-08-01,PET.WGTSTUS1.W,209216
2008-08-01,PET.WRPUPUS2.W,20215
2008-08-08,PET.WCRSTUS1.W,986262
2008-08-08,PET.WDISTUS1.W,131587
2008-08-08,PET.WGTSTUS1.W,202822
2008-08-08,PET.WRPUPUS2.W,20372
2008-08-15,PET.WCRSTUS1.W,995651
2008-08-15,PET.WDISTUS1.W,132068
2008-08-15,PET.WGTSTUS1.W,196620
2008-08-15,PET.WRPUPUS2.W,20106
2008-08-22,PET.WCRSTUS1.W,995473
2008-08-22,PET.WDISTUS1.W,132125
2008-08-22,PET.WGTSTUS1.W,195441
2008-08-22,PET.WRPUPUS2.W,20133
2008-08-29,PET.WCRSTUS1.W,993575
2008-08-29,PET.WDISTUS1.W,131712
2008-08-29,PET.WGTSTUS1.W,194404
2008-08-29,PET.WRPUPUS2.W,20555
2008-09-05,PET.WCRSTUS1.W,987695
2008-09-05,PET.WDISTUS1.W,130460
2008-09-05,PET.WGTSTUS1.W,187942
2008-09-05,PET.WRPUPUS2.W,19784
2008-09-12,PET.WCRSTUS1.W,981366
2008-09-12,PET.WDISTUS1.W,129625
2008-09-12,PET.WGTSTUS1.W,184634
2008-09-12,PET.WRPUPUS2.W,19049
2008-09-19,PET.WCRSTUS1.W,978423
2008-09-19,PET.WDISTUS1.W,125449
2008-09-19,PET.WGTSTUS1.W,178739
2008-09-19,PET.WRPUPUS2.W,18784
2008-09-26,PET.WCRSTUS1.W,981326
2008-09-26,PET.WDISTUS1.W,123090
2008-09-26,PET.WGTSTUS1.W,179640
2008-09-26,PET.WRPUPUS2.W,18465
2008-10-03,PET.WCRSTUS1.W,987518
2008-10-03,PET.WDISTUS1.W,122601
2008-10-03,PET.WGTSTUS1.W,186815
2008-10-03,PET.WRPUPUS2.W,18341
2008-10-10,PET.WCRSTUS1.W,992849
2008-10-10,PET.WDISTUS1.W,122148
2008-10-10,PET.WGTSTUS1.W,193788
2008-10-10,PET.WRPUPUS2.W,18865
2008-10-17,PET.WCRSTUS1.W,995784
2008-10-17,PET.WDISTUS1.W,124304
2008-10-17,PET.WGTSTUS1.W,196497
2008-10-17,PET.WRPUPUS2.W,19193
2008-10-24,PET.WCRSTUS1.W,996223
2008-10-24,PET.WDISTUS1.W,126629
2008-10-24,PET.WGTSTUS1.W,194990
2008-10-24,PET.WRPUPUS2.W,19113
2008-10-31,PET.WCRSTUS1.W,996277
2008-10-31,PET.WDISTUS1.W,127835
2008-10-31,PET.WGTSTUS1.W,196113
2008-10-31,PET.WRPUPUS2.W,19216
2008-11-07,PET.WCRSTUS1.W,996225
2008-11-07,PET.WDISTUS1.W,128351
2008-11-07,PET.WGTSTUS1.W,198095
2008-11-07,PET.WRPUPUS2.W,19004
2008-11-14,PET.WCRSTUS1.W,997823
2008-11-14,PET.WDISTUS1.W,126880
2008-11-14,PET.WGTSTUS1.W,198634
2008-11-14,PET.WRPUPUS2.W,18972
2008-11-21,PET.WCRSTUS1.W,1005103
2008-11-21,PET.WDISTUS1.W,126694
2008-11-21,PET.WGTSTUS1.W,200476
2008-11-21,PET.WRPUPUS2.W,19482
2008-11-28,PET.WCRSTUS1.W,1004647
2008-11-28,PET.WDISTUS1.W,124973
2008-11-28,PET.WGTSTUS1.W,198942
2008-11-28,PET.WRPUPUS2.W,19606
2008-12-05,PET.WCRSTUS1.W,1004997
2008-12-05,PET.WDISTUS1.W,130587
2008-12-05,PET.WGTSTUS1.W,202664
2008-12-05,PET.WRPUPUS2.W,19149
2008-12-12,PET.WCRSTUS1.W,1005522
2008-12-12,PET.WDISTUS1.W,133523
2008-12-12,PET.WGTSTUS1.W,203959
2008-12-12,PET.WRPUPUS2.W,20192
2008-12-19,PET.WCRSTUS1.W,1002419
2008-12-19,PET.WDISTUS1.W,135337
2008-12-19,PET.WGTSTUS1.W,207295
2008-12-19,PET.WRPUPUS2.W,20191
2008-12-26,PET.WCRSTUS1.W,1002966
2008-12-26,PET.WDISTUS1.W,136031
2008-12-26,PET.WGTSTUS1.W,208103
2008-12-26,PET.WRPUPUS2.W,20211
2009-01-02,PET.WCRSTUS1.W,1009060
2009-01-02,PET.WDISTUS1.W,137821
2009-01-02,PET.WGTSTUS1.W,211437
2009-01-02,PET.WRPUPUS2.W,19836
2009-01-09,PET.WCRSTUS1.W,1010270
2009-01-09,PET.WDISTUS1.W,144167
2009-01-09,PET.WGTSTUS1.W,213505
2009-01-09,PET.WRPUPUS2.W,18640
2009-01-16,PET.WCRSTUS1.W,1016543
2009-01-16,PET.WDISTUS1.W,144957
2009-01-16,PET.WGTSTUS1.W,219980
2009-01-16,PET.WRPUPUS2.W,19097
2009-01-23,PET.WCRSTUS1.W,1023494
2009-01-23,PET.WDISTUS1.W,143952
2009-01-23,PET.WGTSTUS1.W,219859
2009-01-23,PET.WRPUPUS2.W,20151
2009-01-30,PET.WCRSTUS1.W,1031387
2009-01-30,PET.WDISTUS1.W,142591
2009-01-30,PET.WGTSTUS1.W,220221
2009-01-30,PET.WRPUPUS2.W,20306
2009-02-06,PET.WCRSTUS1.W,1036330
2009-02-06,PET.WDISTUS1.W,141565
2009-02-06,PET.WGTSTUS1.W,217559
2009-02-06,PET.WRPUPUS2.W,19662
2009-02-13,PET.WCRSTUS1.W,1036291
2009-02-13,PET.WDISTUS1.W,140752
2009-02-13,PET.WGTSTUS1.W,218664
2009-02-13,PET.WRPUPUS2.W,19690
2009-02-20,PET.WCRSTUS1.W,1037237
2009-02-20,PET.WDISTUS1.W,141634
2009-02-20,PET.WGTSTUS1.W,215342
2009-02-20,PET.WRPUPUS2.W,19233
2009-02-27,PET.WCRSTUS1.W,1037212
2009-02-27,PET.WDISTUS1.W,143296
2009-02-27,PET.WGTSTUS1.W,215510
2009-02-27,PET.WRPUPUS2.W,19577
2009-03-06,PET.WCRSTUS1.W,1038519
2009-03-06,PET.WDISTUS1.W,145404
2009-03-06,PET.WGTSTUS1.W,212517
2009-03-06,PET.WRPUPUS2.W,18892
2009-03-13,PET.WCRSTUS1.W,1042262
2009-03-13,PET.WDISTUS1.W,145516
2009-03-13,PET.WGTSTUS1.W,215712
2009-03-13,PET.WRPUPUS2.W,18787
2009-03-20,PET.WCRSTUS1.W,1047411
2009-03-20,PET.WDISTUS1.W,143932
2009-03-20,PET.WGTSTUS1.W,214568
2009-03-20,PET.WRPUPUS2.W,19191
2009-03-27,PET.WCRSTUS1.W,1051927
2009-03-27,PET.WDISTUS1.W,144153
2009-03-27,PET.WGTSTUS1.W,216793
2009-03-27,PET.WRPUPUS2.W,18591
2009-04-03,PET.WCRSTUS1.W,1055215
2009-04-03,PET.WDISTUS1.W,140799
2009-04-03,PET.WGTSTUS1.W,217449
2009-04-03,PET.WRPUPUS2.W,18867
2009-04-10,PET.WCRSTUS1.W,1062149
2009-04-10,PET.WDISTUS1.W,139629
2009-04-10,PET.WGTSTUS1.W,216505
2009-04-10,PET.WRPUPUS2.W,18239
2009-04-17,PET.WCRSTUS1.W,1067304
2009-04-17,PET.WDISTUS1.W,142311
2009-04-17,PET.WGTSTUS1.W,217307
2009-04-17,PET.WRPUPUS2.W,18160
2009-04-24,PET.WCRSTUS1.W,1072582
2009-04-24,PET.WDISTUS1.W,144105
2009-04-24,PET.WGTSTUS1.W,212612
2009-04-24,PET.WRPUPUS2.W,18429
2009-05-01,PET.WCRSTUS1.W,1075600
2009-05-01,PET.WDISTUS1.W,146533
2009-05-01,PET.WGTSTUS1.W,212445
2009-05-01,PET.WRPUPUS2.W,18019
2009-05-08,PET.WCRSTUS1.W,1071826
2009-05-08,PET.WDISTUS1.W,147455
2009-05-08,PET.WGTSTUS1.W,208291
2009-05-08,PET.WRPUPUS2.W,18168
2009-05-15,PET.WCRSTUS1.W,1070460
2009-05-15,PET.WDISTUS1.W,148127
2009-05-15,PET.WGTSTUS1.W,203954
2009-05-15,PET.WRPUPUS2.W,18403
2009-05-22,PET.WCRSTUS1.W,1066332
2009-05-22,PET.WDISTUS1.W,148375
2009-05-22,PET.WGTSTUS1.W,203417
2009-05-22,PET.WRPUPUS2.W,18579
2009-05-29,PET.WCRSTUS1.W,1069282
2009-05-29,PET.WDISTUS1.W,150036
2009-05-29,PET.WGTSTUS1.W,203202
2009-05-29,PET.WRPUPUS2.W,17679
2009-06-05,PET.WCRSTUS1.W,1064886
2009-06-05,PET.WDISTUS1.W,149718
2009-06-05,PET.WGTSTUS1.W,201649
2009-06-05,PET.WRPUPUS2.W,18725
2009-06-12,PET.WCRSTUS1.W,1061597
2009-06-12,PET.WDISTUS1.W,150026
2009-06-12,PET.WGTSTUS1.W,205034
2009-06-12,PET.WRPUPUS2.W,18964
2009-06-19,PET.WCRSTUS1.W,1058224
2009-06-19,PET.WDISTUS1.W,152103
2009-06-19,PET.WGTSTUS1.W,208905
2009-06-19,PET.WRPUPUS2.W,17913
2009-06-26,PET.WCRSTUS1.W,1055203
2009-06-26,PET.WDISTUS1.W,154999
2009-06-26,PET.WGTSTUS1.W,211238
2009-06-26,PET.WRPUPUS2.W,18169
2009-07-03,PET.WCRSTUS1.W,1052501
2009-07-03,PET.WDISTUS1.W,158738
2009-07-03,PET.WGTSTUS1.W,213140
2009-07-03,PET.WRPUPUS2.W,18494
2009-07-10,PET.WCRSTUS1.W,1050368
2009-07-10,PET.WDISTUS1.W,159291
2009-07-10,PET.WGTSTUS1.W,214578
2009-07-10,PET.WRPUPUS2.W,18846
2009-07-17,PET.WCRSTUS1.W,1048571
2009-07-17,PET.WDISTUS1.W,160509
2009-07-17,PET.WGTSTUS1.W,215391
2009-07-17,PET.WRPUPUS2.W,18917
2009-07-24,PET.WCRSTUS1.W,1053722
2009-07-24,PET.WDISTUS1.W,162617
2009-07-24,PET.WGTSTUS1.W,213076
2009-07-24,PET.WRPUPUS2.W,18713
2009-07-31,PET.WCRSTUS1.W,1055392
2009-07-31,PET.WDISTUS1.W,161481
2009-07-31,PET.WGTSTUS1.W,212858
2009-07-31,PET.WRPUPUS2.W,19287
2009-08-07,PET.WCRSTUS1.W,1058086
2009-08-07,PET.WDISTUS1.W,162267
2009-08-07,PET.WGTSTUS1.W,211931
2009-08-07,PET.WRPUPUS2.W,18702
2009-08-14,PET.WCRSTUS1.W,1049688
2009-08-14,PET.WDISTUS1.W,161617
2009-08-14,PET.WGTSTUS1.W,209754
2009-08-14,PET.WRPUPUS2.W,19279
2009-08-21,PET.WCRSTUS1.W,1049816
2009-08-21,PET.WDISTUS1.W,162384
2009-08-21,PET.WGTSTUS1.W,208054
2009-08-21,PET.WRPUPUS2.W,19473
2009-08-28,PET.WCRSTUS1.W,1049443
2009-08-28,PET.WDISTUS1.W,163563
2009-08-28,PET.WGTSTUS1.W,205085
2009-08-28,PET.WRPUPUS2.W,19713
2009-09-04,PET.WCRSTUS1.W,1043637
2009-09-04,PET.WDISTUS1.W,165556
2009-09-04,PET.WGTSTUS1.W,207153
2009-09-04,PET.WRPUPUS2.W,19522
2009-09-11,PET.WCRSTUS1.W,1039407
2009-09-11,PET.WDISTUS1.W,167793
2009-09-11,PET.WGTSTUS1.W,207700
2009-09-11,PET.WRPUPUS2.W,19104
2009-09-18,PET.WCRSTUS1.W,1042760
2009-09-18,PET.WDISTUS1.W,170754
2009-09-18,PET.WGTSTUS1.W,213109
2009-09-18,PET.WRPUPUS2.W,18476
2009-09-25,PET.WCRSTUS1.W,1045554
2009-09-25,PET.WDISTUS1.W,171077
2009-09-25,PET.WGTSTUS1.W,211452
2009-09-25,PET.WRPUPUS2.W,18909
2009-10-02,PET.WCRSTUS1.W,1044419
2009-10-02,PET.WDISTUS1.W,171756
2009-10-02,PET.WGTSTUS1.W,214389
2009-10-02,PET.WRPUPUS2.W,18733
2009-10-09,PET.WCRSTUS1.W,1044753
2009-10-09,PET.WDISTUS1.W,170672
2009-10-09,PET.WGTSTUS1.W,209159
2009-10-09,PET.WRPUPUS2.W,18936
2009-10-16,PET.WCRSTUS1.W,1046063
2009-10-16,PET.WDISTUS1.W,169888
2009-10-16,PET.WGTSTUS1.W,206945
2009-10-16,PET.WRPUPUS2.W,18669
2009-10-23,PET.WCRSTUS1.W,1046839
2009-10-23,PET.WDISTUS1.W,167754
2009-10-23,PET.WGTSTUS1.W,208564
2009-10-23,PET.WRPUPUS2.W,18523
2009-10-30,PET.WCRSTUS1.W,1042903
2009-10-30,PET.WDISTUS1.W,167376
2009-10-30,PET.WGTSTUS1.W,208277
2009-10-30,PET.WRPUPUS2.W,19144
2009-11-06,PET.WCRSTUS1.W,1044690
2009-11-06,PET.WDISTUS1.W,167725
2009-11-06,PET.WGTSTUS1.W,210837
2009-11-06,PET.WRPUPUS2.W,18315
2009-11-13,PET.WCRSTUS1.W,1043803
2009-11-13,PET.WDISTUS1.W,167397
2009-11-13,PET.WGTSTUS1.W,209082
2009-11-13,PET.WRPUPUS2.W,18506
2009-11-20,PET.WCRSTUS1.W,1044821
2009-11-20,PET.WDISTUS1.W,166868
2009-11-20,PET.WGTSTUS1.W,210085
2009-11-20,PET.WRPUPUS2.W,18820
2009-11-27,PET.WCRSTUS1.W,1047435
2009-11-27,PET.WDISTUS1.W,165698
2009-11-27,PET.WGTSTUS1.W,214081
2009-11-27,PET.WRPUPUS2.W,18323
2009-12-04,PET.WCRSTUS1.W,1044166
2009-12-04,PET.WDISTUS1.W,167317
2009-12-04,PET.WGTSTUS1.W,216334
2009-12-04,PET.WRPUPUS2.W,18348
2009-12-11,PET.WCRSTUS1.W,1040477
2009-12-11,PET.WDISTUS1.W,164363
2009-12-11,PET.WGTSTUS1.W,217213
2009-12-11,PET.WRPUPUS2.W,19572
2009-12-18,PET.WCRSTUS1.W,1035635
2009-12-18,PET.WDISTUS1.W,161336
2009-12-18,PET.WGTSTUS1.W,216330
2009-12-18,PET.WRPUPUS2.W,19377
2009-12-25,PET.WCRSTUS1.W,1034096
2009-12-25,PET.WDISTUS1.W,159281
2009-12-25,PET.WGTSTUS1.W,215964
2009-12-25,PET.WRPUPUS2.W,19062
2010-01-01,PET.WCRSTUS1.W,1033243
2010-01-01,PET.WDISTUS1.W,159048
2010-01-01,PET.WGTSTUS1.W,219701
2010-01-01,PET.WRPUPUS2.W,18755
2010-01-08,PET.WCRSTUS1.W,1036941
2010-01-08,PET.WDISTUS1.W,160401
2010-01-08,PET.WGTSTUS1.W,223492
2010-01-08,PET.WRPUPUS2.W,18637
2010-01-15,PET.WCRSTUS1.W,1036470
2010-01-15,PET.WDISTUS1.W,157138
2010-01-15,PET.WGTSTUS1.W,227442
2010-01-15,PET.WRPUPUS2.W,18736
2010-01-22,PET.WCRSTUS1.W,1032581
2010-01-22,PET.WDISTUS1.W,157496
2010-01-22,PET.WGTSTUS1.W,229427
2010-01-22,PET.WRPUPUS2.W,18884
2010-01-29,PET.WCRSTUS1.W,1034898
2010-01-29,PET.WDISTUS1.W,156548
2010-01-29,PET.WGTSTUS1.W,228121
2010-01-29,PET.WRPUPUS2.W,18742
2010-02-05,PET.WCRSTUS1.W,1037189
2010-02-05,PET.WDISTUS1.W,156192
2010-02-05,PET.WGTSTUS1.W,230445
2010-02-05,PET.WRPUPUS2.W,19261
2010-02-12,PET.WCRSTUS1.W,1040274
2010-02-12,PET.WDISTUS1.W,153255
2010-02-12,PET.WGTSTUS1.W,232065
2010-02-12,PET.WRPUPUS2.W,19092
2010-02-19,PET.WCRSTUS1.W,1043308
2010-02-19,PET.WDISTUS1.W,152664
2010-02-19,PET.WGTSTUS1.W,231170
2010-02-19,PET.WRPUPUS2.W,19283
2010-02-26,PET.WCRSTUS1.W,1047340
2010-02-26,PET.WDISTUS1.W,151821
2010-02-26,PET.WGTSTUS1.W,231943
2010-02-26,PET.WRPUPUS2.W,19618
2010-03-05,PET.WCRSTUS1.W,1048808
2010-03-05,PET.WDISTUS1.W,149604
2010-03-05,PET.WGTSTUS1.W,228984
2010-03-05,PET.WRPUPUS2.W,19653
2010-03-12,PET.WCRSTUS1.W,1049820
2010-03-12,PET.WDISTUS1.W,148113
2010-03-12,PET.WGTSTUS1.W,227274
2010-03-12,PET.WRPUPUS2.W,18832
2010-03-19,PET.WCRSTUS1.W,1057064
2010-03-19,PET.WDISTUS1.W,145691
2010-03-19,PET.WGTSTUS1.W,224559
2010-03-19,PET.WRPUPUS2.W,19336
2010-03-26,PET.WCRSTUS1.W,1059993
2010-03-26,PET.WDISTUS1.W,144606
2010-03-26,PET.WGTSTUS1.W,224872
2010-03-26,PET.WRPUPUS2.W,19021
2010-04-02,PET.WCRSTUS1.W,1062138
2010-04-02,PET.WDISTUS1.W,145680
2010-04-02,PET.WGTSTUS1.W,222374
2010-04-02,PET.WRPUPUS2.W,18907
2010-04-09,PET.WCRSTUS1.W,1059934
2010-04-09,PET.WDISTUS1.W,146787
2010-04-09,PET.WGTSTUS1.W,221338
2010-04-09,PET.WRPUPUS2.W,19012
2010-04-16,PET.WCRSTUS1.W,1061826
2010-04-16,PET.WDISTUS1.W,148883
2010-04-16,PET.WGTSTUS1.W,224925
2010-04-16,PET.WRPUPUS2.W,18484
2010-04-23,PET.WCRSTUS1.W,1063788
2010-04-23,PET.WDISTUS1.W,151820
2010-04-23,PET.WGTSTUS1.W,223685
2010-04-23,PET.WRPUPUS2.W,18428
2010-04-30,PET.WCRSTUS1.W,1066543
2010-04-30,PET.WDISTUS1.W,152393
2010-04-30,PET.WGTSTUS1.W,224942
2010-04-30,PET.WRPUPUS2.W,19467
2010-05-07,PET.WCRSTUS1.W,1068460
2010-05-07,PET.WDISTUS1.W,153789
2010-05-07,PET.WGTSTUS1.W,222128
2010-05-07,PET.WRPUPUS2.W,19320
2010-05-14,PET.WCRSTUS1.W,1068620
2010-05-14,PET.WDISTUS1.W,152810
2010-05-14,PET.WGTSTUS1.W,221834
2010-05-14,PET.WRPUPUS2.W,19604
2010-05-21,PET.WCRSTUS1.W,1071080
2010-05-21,PET.WDISTUS1.W,152543
2010-05-21,PET.WGTSTUS1.W,221631
2010-05-21,PET.WRPUPUS2.W,19714
2010-05-28,PET.WCRSTUS1.W,1069176
2010-05-28,PET.WDISTUS1.W,152988
2010-05-28,PET.WGTSTUS1.W,218984
2010-05-28,PET.WRPUPUS2.W,20021
2010-06-04,PET.WCRSTUS1.W,1067501
2010-06-04,PET.WDISTUS1.W,154824
2010-06-04,PET.WGTSTUS1.W,218976
2010-06-04,PET.WRPUPUS2.W,19316
2010-06-11,PET.WCRSTUS1.W,1069190
2010-06-11,PET.WDISTUS1.W,156622
2010-06-11,PET.WGTSTUS1.W,218340
2010-06-11,PET.WRPUPUS2.W,19135
2010-06-18,PET.WCRSTUS1.W,1071207
2010-06-18,PET.WDISTUS1.W,156919
2010-06-18,PET.WGTSTUS1.W,217578
2010-06-18,PET.WRPUPUS2.W,19498
2010-06-25,PET.WCRSTUS1.W,1069198
2010-06-25,PET.WDISTUS1.W,159376
2010-06-25,PET.WGTSTUS1.W,218115
2010-06-25,PET.WRPUPUS2.W,18967
2010-07-02,PET.WCRSTUS1.W,1064153
2010-07-02,PET.WDISTUS1.W,159697
2010-07-02,PET.WGTSTUS1.W,219435
2010-07-02,PET.WRPUPUS2.W,19599
2010-07-09,PET.WCRSTUS1.W,1059095
2010-07-09,PET.WDISTUS1.W,162640
2010-07-09,PET.WGTSTUS1.W,221036
2010-07-09,PET.WRPUPUS2.W,18724
2010-07-16,PET.WCRSTUS1.W,1059455
2010-07-16,PET.WDISTUS1.W,166575
2010-07-16,PET.WGTSTUS1.W,222154
2010-07-16,PET.WRPUPUS2.W,19281
2010-07-23,PET.WCRSTUS1.W,1066761
2010-07-23,PET.WDISTUS1.W,167513
2010-07-23,PET.WGTSTUS1.W,222245
2010-07-23,PET.WRPUPUS2.W,19642
2010-07-30,PET.WCRSTUS1.W,1063977
2010-07-30,PET.WDISTUS1.W,169686
2010-07-30,PET.WGTSTUS1.W,222974
2010-07-30,PET.WRPUPUS2.W,19302
2010-08-06,PET.WCRSTUS1.W,1060976
2010-08-06,PET.WDISTUS1.W,173142
2010-08-06,PET.WGTSTUS1.W,223383
2010-08-06,PET.WRPUPUS2.W,19472
2010-08-13,PET.WCRSTUS1.W,1060158
2010-08-13,PET.WDISTUS1.W,174211
2010-08-13,PET.WGTSTUS1.W,223344
2010-08-13,PET.WRPUPUS2.W,19415
2010-08-20,PET.WCRSTUS1.W,1064264
2010-08-20,PET.WDISTUS1.W,175974
2010-08-20,PET.WGTSTUS1.W,225617
2010-08-20,PET.WRPUPUS2.W,19293
2010-08-27,PET.WCRSTUS1.W,1067688
2010-08-27,PET.WDISTUS1.W,175235
2010-08-27,PET.WGTSTUS1.W,225405
2010-08-27,PET.WRPUPUS2.W,19590
2010-09-03,PET.WCRSTUS1.W,1065918
2010-09-03,PET.WDISTUS1.W,174847
2010-09-03,PET.WGTSTUS1.W,225162
2010-09-03,PET.WRPUPUS2.W,19447
2010-09-10,PET.WCRSTUS1.W,1063429
2010-09-10,PET.WDISTUS1.W,174507
2010-09-10,PET.WGTSTUS1.W,224468
2010-09-10,PET.WRPUPUS2.W,19216
2010-09-17,PET.WCRSTUS1.W,1063995
2010-09-17,PET.WDISTUS1.W,174854
2010-09-17,PET.WGTSTUS1.W,226058
2010-09-17,PET.WRPUPUS2.W,19098
2010-09-24,PET.WCRSTUS1.W,1063693
2010-09-24,PET.WDISTUS1.W,173589
2010-09-24,PET.WGTSTUS1.W,222589
2010-09-24,PET.WRPUPUS2.W,19754
2010-10-01,PET.WCRSTUS1.W,1066536
2010-10-01,PET.WDISTUS1.W,172465
2010-10-01,PET.WGTSTUS1.W,219943
2010-10-01,PET.WRPUPUS2.W,18784
2010-10-08,PET.WCRSTUS1.W,1066283
2010-10-08,PET.WDISTUS1.W,172210
2010-10-08,PET.WGTSTUS1.W,218174
2010-10-08,PET.WRPUPUS2.W,18714
2010-10-15,PET.WCRSTUS1.W,1066948
2010-10-15,PET.WDISTUS1.W,170055
2010-10-15,PET.WGTSTUS1.W,219329
2010-10-15,PET.WRPUPUS2.W,18682
2010-10-22,PET.WCRSTUS1.W,1071996
2010-10-22,PET.WDISTUS1.W,168442
2010-10-22,PET.WGTSTUS1.W,214942
2010-10-22,PET.WRPUPUS2.W,19366
2010-10-29,PET.WCRSTUS1.W,1073946
2010-10-29,PET.WDISTUS1.W,164874
2010-10-29,PET.WGTSTUS1.W,212253
2010-10-29,PET.WRPUPUS2.W,19267
2010-11-05,PET.WCRSTUS1.W,1070399
2010-11-05,PET.WDISTUS1.W,159902
2010-11-05,PET.WGTSTUS1.W,210336
2010-11-05,PET.WRPUPUS2.W,19609
2010-11-12,PET.WCRSTUS1.W,1063113
2010-11-12,PET.WDISTUS1.W,158792
2010-11-12,PET.WGTSTUS1.W,207679
2010-11-12,PET.WRPUPUS2.W,18919
2010-11-19,PET.WCRSTUS1.W,1064141
2010-11-19,PET.WDISTUS1.W,158251
2010-11-19,PET.WGTSTUS1.W,209592
2010-11-19,PET.WRPUPUS2.W,19010
2010-11-26,PET.WCRSTUS1.W,1065206
2010-11-26,PET.WDISTUS1.W,158057
2010-11-26,PET.WGTSTUS1.W,210153
2010-11-26,PET.WRPUPUS2.W,18454
2010-12-03,PET.WCRSTUS1.W,1061072
2010-12-03,PET.WDISTUS1.W,160211
2010-12-03,PET.WGTSTUS1.W,213964
2010-12-03,PET.WRPUPUS2.W,19936
2010-12-10,PET.WCRSTUS1.W,1051218
2010-12-10,PET.WDISTUS1.W,161305
2010-12-10,PET.WGTSTUS1.W,214773
2010-12-10,PET.WRPUPUS2.W,20209
2010-12-17,PET.WCRSTUS1.W,1045883
2010-12-17,PET.WDISTUS1.W,160716
2010-12-17,PET.WGTSTUS1.W,217173
2010-12-17,PET.WRPUPUS2.W,19981
2010-12-24,PET.WCRSTUS1.W,1044625
2010-12-24,PET.WDISTUS1.W,160959
2010-12-24,PET.WGTSTUS1.W,214857
2010-12-24,PET.WRPUPUS2.W,20749
2010-12-31,PET.WCRSTUS1.W,1040464
2010-12-31,PET.WDISTUS1.W,162107
2010-12-31,PET.WGTSTUS1.W,218146
2010-12-31,PET.WRPUPUS2.W,19059
2011-01-07,PET.WCRSTUS1.W,1038071
2011-01-07,PET.WDISTUS1.W,164759
2011-01-07,PET.WGTSTUS1.W,223227
2011-01-07,PET.WRPUPUS2.W,18958
2011-01-14,PET.WCRSTUS1.W,1040687
2011-01-14,PET.WDISTUS1.W,165797
2011-01-14,PET.WGTSTUS1.W,227670
2011-01-14,PET.WRPUPUS2.W,19113
2011-01-21,PET.WCRSTUS1.W,1045523
2011-01-21,PET.WDISTUS1.W,165657
2011-01-21,PET.WGTSTUS1.W,230074
2011-01-21,PET.WRPUPUS2.W,19035
2011-01-28,PET.WCRSTUS1.W,1048117
2011-01-28,PET.WDISTUS1.W,164078
2011-01-28,PET.WGTSTUS1.W,236228
2011-01-28,PET.WRPUPUS2.W,18787
2011-02-04,PET.WCRSTUS1.W,1049948
2011-02-04,PET.WDISTUS1.W,164366
2011-02-04,PET.WGTSTUS1.W,240891
2011-02-04,PET.WRPUPUS2.W,19157
2011-02-11,PET.WCRSTUS1.W,1050807
2011-02-11,PET.WDISTUS1.W,161270
2011-02-11,PET.WGTSTUS1.W,241096
2011-02-11,PET.WRPUPUS2.W,19793
2011-02-18,PET.WCRSTUS1.W,1051629
2011-02-18,PET.WDISTUS1.W,159937
2011-02-18,PET.WGTSTUS1.W,238298
2011-02-18,PET.WRPUPUS2.W,19664
2011-02-25,PET.WCRSTUS1.W,1051265
2011-02-25,PET.WDISTUS1.W,159186
2011-02-25,PET.WGTSTUS1.W,234708
2011-02-25,PET.WRPUPUS2.W,18958
2011-03-04,PET.WCRSTUS1.W,1053641
2011-03-04,PET.WDISTUS1.W,155209
2011-03-04,PET.WGTSTUS1.W,229214
2011-03-04,PET.WRPUPUS2.W,19669
2011-03-11,PET.WCRSTUS1.W,1055386
2011-03-11,PET.WDISTUS1.W,152608
2011-03-11,PET.WGTSTUS1.W,225040
2011-03-11,PET.WRPUPUS2.W,19111
2011-03-18,PET.WCRSTUS1.W,1057517
2011-03-18,PET.WDISTUS1.W,152615
2011-03-18,PET.WGTSTUS1.W,219720
2011-03-18,PET.WRPUPUS2.W,19310
2011-03-25,PET.WCRSTUS1.W,1060462
2011-03-25,PET.WDISTUS1.W,153325
2011-03-25,PET.WGTSTUS1.W,217036
2011-03-25,PET.WRPUPUS2.W,18605
2011-04-01,PET.WCRSTUS1.W,1062078
2011-04-01,PET.WDISTUS1.W,153520
2011-04-01,PET.WGTSTUS1.W,216679
2011-04-01,PET.WRPUPUS2.W,19183
2011-04-08,PET.WCRSTUS1.W,1063705
2011-04-08,PET.WDISTUS1.W,150839
2011-04-08,PET.WGTSTUS1.W,209679
2011-04-08,PET.WRPUPUS2.W,19258
2011-04-15,PET.WCRSTUS1.W,1061383
2011-04-15,PET.WDISTUS1.W,148335
2011-04-15,PET.WGTSTUS1.W,208096
2011-04-15,PET.WRPUPUS2.W,19274
2011-04-22,PET.WCRSTUS1.W,1067539
2011-04-22,PET.WDISTUS1.W,146530
2011-04-22,PET.WGTSTUS1.W,205588
2011-04-22,PET.WRPUPUS2.W,19588
2011-04-29,PET.WCRSTUS1.W,1070960
2011-04-29,PET.WDISTUS1.W,145132
2011-04-29,PET.WGTSTUS1.W,204542
2011-04-29,PET.WRPUPUS2.W,18332
2011-05-06,PET.WCRSTUS1.W,1074592
2011-05-06,PET.WDISTUS1.W,144289
2011-05-06,PET.WGTSTUS1.W,205817
2011-05-06,PET.WRPUPUS2.W,18164
2011-05-13,PET.WCRSTUS1.W,1074577
2011-05-13,PET.WDISTUS1.W,143132
2011-05-13,PET.WGTSTUS1.W,205936
2011-05-13,PET.WRPUPUS2.W,18515
2011-05-20,PET.WCRSTUS1.W,1075193
2011-05-20,PET.WDISTUS1.W,141092
2011-05-20,PET.WGTSTUS1.W,209730
2011-05-20,PET.WRPUPUS2.W,18916
2011-05-27,PET.WCRSTUS1.W,1078071
2011-05-27,PET.WDISTUS1.W,140116
2011-05-27,PET.WGTSTUS1.W,212283
2011-05-27,PET.WRPUPUS2.W,19134
2011-06-03,PET.WCRSTUS1.W,1073439
2011-06-03,PET.WDISTUS1.W,140926
2011-06-03,PET.WGTSTUS1.W,214492
2011-06-03,PET.WRPUPUS2.W,19222
2011-06-10,PET.WCRSTUS1.W,1070033
2011-06-10,PET.WDISTUS1.W,140821
2011-06-10,PET.WGTSTUS1.W,215065
2011-06-10,PET.WRPUPUS2.W,18806
2011-06-17,PET.WCRSTUS1.W,1068311
2011-06-17,PET.WDISTUS1.W,141994
2011-06-17,PET.WGTSTUS1.W,214601
2011-06-17,PET.WRPUPUS2.W,19037
2011-06-24,PET.WCRSTUS1.W,1063936
2011-06-24,PET.WDISTUS1.W,142252
2011-06-24,PET.WGTSTUS1.W,213173
2011-06-24,PET.WRPUPUS2.W,18877
2011-07-01,PET.WCRSTUS1.W,1063063
2011-07-01,PET.WDISTUS1.W,142061
2011-07-01,PET.WGTSTUS1.W,212539
2011-07-01,PET.WRPUPUS2.W,19232
2011-07-08,PET.WCRSTUS1.W,1059939
2011-07-08,PET.WDISTUS1.W,145028
2011-07-08,PET.WGTSTUS1.W,211699
2011-07-08,PET.WRPUPUS2.W,18513
2011-07-15,PET.WCRSTUS1.W,1056212
2011-07-15,PET.WDISTUS1.W,148460
2011-07-15,PET.WGTSTUS1.W,212456
2011-07-15,PET.WRPUPUS2.W,18853
2011-07-22,PET.WCRSTUS1.W,1056240
2011-07-22,PET.WDISTUS1.W,151845
2011-07-22,PET.WGTSTUS1.W,213478
2011-07-22,PET.WRPUPUS2.W,18426
2011-07-29,PET.WCRSTUS1.W,1052688
2011-07-29,PET.WDISTUS1.W,152254
2011-07-29,PET.WGTSTUS1.W,215179
2011-07-29,PET.WRPUPUS2.W,19641
2011-08-05,PET.WCRSTUS1.W,1045073
2011-08-05,PET.WDISTUS1.W,151517
2011-08-05,PET.WGTSTUS1.W,213591
2011-08-05,PET.WRPUPUS2.W,20293
2011-08-12,PET.WCRSTUS1.W,1043392
2011-08-12,PET.WDISTUS1.W,153966
2011-08-12,PET.WGTSTUS1.W,210081
2011-08-12,PET.WRPUPUS2.W,19414
2011-08-19,PET.WCRSTUS1.W,1036377
2011-08-19,PET.WDISTUS1.W,155697
2011-08-19,PET.WGTSTUS1.W,211436
2011-08-19,PET.WRPUPUS2.W,19243
2011-08-26,PET.WCRSTUS1.W,1036932
2011-08-26,PET.WDISTUS1.W,156060
2011-08-26,PET.WGTSTUS1.W,208641
2011-08-26,PET.WRPUPUS2.W,19562
2011-09-02,PET.WCRSTUS1.W,1028085
2011-09-02,PET.WDISTUS1.W,156769
2011-09-02,PET.WGTSTUS1.W,208840
2011-09-02,PET.WRPUPUS2.W,19386
2011-09-09,PET.WCRSTUS1.W,1020381
2011-09-09,PET.WDISTUS1.W,158480
2011-09-09,PET.WGTSTUS1.W,210780
2011-09-09,PET.WRPUPUS2.W,18654
2011-09-16,PET.WCRSTUS1.W,1013045
2011-09-16,PET.WDISTUS1.W,157606
2011-09-16,PET.WGTSTUS1.W,214075
2011-09-16,PET.WRPUPUS2.W,19024
2011-09-23,PET.WCRSTUS1.W,1014974
2011-09-23,PET.WDISTUS1.W,157678
2011-09-23,PET.WGTSTUS1.W,214866
2011-09-23,PET.WRPUPUS2.W,19083
2011-09-30,PET.WCRSTUS1.W,1010295
2011-09-30,PET.WDISTUS1.W,156934
2011-09-30,PET.WGTSTUS1.W,213729
2011-09-30,PET.WRPUPUS2.W,19101
2011-10-07,PET.WCRSTUS1.W,1011531
2011-10-07,PET.WDISTUS1.W,154005
2011-10-07,PET.WGTSTUS1.W,209595
2011-10-07,PET.WRPUPUS2.W,18737
2011-10-14,PET.WCRSTUS1.W,1006797
2011-10-14,PET.WDISTUS1.W,149739
2011-10-14,PET.WGTSTUS1.W,206271
2011-10-14,PET.WRPUPUS2.W,18329
2011-10-21,PET.WCRSTUS1.W,1011532
2011-10-21,PET.WDISTUS1.W,145464
2011-10-21,PET.WGTSTUS1.W,204918
2011-10-21,PET.WRPUPUS2.W,18884
2011-10-28,PET.WCRSTUS1.W,1013358
2011-10-28,PET.WDISTUS1.W,141889
2011-10-28,PET.WGTSTUS1.W,206274
2011-10-28,PET.WRPUPUS2.W,18641
2011-11-04,PET.WCRSTUS1.W,1011770
2011-11-04,PET.WDISTUS1.W,135869
2011-11-04,PET.WGTSTUS1.W,204167
2011-11-04,PET.WRPUPUS2.W,20037
2011-11-11,PET.WCRSTUS1.W,1010713
2011-11-11,PET.WDISTUS1.W,133733
2011-11-11,PET.WGTSTUS1.W,205159
2011-11-11,PET.WRPUPUS2.W,19311
2011-11-18,PET.WCRSTUS1.W,1004495
2011-11-18,PET.WDISTUS1.W,132963
2011-11-18,PET.WGTSTUS1.W,209634
2011-11-18,PET.WRPUPUS2.W,18585
2011-11-25,PET.WCRSTUS1.W,1008427
2011-11-25,PET.WDISTUS1.W,138489
2011-11-25,PET.WGTSTUS1.W,209847
2011-11-25,PET.WRPUPUS2.W,17946
2011-12-02,PET.WCRSTUS1.W,1009576
2011-12-02,PET.WDISTUS1.W,141022
2011-12-02,PET.WGTSTUS1.W,214994
2011-12-02,PET.WRPUPUS2.W,18308
2011-12-09,PET.WCRSTUS1.W,1007644
2011-12-09,PET.WDISTUS1.W,141502
2011-12-09,PET.WGTSTUS1.W,218818
2011-12-09,PET.WRPUPUS2.W,18409
2011-12-16,PET.WCRSTUS1.W,997074
2011-12-16,PET.WDISTUS1.W,139149
2011-12-16,PET.WGTSTUS1.W,218406
2011-12-16,PET.WRPUPUS2.W,19324
2011-12-23,PET.WCRSTUS1.W,1000973
2011-12-23,PET.WDISTUS1.W,140354
2011-12-23,PET.WGTSTUS1.W,217714
2011-12-23,PET.WRPUPUS2.W,18499
2011-12-30,PET.WCRSTUS1.W,1003182
2011-12-30,PET.WDISTUS1.W,143578
2011-12-30,PET.WGTSTUS1.W,220193
2011-12-30,PET.WRPUPUS2.W,18023
2012-01-06,PET.WCRSTUS1.W,1005007
2012-01-06,PET.WDISTUS1.W,147563
2012-01-06,PET.WGTSTUS1.W,223803
2012-01-06,PET.WRPUPUS2.W,17811
2012-01-13,PET.WCRSTUS1.W,1001569
2012-01-13,PET.WDISTUS1.W,148001
2012-01-13,PET.WGTSTUS1.W,227520
2012-01-13,PET.WRPUPUS2.W,17902
2012-01-20,PET.WCRSTUS1.W,1005127
2012-01-20,PET.WDISTUS1.W,145545
2012-01-20,PET.WGTSTUS1.W,227130
2012-01-20,PET.WRPUPUS2.W,19241
2012-01-27,PET.WCRSTUS1.W,1009302
2012-01-27,PET.WDISTUS1.W,145410
2012-01-27,PET.WGTSTUS1.W,230147
2012-01-27,PET.WRPUPUS2.W,17704
2012-02-03,PET.WCRSTUS1.W,1009593
2012-02-03,PET.WDISTUS1.W,146584
2012-02-03,PET.WGTSTUS1.W,231776
2012-02-03,PET.WRPUPUS2.W,17618
2012-02-10,PET.WCRSTUS1.W,1009422
2012-02-10,PET.WDISTUS1.W,143717
2012-02-10,PET.WGTSTUS1.W,232176
2012-02-10,PET.WRPUPUS2.W,18655
2012-02-17,PET.WCRSTUS1.W,1011055
2012-02-17,PET.WDISTUS1.W,143509
2012-02-17,PET.WGTSTUS1.W,231527
2012-02-17,PET.WRPUPUS2.W,18237
2012-02-24,PET.WCRSTUS1.W,1015215
2012-02-24,PET.WDISTUS1.W,141440
2012-02-24,PET.WGTSTUS1.W,229927
2012-02-24,PET.WRPUPUS2.W,18256
2012-03-02,PET.WCRSTUS1.W,1016063
2012-03-02,PET.WDISTUS1.W,139496
2012-03-02,PET.WGTSTUS1.W,229531
2012-03-02,PET.WRPUPUS2.W,18178
2012-03-09,PET.WCRSTUS1.W,1017813
2012-03-09,PET.WDISTUS1.W,134814
2012-03-09,PET.WGTSTUS1.W,228121
2012-03-09,PET.WRPUPUS2.W,18571
2012-03-16,PET.WCRSTUS1.W,1016651
2012-03-16,PET.WDISTUS1.W,136577
2012-03-16,PET.WGTSTUS1.W,226907
2012-03-16,PET.WRPUPUS2.W,17674
2012-03-23,PET.WCRSTUS1.W,1023753
2012-03-23,PET.WDISTUS1.W,135866
2012-03-23,PET.WGTSTUS1.W,223370
2012-03-23,PET.WRPUPUS2.W,18204
2012-03-30,PET.WCRSTUS1.W,1032762
2012-03-30,PET.WDISTUS1.W,135885
2012-03-30,PET.WGTSTUS1.W,221913
2012-03-30,PET.WRPUPUS2.W,18186
2012-04-06,PET.WCRSTUS1.W,1035328
2012-04-06,PET.WDISTUS1.W,131885
2012-04-06,PET.WGTSTUS1.W,217636
2012-04-06,PET.WRPUPUS2.W,19005
2012-04-13,PET.WCRSTUS1.W,1039184
2012-04-13,PET.WDISTUS1.W,128977
2012-04-13,PET.WGTSTUS1.W,213965
2012-04-13,PET.WRPUPUS2.W,18863
2012-04-20,PET.WCRSTUS1.W,1043162
2012-04-20,PET.WDISTUS1.W,125925
2012-04-20,PET.WGTSTUS1.W,211730
2012-04-20,PET.WRPUPUS2.W,18756
2012-04-27,PET.WCRSTUS1.W,1046002
2012-04-27,PET.WDISTUS1.W,124022
2012-04-27,PET.WGTSTUS1.W,209721
2012-04-27,PET.WRPUPUS2.W,18544
2012-05-04,PET.WCRSTUS1.W,1051291
2012-05-04,PET.WDISTUS1.W,120771
2012-05-04,PET.WGTSTUS1.W,207108
2012-05-04,PET.WRPUPUS2.W,18603
2012-05-11,PET.WCRSTUS1.W,1053419
2012-05-11,PET.WDISTUS1.W,119802
2012-05-11,PET.WGTSTUS1.W,204311
2012-05-11,PET.WRPUPUS2.W,19013
2012-05-18,PET.WCRSTUS1.W,1054302
2012-05-18,PET.WDISTUS1.W,119493
2012-05-18,PET.WGTSTUS1.W,201012
2012-05-18,PET.WRPUPUS2.W,18683
2012-05-25,PET.WCRSTUS1.W,1056515
2012-05-25,PET.WDISTUS1.W,117784
2012-05-25,PET.WGTSTUS1.W,200179
2012-05-25,PET.WRPUPUS2.W,18320
2012-06-01,PET.WCRSTUS1.W,1054752
2012-06-01,PET.WDISTUS1.W,120037
2012-06-01,PET.WGTSTUS1.W,203525
2012-06-01,PET.WRPUPUS2.W,18226
2012-06-08,PET.WCRSTUS1.W,1054561
2012-06-08,PET.WDISTUS1.W,119974
2012-06-08,PET.WGTSTUS1.W,201801
2012-06-08,PET.WRPUPUS2.W,19405
2012-06-15,PET.WCRSTUS1.W,1057422
2012-06-15,PET.WDISTUS1.W,121130
2012-06-15,PET.WGTSTUS1.W,202744
2012-06-15,PET.WRPUPUS2.W,18599
2012-06-22,PET.WCRSTUS1.W,1057289
2012-06-22,PET.WDISTUS1.W,118851
2012-06-22,PET.WGTSTUS1.W,204822
2012-06-22,PET.WRPUPUS2.W,19064
2012-06-29,PET.WCRSTUS1.W,1053019
2012-06-29,PET.WDISTUS1.W,117800
2012-06-29,PET.WGTSTUS1.W,204973
2012-06-29,PET.WRPUPUS2.W,19601
2012-07-06,PET.WCRSTUS1.W,1048164
2012-07-06,PET.WDISTUS1.W,120912
2012-07-06,PET.WGTSTUS1.W,207725
2012-07-06,PET.WRPUPUS2.W,18535
2012-07-13,PET.WCRSTUS1.W,1047355
2012-07-13,PET.WDISTUS1.W,123531
2012-07-13,PET.WGTSTUS1.W,205910
2012-07-13,PET.WRPUPUS2.W,18596
2012-07-20,PET.WCRSTUS1.W,1050072
2012-07-20,PET.WDISTUS1.W,125239
2012-07-20,PET.WGTSTUS1.W,210044
2012-07-20,PET.WRPUPUS2.W,19076
2012-07-27,PET.WCRSTUS1.W,1043549
2012-07-27,PET.WDISTUS1.W,124265
2012-07-27,PET.WGTSTUS1.W,207870
2012-07-27,PET.WRPUPUS2.W,19150
2012-08-03,PET.WCRSTUS1.W,1039774
2012-08-03,PET.WDISTUS1.W,123541
2012-08-03,PET.WGTSTUS1.W,206069
2012-08-03,PET.WRPUPUS2.W,18946
2012-08-10,PET.WCRSTUS1.W,1036075
2012-08-10,PET.WDISTUS1.W,124218
2012-08-10,PET.WGTSTUS1.W,203698
2012-08-10,PET.WRPUPUS2.W,20026
2012-08-17,PET.WCRSTUS1.W,1030663
2012-08-17,PET.WDISTUS1.W,125210
2012-08-17,PET.WGTSTUS1.W,202736
2012-08-17,PET.WRPUPUS2.W,18747
2012-08-24,PET.WCRSTUS1.W,1034441
2012-08-24,PET.WDISTUS1.W,126083
2012-08-24,PET.WGTSTUS1.W,201227
2012-08-24,PET.WRPUPUS2.W,19116
2012-08-31,PET.WCRSTUS1.W,1027015
2012-08-31,PET.WDISTUS1.W,127076
2012-08-31,PET.WGTSTUS1.W,198893
2012-08-31,PET.WRPUPUS2.W,18942
2012-09-07,PET.WCRSTUS1.W,1027424
2012-09-07,PET.WDISTUS1.W,128552
2012-09-07,PET.WGTSTUS1.W,197716
2012-09-07,PET.WRPUPUS2.W,17999
2012-09-14,PET.WCRSTUS1.W,1035960
2012-09-14,PET.WDISTUS1.W,128230
2012-09-14,PET.WGTSTUS1.W,196309
2012-09-14,PET.WRPUPUS2.W,18334
2012-09-21,PET.WCRSTUS1.W,1033514
2012-09-21,PET.WDISTUS1.W,127748
2012-09-21,PET.WGTSTUS1.W,195828
2012-09-21,PET.WRPUPUS2.W,18315
2012-09-28,PET.WCRSTUS1.W,1033032
2012-09-28,PET.WDISTUS1.W,124059
2012-09-28,PET.WGTSTUS1.W,195942
2012-09-28,PET.WRPUPUS2.W,18720
2012-10-05,PET.WCRSTUS1.W,1034544
2012-10-05,PET.WDISTUS1.W,120882
2012-10-05,PET.WGTSTUS1.W,195408
2012-10-05,PET.WRPUPUS2.W,18719
2012-10-12,PET.WCRSTUS1.W,1037404
2012-10-12,PET.WDISTUS1.W,118664
2012-10-12,PET.WGTSTUS1.W,197128
2012-10-12,PET.WRPUPUS2.W,19519
2012-10-19,PET.WCRSTUS1.W,1043300
2012-10-19,PET.WDISTUS1.W,118018
2012-10-19,PET.WGTSTUS1.W,198567
2012-10-19,PET.WRPUPUS2.W,19136
2012-10-26,PET.WCRSTUS1.W,1041255
2012-10-26,PET.WDISTUS1.W,117925
2012-10-26,PET.WGTSTUS1.W,199502
2012-10-26,PET.WRPUPUS2.W,18326
2012-11-02,PET.WCRSTUS1.W,1042802
2012-11-02,PET.WDISTUS1.W,118056
2012-11-02,PET.WGTSTUS1.W,202377
2012-11-02,PET.WRPUPUS2.W,18371
2012-11-09,PET.WCRSTUS1.W,1043891
2012-11-09,PET.WDISTUS1.W,115517
2012-11-09,PET.WGTSTUS1.W,201937
2012-11-09,PET.WRPUPUS2.W,19346
2012-11-16,PET.WCRSTUS1.W,1042425
2012-11-16,PET.WDISTUS1.W,112842
2012-11-16,PET.WGTSTUS1.W,200390
2012-11-16,PET.WRPUPUS2.W,19437
2012-11-23,PET.WCRSTUS1.W,1042078
2012-11-23,PET.WDISTUS1.W,112042
2012-11-23,PET.WGTSTUS1.W,204255
2012-11-23,PET.WRPUPUS2.W,18969
2012-11-30,PET.WCRSTUS1.W,1039721
2012-11-30,PET.WDISTUS1.W,115069
2012-11-30,PET.WGTSTUS1.W,212115
2012-11-30,PET.WRPUPUS2.W,18337
2012-12-07,PET.WCRSTUS1.W,1039861
2012-12-07,PET.WDISTUS1.W,118055
2012-12-07,PET.WGTSTUS1.W,217115
2012-12-07,PET.WRPUPUS2.W,18825
2012-12-14,PET.WCRSTUS1.W,1038897
2012-12-14,PET.WDISTUS1.W,116970
2012-12-14,PET.WGTSTUS1.W,219322
2012-12-14,PET.WRPUPUS2.W,19955
2012-12-21,PET.WCRSTUS1.W,1038311
2012-12-21,PET.WDISTUS1.W,119393
2012-12-21,PET.WGTSTUS1.W,223104
2012-12-21,PET.WRPUPUS2.W,18857
2012-12-28,PET.WCRSTUS1.W,1027191
2012-12-28,PET.WDISTUS1.W,123967
2012-12-28,PET.WGTSTUS1.W,225673
2012-12-28,PET.WRPUPUS2.W,18894
2013-01-04,PET.WCRSTUS1.W,1028083
2013-01-04,PET.WDISTUS1.W,130744
2013-01-04,PET.WGTSTUS1.W,233085
2013-01-04,PET.WRPUPUS2.W,17755
2013-01-11,PET.WCRSTUS1.W,1027447
2013-01-11,PET.WDISTUS1.W,132430
2013-01-11,PET.WGTSTUS1.W,234995
2013-01-11,PET.WRPUPUS2.W,17954
2013-01-18,PET.WCRSTUS1.W,1030260
2013-01-18,PET.WDISTUS1.W,132938
2013-01-18,PET.WGTSTUS1.W,233257
2013-01-18,PET.WRPUPUS2.W,18645
2013-01-25,PET.WCRSTUS1.W,1036400
2013-01-25,PET.WDISTUS1.W,130623
2013-01-25,PET.WGTSTUS1.W,232301
2013-01-25,PET.WRPUPUS2.W,18681
2013-02-01,PET.WCRSTUS1.W,1039081
2013-02-01,PET.WDISTUS1.W,129581
2013-02-01,PET.WGTSTUS1.W,234039
2013-02-01,PET.WRPUPUS2.W,18052
2013-02-08,PET.WCRSTUS1.W,1039803
2013-02-08,PET.WDISTUS1.W,125904
2013-02-08,PET.WGTSTUS1.W,233236
2013-02-08,PET.WRPUPUS2.W,19048
2013-02-15,PET.WCRSTUS1.W,1043946
2013-02-15,PET.WDISTUS1.W,123627
2013-02-15,PET.WGTSTUS1.W,230352
2013-02-15,PET.WRPUPUS2.W,18412
2013-02-22,PET.WCRSTUS1.W,1045076
2013-02-22,PET.WDISTUS1.W,124184
2013-02-22,PET.WGTSTUS1.W,228495
2013-02-22,PET.WRPUPUS2.W,18680
2013-03-01,PET.WCRSTUS1.W,1048812
2013-03-01,PET.WDISTUS1.W,120354
2013-03-01,PET.WGTSTUS1.W,227879
2013-03-01,PET.WRPUPUS2.W,18296
2013-03-08,PET.WCRSTUS1.W,1051436
2013-03-08,PET.WDISTUS1.W,120437
2013-03-08,PET.WGTSTUS1.W,224308
2013-03-08,PET.WRPUPUS2.W,18597
2013-03-15,PET.WCRSTUS1.W,1050122
2013-03-15,PET.WDISTUS1.W,119765
2013-03-15,PET.WGTSTUS1.W,222832
2013-03-15,PET.WRPUPUS2.W,17765
2013-03-22,PET.WCRSTUS1.W,1053378
2013-03-22,PET.WDISTUS1.W,115252
2013-03-22,PET.WGTSTUS1.W,221236
2013-03-22,PET.WRPUPUS2.W,18873
2013-03-29,PET.WCRSTUS1.W,1056085
2013-03-29,PET.WDISTUS1.W,112986
2013-03-29,PET.WGTSTUS1.W,220664
2013-03-29,PET.WRPUPUS2.W,18966
2013-04-05,PET.WCRSTUS1.W,1055967
2013-04-05,PET.WDISTUS1.W,112817
2013-04-05,PET.WGTSTUS1.W,222363
2013-04-05,PET.WRPUPUS2.W,18121
2013-04-12,PET.WCRSTUS1.W,1054734
2013-04-12,PET.WDISTUS1.W,115181
2013-04-12,PET.WGTSTUS1.W,221730
2013-04-12,PET.WRPUPUS2.W,18461
2013-04-19,PET.WCRSTUS1.W,1055681
2013-04-19,PET.WDISTUS1.W,115278
2013-04-19,PET.WGTSTUS1.W,217802
2013-04-19,PET.WRPUPUS2.W,18610
2013-04-26,PET.WCRSTUS1.W,1062377
2013-04-26,PET.WDISTUS1.W,115752
2013-04-26,PET.WGTSTUS1.W,215984
2013-04-26,PET.WRPUPUS2.W,17937
2013-05-03,PET.WCRSTUS1.W,1062748
2013-05-03,PET.WDISTUS1.W,117564
2013-05-03,PET.WGTSTUS1.W,215074
2013-05-03,PET.WRPUPUS2.W,19100
2013-05-10,PET.WCRSTUS1.W,1062124
2013-05-10,PET.WDISTUS1.W,119864
2013-05-10,PET.WGTSTUS1.W,217662
2013-05-10,PET.WRPUPUS2.W,18516
2013-05-17,PET.WCRSTUS1.W,1061786
2013-05-17,PET.WDISTUS1.W,118812
2013-05-17,PET.WGTSTUS1.W,220677
2013-05-17,PET.WRPUPUS2.W,18846
2013-05-24,PET.WCRSTUS1.W,1064786
2013-05-24,PET.WDISTUS1.W,120663
2013-05-24,PET.WGTSTUS1.W,219163
2013-05-24,PET.WRPUPUS2.W,18286
2013-05-31,PET.WCRSTUS1.W,1058519
2013-05-31,PET.WDISTUS1.W,123274
2013-05-31,PET.WGTSTUS1.W,218797
2013-05-31,PET.WRPUPUS2.W,18779
2013-06-07,PET.WCRSTUS1.W,1061148
2013-06-07,PET.WDISTUS1.W,122111
2013-06-07,PET.WGTSTUS1.W,221545
2013-06-07,PET.WRPUPUS2.W,17923
2013-06-14,PET.WCRSTUS1.W,1061461
2013-06-14,PET.WDISTUS1.W,121622
2013-06-14,PET.WGTSTUS1.W,221728
2013-06-14,PET.WRPUPUS2.W,18419
2013-06-21,PET.WCRSTUS1.W,1061479
2013-06-21,PET.WDISTUS1.W,123189
2013-06-21,PET.WGTSTUS1.W,225381
2013-06-21,PET.WRPUPUS2.W,18967
2013-06-28,PET.WCRSTUS1.W,1051132
2013-06-28,PET.WDISTUS1.W,120771
2013-06-28,PET.WGTSTUS1.W,223662
2013-06-28,PET.WRPUPUS2.W,20392
2013-07-05,PET.WCRSTUS1.W,1041395
2013-07-05,PET.WDISTUS1.W,123809
2013-07-05,PET.WGTSTUS1.W,221028
2013-07-05,PET.WRPUPUS2.W,19239
2013-07-12,PET.WCRSTUS1.W,1034493
2013-07-12,PET.WDISTUS1.W,127679
2013-07-12,PET.WGTSTUS1.W,224083
2013-07-12,PET.WRPUPUS2.W,19467
2013-07-19,PET.WCRSTUS1.W,1031668
2013-07-19,PET.WDISTUS1.W,126452
2013-07-19,PET.WGTSTUS1.W,222694
2013-07-19,PET.WRPUPUS2.W,19787
2013-07-26,PET.WCRSTUS1.W,1032099
2013-07-26,PET.WDISTUS1.W,125986
2013-07-26,PET.WGTSTUS1.W,223464
2013-07-26,PET.WRPUPUS2.W,19664
2013-08-02,PET.WCRSTUS1.W,1030668
2013-08-02,PET.WDISTUS1.W,126455
2013-08-02,PET.WGTSTUS1.W,223599
2013-08-02,PET.WRPUPUS2.W,19688
2013-08-09,PET.WCRSTUS1.W,1027856
2013-08-09,PET.WDISTUS1.W,128482
2013-08-09,PET.WGTSTUS1.W,222430
2013-08-09,PET.WRPUPUS2.W,19088
2013-08-16,PET.WCRSTUS1.W,1026428
2013-08-16,PET.WDISTUS1.W,129353
2013-08-16,PET.WGTSTUS1.W,218401
2013-08-16,PET.WRPUPUS2.W,19337
2013-08-23,PET.WCRSTUS1.W,1029414
2013-08-23,PET.WDISTUS1.W,129037
2013-08-23,PET.WGTSTUS1.W,217814
2013-08-23,PET.WRPUPUS2.W,19449
2013-08-30,PET.WCRSTUS1.W,1027578
2013-08-30,PET.WDISTUS1.W,129586
2013-08-30,PET.WGTSTUS1.W,215987
2013-08-30,PET.WRPUPUS2.W,18911
2013-09-06,PET.WCRSTUS1.W,1026960
2013-09-06,PET.WDISTUS1.W,132172
2013-09-06,PET.WGTSTUS1.W,217645
2013-09-06,PET.WRPUPUS2.W,18360
2013-09-13,PET.WCRSTUS1.W,1022592
2013-09-13,PET.WDISTUS1.W,131093
2013-09-13,PET.WGTSTUS1.W,216018
2013-09-13,PET.WRPUPUS2.W,19820
2013-09-20,PET.WCRSTUS1.W,1025227
2013-09-20,PET.WDISTUS1.W,130859
2013-09-20,PET.WGTSTUS1.W,216235
2013-09-20,PET.WRPUPUS2.W,19261
2013-09-27,PET.WCRSTUS1.W,1030699
2013-09-27,PET.WDISTUS1.W,129179
2013-09-27,PET.WGTSTUS1.W,219730
2013-09-27,PET.WRPUPUS2.W,18681
2013-10-04,PET.WCRSTUS1.W,1037443
2013-10-04,PET.WDISTUS1.W,126038
2013-10-04,PET.WGTSTUS1.W,219879
2013-10-04,PET.WRPUPUS2.W,19044
2013-10-11,PET.WCRSTUS1.W,1041442
2013-10-11,PET.WDISTUS1.W,124237
2013-10-11,PET.WGTSTUS1.W,217309
2013-10-11,PET.WRPUPUS2.W,18990
2013-10-18,PET.WCRSTUS1.W,1046688
2013-10-18,PET.WDISTUS1.W,125774
2013-10-18,PET.WGTSTUS1.W,215504
2013-10-18,PET.WRPUPUS2.W,18269
2013-10-25,PET.WCRSTUS1.W,1050775
2013-10-25,PET.WDISTUS1.W,122716
2013-10-25,PET.WGTSTUS1.W,213791
2013-10-25,PET.WRPUPUS2.W,20136
2013-11-01,PET.WCRSTUS1.W,1051964
2013-11-01,PET.WDISTUS1.W,117817
2013-11-01,PET.WGTSTUS1.W,210036
2013-11-01,PET.WRPUPUS2.W,20223
2013-11-08,PET.WCRSTUS1.W,1054604
2013-11-08,PET.WDISTUS1.W,117336
2013-11-08,PET.WGTSTUS1.W,209198
2013-11-08,PET.WRPUPUS2.W,20297
2013-11-15,PET.WCRSTUS1.W,1054979
2013-11-15,PET.WDISTUS1.W,112541
2013-11-15,PET.WGTSTUS1.W,208853
2013-11-15,PET.WRPUPUS2.W,20438
2013-11-22,PET.WCRSTUS1.W,1057932
2013-11-22,PET.WDISTUS1.W,110875
2013-11-22,PET.WGTSTUS1.W,210604
2013-11-22,PET.WRPUPUS2.W,19635
2013-11-29,PET.WCRSTUS1.W,1052347
2013-11-29,PET.WDISTUS1.W,113524
2013-11-29,PET.WGTSTUS1.W,212432
2013-11-29,PET.WRPUPUS2.W,19973
2013-12-06,PET.WCRSTUS1.W,1041343
2013-12-06,PET.WDISTUS1.W,118065
2013-12-06,PET.WGTSTUS1.W,219149
2013-12-06,PET.WRPUPUS2.W,18554
2013-12-13,PET.WCRSTUS1.W,1038402
2013-12-13,PET.WDISTUS1.W,115955
2013-12-13,PET.WGTSTUS1.W,220486
2013-12-13,PET.WRPUPUS2.W,20996
2013-12-20,PET.WCRSTUS1.W,1033671
2013-12-20,PET.WDISTUS1.W,114105
2013-12-20,PET.WGTSTUS1.W,219872
2013-12-20,PET.WRPUPUS2.W,20484
2013-12-27,PET.WCRSTUS1.W,1026664
2013-12-27,PET.WDISTUS1.W,119147
2013-12-27,PET.WGTSTUS1.W,220716
2013-12-27,PET.WRPUPUS2.W,19004
2014-01-03,PET.WCRSTUS1.W,1022706
2014-01-03,PET.WDISTUS1.W,124973
2014-01-03,PET.WGTSTUS1.W,226959
2014-01-03,PET.WRPUPUS2.W,18222
2014-01-10,PET.WCRSTUS1.W,1015048
2014-01-10,PET.WDISTUS1.W,123950
2014-01-10,PET.WGTSTUS1.W,233142
2014-01-10,PET.WRPUPUS2.W,18858
2014-01-17,PET.WCRSTUS1.W,1016038
2014-01-17,PET.WDISTUS1.W,120738
2014-01-17,PET.WGTSTUS1.W,235265
2014-01-17,PET.WRPUPUS2.W,18959
2014-01-24,PET.WCRSTUS1.W,1022459
2014-01-24,PET.WDISTUS1.W,116154
2014-01-24,PET.WGTSTUS1.W,234446
2014-01-24,PET.WRPUPUS2.W,20047
2014-01-31,PET.WCRSTUS1.W,1022899
2014-01-31,PET.WDISTUS1.W,113794
2014-01-31,PET.WGTSTUS1.W,234951
2014-01-31,PET.WRPUPUS2.W,19110
2014-02-07,PET.WCRSTUS1.W,1025952
2014-02-07,PET.WDISTUS1.W,113063
2014-02-07,PET.WGTSTUS1.W,233098
2014-02-07,PET.WRPUPUS2.W,18541
2014-02-14,PET.WCRSTUS1.W,1026925
2014-02-14,PET.WDISTUS1.W,112724
2014-02-14,PET.WGTSTUS1.W,233407
2014-02-14,PET.WRPUPUS2.W,18709
2014-02-21,PET.WCRSTUS1.W,1026993
2014-02-21,PET.WDISTUS1.W,113062
2014-02-21,PET.WGTSTUS1.W,230600
2014-02-21,PET.WRPUPUS2.W,18283
2014-02-28,PET.WCRSTUS1.W,1028422
2014-02-28,PET.WDISTUS1.W,114476
2014-02-28,PET.WGTSTUS1.W,228996
2014-02-28,PET.WRPUPUS2.W,18291
2014-03-07,PET.WCRSTUS1.W,1034302
2014-03-07,PET.WDISTUS1.W,113943
2014-03-07,PET.WGTSTUS1.W,223766
2014-03-07,PET.WRPUPUS2.W,19027
2014-03-14,PET.WCRSTUS1.W,1040152
2014-03-14,PET.WDISTUS1.W,110846
2014-03-14,PET.WGTSTUS1.W,222299
2014-03-14,PET.WRPUPUS2.W,18783
2014-03-21,PET.WCRSTUS1.W,1046771
2014-03-21,PET.WDISTUS1.W,112401
2014-03-21,PET.WGTSTUS1.W,217198
2014-03-21,PET.WRPUPUS2.W,18257
2014-03-28,PET.WCRSTUS1.W,1044392
2014-03-28,PET.WDISTUS1.W,112955
2014-03-28,PET.WGTSTUS1.W,215624
2014-03-28,PET.WRPUPUS2.W,18199
2014-04-04,PET.WCRSTUS1.W,1048070
2014-04-04,PET.WDISTUS1.W,113194
2014-04-04,PET.WGTSTUS1.W,210436
2014-04-04,PET.WRPUPUS2.W,18289
2014-04-11,PET.WCRSTUS1.W,1057460
2014-04-11,PET.WDISTUS1.W,111916
2014-04-11,PET.WGTSTUS1.W,210282
2014-04-11,PET.WRPUPUS2.W,18412
2014-04-18,PET.WCRSTUS1.W,1060446
2014-04-18,PET.WDISTUS1.W,112513
2014-04-18,PET.WGTSTUS1.W,210008
2014-04-18,PET.WRPUPUS2.W,18051
2014-04-25,PET.WCRSTUS1.W,1061189
2014-04-25,PET.WDISTUS1.W,114449
2014-04-25,PET.WGTSTUS1.W,211572
2014-04-25,PET.WRPUPUS2.W,18849
2014-05-02,PET.WCRSTUS1.W,1058868
2014-05-02,PET.WDISTUS1.W,114002
2014-05-02,PET.WGTSTUS1.W,213180
2014-05-02,PET.WRPUPUS2.W,18552
2014-05-09,PET.WCRSTUS1.W,1058471
2014-05-09,PET.WDISTUS1.W,112878
2014-05-09,PET.WGTSTUS1.W,212408
2014-05-09,PET.WRPUPUS2.W,19447
2014-05-16,PET.WCRSTUS1.W,1050696
2014-05-16,PET.WDISTUS1.W,116277
2014-05-16,PET.WGTSTUS1.W,213378
2014-05-16,PET.WRPUPUS2.W,18855
2014-05-23,PET.WCRSTUS1.W,1052353
2014-05-23,PET.WDISTUS1.W,116081
2014-05-23,PET.WGTSTUS1.W,211575
2014-05-23,PET.WRPUPUS2.W,19563
2014-05-30,PET.WCRSTUS1.W,1048922
2014-05-30,PET.WDISTUS1.W,118093
2014-05-30,PET.WGTSTUS1.W,211785
2014-05-30,PET.WRPUPUS2.W,18586
2014-06-06,PET.WCRSTUS1.W,1046192
2014-06-06,PET.WDISTUS1.W,118953
2014-06-06,PET.WGTSTUS1.W,213482
2014-06-06,PET.WRPUPUS2.W,18025
2014-06-13,PET.WCRSTUS1.W,1045614
2014-06-13,PET.WDISTUS1.W,119389
2014-06-13,PET.WGTSTUS1.W,214267
2014-06-13,PET.WRPUPUS2.W,18557
2014-06-20,PET.WCRSTUS1.W,1047356
2014-06-20,PET.WDISTUS1.W,120566
2014-06-20,PET.WGTSTUS1.W,214977
2014-06-20,PET.WRPUPUS2.W,18807
2014-06-27,PET.WCRSTUS1.W,1044201
2014-06-27,PET.WDISTUS1.W,121541
2014-06-27,PET.WGTSTUS1.W,213742
2014-06-27,PET.WRPUPUS2.W,19433
2014-07-04,PET.WCRSTUS1.W,1041794
2014-07-04,PET.WDISTUS1.W,121768
2014-07-04,PET.WGTSTUS1.W,214321
2014-07-04,PET.WRPUPUS2.W,19248
2014-07-11,PET.WCRSTUS1.W,1034269
2014-07-11,PET.WDISTUS1.W,124296
2014-07-11,PET.WGTSTUS1.W,214492
2014-07-11,PET.WRPUPUS2.W,19277
2014-07-18,PET.WCRSTUS1.W,1030300
2014-07-18,PET.WDISTUS1.W,125932
2014-07-18,PET.WGTSTUS1.W,217871
2014-07-18,PET.WRPUPUS2.W,19311
2014-07-25,PET.WCRSTUS1.W,1026603
2014-07-25,PET.WDISTUS1.W,126721
2014-07-25,PET.WGTSTUS1.W,218236
2014-07-25,PET.WRPUPUS2.W,19607
2014-08-01,PET.WCRSTUS1.W,1025139
2014-08-01,PET.WDISTUS1.W,124923
2014-08-01,PET.WGTSTUS1.W,213849
2014-08-01,PET.WRPUPUS2.W,20335
2014-08-08,PET.WCRSTUS1.W,1026540
2014-08-08,PET.WDISTUS1.W,122502
2014-08-08,PET.WGTSTUS1.W,212689
2014-08-08,PET.WRPUPUS2.W,19825
2014-08-15,PET.WCRSTUS1.W,1022066
2014-08-15,PET.WDISTUS1.W,121542
2014-08-15,PET.WGTSTUS1.W,213274
2014-08-15,PET.WRPUPUS2.W,19885
2014-08-22,PET.WCRSTUS1.W,1019996
2014-08-22,PET.WDISTUS1.W,122794
2014-08-22,PET.WGTSTUS1.W,212314
2014-08-22,PET.WRPUPUS2.W,19183
2014-08-29,PET.WCRSTUS1.W,1019091
2014-08-29,PET.WDISTUS1.W,123399
2014-08-29,PET.WGTSTUS1.W,209992
2014-08-29,PET.WRPUPUS2.W,19955
2014-09-05,PET.WCRSTUS1.W,1018400
2014-09-05,PET.WDISTUS1.W,127493
2014-09-05,PET.WGTSTUS1.W,212373
2014-09-05,PET.WRPUPUS2.W,18596
2014-09-12,PET.WCRSTUS1.W,1022073
2014-09-12,PET.WDISTUS1.W,127772
2014-09-12,PET.WGTSTUS1.W,210738
2014-09-12,PET.WRPUPUS2.W,19749
2014-09-19,PET.WCRSTUS1.W,1017800
2014-09-19,PET.WDISTUS1.W,128595
2014-09-19,PET.WGTSTUS1.W,210324
2014-09-19,PET.WRPUPUS2.W,19177
2014-09-26,PET.WCRSTUS1.W,1016435
2014-09-26,PET.WDISTUS1.W,125701
2014-09-26,PET.WGTSTUS1.W,208488
2014-09-26,PET.WRPUPUS2.W,19400
2014-10-03,PET.WCRSTUS1.W,1021349
2014-10-03,PET.WDISTUS1.W,126140
2014-10-03,PET.WGTSTUS1.W,209668
2014-10-03,PET.WRPUPUS2.W,19019
2014-10-10,PET.WCRSTUS1.W,1030271
2014-10-10,PET.WDISTUS1.W,124622
2014-10-10,PET.WGTSTUS1.W,205673
2014-10-10,PET.WRPUPUS2.W,19595
2014-10-17,PET.WCRSTUS1.W,1037382
2014-10-17,PET.WDISTUS1.W,125671
2014-10-17,PET.WGTSTUS1.W,204374
2014-10-17,PET.WRPUPUS2.W,18645
2014-10-24,PET.WCRSTUS1.W,1039442
2014-10-24,PET.WDISTUS1.W,120377
2014-10-24,PET.WGTSTUS1.W,203138
2014-10-24,PET.WRPUPUS2.W,20061
2014-10-31,PET.WCRSTUS1.W,1039902
2014-10-31,PET.WDISTUS1.W,119653
2014-10-31,PET.WGTSTUS1.W,201760
2014-10-31,PET.WRPUPUS2.W,19607
2014-11-07,PET.WCRSTUS1.W,1037116
2014-11-07,PET.WDISTUS1.W,116850
2014-11-07,PET.WGTSTUS1.W,203565
2014-11-07,PET.WRPUPUS2.W,19844
2014-11-14,PET.WCRSTUS1.W,1039724
2014-11-14,PET.WDISTUS1.W,114794
2014-11-14,PET.WGTSTUS1.W,204599
2014-11-14,PET.WRPUPUS2.W,19702
2014-11-21,PET.WCRSTUS1.W,1041670
2014-11-21,PET.WDISTUS1.W,113146
2014-11-21,PET.WGTSTUS1.W,206424
2014-11-21,PET.WRPUPUS2.W,20480
2014-11-28,PET.WCRSTUS1.W,1037980
2014-11-28,PET.WDISTUS1.W,116174
2014-11-28,PET.WGTSTUS1.W,208567
2014-11-28,PET.WRPUPUS2.W,19831
2014-12-05,PET.WCRSTUS1.W,1039276
2014-12-05,PET.WDISTUS1.W,121751
2014-12-05,PET.WGTSTUS1.W,216764
2014-12-05,PET.WRPUPUS2.W,19454
2014-12-12,PET.WCRSTUS1.W,1038429
2014-12-12,PET.WDISTUS1.W,121544
2014-12-12,PET.WGTSTUS1.W,222014
2014-12-12,PET.WRPUPUS2.W,20465
2014-12-19,PET.WCRSTUS1.W,1045696
2014-12-19,PET.WDISTUS1.W,123847
2014-12-19,PET.WGTSTUS1.W,226097
2014-12-19,PET.WRPUPUS2.W,21037
2014-12-26,PET.WCRSTUS1.W,1043942
2014-12-26,PET.WDISTUS1.W,125721
2014-12-26,PET.WGTSTUS1.W,229048
2014-12-26,PET.WRPUPUS2.W,19939
2015-01-02,PET.WCRSTUS1.W,1039767
2015-01-02,PET.WDISTUS1.W,136926
2015-01-02,PET.WGTSTUS1.W,237163
2015-01-02,PET.WRPUPUS2.W,19353
2015-01-09,PET.WCRSTUS1.W,1045154
2015-01-09,PET.WDISTUS1.W,139851
2015-01-09,PET.WGTSTUS1.W,240334
2015-01-09,PET.WRPUPUS2.W,19257
2015-01-16,PET.WCRSTUS1.W,1055224
2015-01-16,PET.WDISTUS1.W,136579
2015-01-16,PET.WGTSTUS1.W,240922
2015-01-16,PET.WRPUPUS2.W,20246
2015-01-23,PET.WCRSTUS1.W,1064097
2015-01-23,PET.WDISTUS1.W,132687
2015-01-23,PET.WGTSTUS1.W,238335
2015-01-23,PET.WRPUPUS2.W,20515
2015-01-30,PET.WCRSTUS1.W,1070430
2015-01-30,PET.WDISTUS1.W,134475
2015-01-30,PET.WGTSTUS1.W,240670
2015-01-30,PET.WRPUPUS2.W,18619
2015-02-06,PET.WCRSTUS1.W,1074756
2015-02-06,PET.WDISTUS1.W,131223
2015-02-06,PET.WGTSTUS1.W,242647
2015-02-06,PET.WRPUPUS2.W,19651
2015-02-13,PET.WCRSTUS1.W,1082471
2015-02-13,PET.WDISTUS1.W,127409
2015-02-13,PET.WGTSTUS1.W,243132
2015-02-13,PET.WRPUPUS2.W,20399
2015-02-20,PET.WCRSTUS1.W,1090898
2015-02-20,PET.WDISTUS1.W,124698
2015-02-20,PET.WGTSTUS1.W,240014
2015-02-20,PET.WRPUPUS2.W,19813
2015-02-27,PET.WCRSTUS1.W,1101201
2015-02-27,PET.WDISTUS1.W,122976
2015-02-27,PET.WGTSTUS1.W,240060
2015-02-27,PET.WRPUPUS2.W,19658
2015-03-06,PET.WCRSTUS1.W,1106378
2015-03-06,PET.WDISTUS1.W,125503
2015-03-06,PET.WGTSTUS1.W,239873
2015-03-06,PET.WRPUPUS2.W,18617
2015-03-13,PET.WCRSTUS1.W,1116000
2015-03-13,PET.WDISTUS1.W,125883
2015-03-13,PET.WGTSTUS1.W,235400
2015-03-13,PET.WRPUPUS2.W,19530
2015-03-20,PET.WCRSTUS1.W,1124169
2015-03-20,PET.WDISTUS1.W,125849
2015-03-20,PET.WGTSTUS1.W,233386
2015-03-20,PET.WRPUPUS2.W,18712
2015-03-27,PET.WCRSTUS1.W,1128935
2015-03-27,PET.WDISTUS1.W,127174
2015-03-27,PET.WGTSTUS1.W,229128
2015-03-27,PET.WRPUPUS2.W,19481
2015-04-03,PET.WCRSTUS1.W,1140614
2015-04-03,PET.WDISTUS1.W,126924
2015-04-03,PET.WGTSTUS1.W,229945
2015-04-03,PET.WRPUPUS2.W,19099
2015-04-10,PET.WCRSTUS1.W,1141906
2015-04-10,PET.WDISTUS1.W,128941
2015-04-10,PET.WGTSTUS1.W,227873
2015-04-10,PET.WRPUPUS2.W,18995
2015-04-17,PET.WCRSTUS1.W,1147221
2015-04-17,PET.WDISTUS1.W,129336
2015-04-17,PET.WGTSTUS1.W,225738
2015-04-17,PET.WRPUPUS2.W,19145
2015-04-24,PET.WCRSTUS1.W,1149129
2015-04-24,PET.WDISTUS1.W,129270
2015-04-24,PET.WGTSTUS1.W,227451
2015-04-24,PET.WRPUPUS2.W,19600
2015-05-01,PET.WCRSTUS1.W,1145027
2015-05-01,PET.WDISTUS1.W,130773
2015-05-01,PET.WGTSTUS1.W,227852
2015-05-01,PET.WRPUPUS2.W,18224
2015-05-08,PET.WCRSTUS1.W,1142835
2015-05-08,PET.WDISTUS1.W,128270
2015-05-08,PET.WGTSTUS1.W,226710
2015-05-08,PET.WRPUPUS2.W,20654
2015-05-15,PET.WCRSTUS1.W,1140474
2015-05-15,PET.WDISTUS1.W,127724
2015-05-15,PET.WGTSTUS1.W,223936
2015-05-15,PET.WRPUPUS2.W,20292
2015-05-22,PET.WCRSTUS1.W,1138259
2015-05-22,PET.WDISTUS1.W,128839
2015-05-22,PET.WGTSTUS1.W,220627
2015-05-22,PET.WRPUPUS2.W,19971
2015-05-29,PET.WCRSTUS1.W,1136810
2015-05-29,PET.WDISTUS1.W,132612
2015-05-29,PET.WGTSTUS1.W,220293
2015-05-29,PET.WRPUPUS2.W,18867
2015-06-05,PET.WCRSTUS1.W,1130792
2015-06-05,PET.WDISTUS1.W,133477
2015-06-05,PET.WGTSTUS1.W,217354
2015-06-05,PET.WRPUPUS2.W,19802
2015-06-12,PET.WCRSTUS1.W,1128715
2015-06-12,PET.WDISTUS1.W,133591
2015-06-12,PET.WGTSTUS1.W,217814
2015-06-12,PET.WRPUPUS2.W,19971
2015-06-19,PET.WCRSTUS1.W,1124131
2015-06-19,PET.WDISTUS1.W,135428
2015-06-19,PET.WGTSTUS1.W,218494
2015-06-19,PET.WRPUPUS2.W,20668
2015-06-26,PET.WCRSTUS1.W,1126915
2015-06-26,PET.WDISTUS1.W,135820
2015-06-26,PET.WGTSTUS1.W,216737
2015-06-26,PET.WRPUPUS2.W,19723
2015-07-03,PET.WCRSTUS1.W,1127937
2015-07-03,PET.WDISTUS1.W,137461
2015-07-03,PET.WGTSTUS1.W,217952
2015-07-03,PET.WRPUPUS2.W,19259
2015-07-10,PET.WCRSTUS1.W,1123990
2015-07-10,PET.WDISTUS1.W,141280
2015-07-10,PET.WGTSTUS1.W,218010
2015-07-10,PET.WRPUPUS2.W,19840
2015-07-17,PET.WCRSTUS1.W,1126971
2015-07-17,PET.WDISTUS1.W,141515
2015-07-17,PET.WGTSTUS1.W,216285
2015-07-17,PET.WRPUPUS2.W,21007
2015-07-24,PET.WCRSTUS1.W,1122767
2015-07-24,PET.WDISTUS1.W,144103
2015-07-24,PET.WGTSTUS1.W,215922
2015-07-24,PET.WRPUPUS2.W,20246
2015-07-31,PET.WCRSTUS1.W,1118360
2015-07-31,PET.WDISTUS1.W,144812
2015-07-31,PET.WGTSTUS1.W,216733
2015-07-31,PET.WRPUPUS2.W,20185
2015-08-07,PET.WCRSTUS1.W,1116956
2015-08-07,PET.WDISTUS1.W,147806
2015-08-07,PET.WGTSTUS1.W,215482
2015-08-07,PET.WRPUPUS2.W,20077
2015-08-14,PET.WCRSTUS1.W,1119575
2015-08-14,PET.WDISTUS1.W,148400
2015-08-14,PET.WGTSTUS1.W,212774
2015-08-14,PET.WRPUPUS2.W,21375
2015-08-21,PET.WCRSTUS1.W,1114123
2015-08-21,PET.WDISTUS1.W,149836
2015-08-21,PET.WGTSTUS1.W,214434
2015-08-21,PET.WRPUPUS2.W,19422
2015-08-28,PET.WCRSTUS1.W,1118790
2015-08-28,PET.WDISTUS1.W,149951
2015-08-28,PET.WGTSTUS1.W,214163
2015-08-28,PET.WRPUPUS2.W,20265
2015-09-04,PET.WCRSTUS1.W,1121192
2015-09-04,PET.WDISTUS1.W,150903
2015-09-04,PET.WGTSTUS1.W,214547
2015-09-04,PET.WRPUPUS2.W,19758
2015-09-11,PET.WCRSTUS1.W,1119088
2015-09-11,PET.WDISTUS1.W,153963
2015-09-11,PET.WGTSTUS1.W,217387
2015-09-11,PET.WRPUPUS2.W,18554
2015-09-18,PET.WCRSTUS1.W,1117163
2015-09-18,PET.WDISTUS1.W,151875
2015-09-18,PET.WGTSTUS1.W,218756
2015-09-18,PET.WRPUPUS2.W,20154
2015-09-25,PET.WCRSTUS1.W,1121116
2015-09-25,PET.WDISTUS1.W,151608
2015-09-25,PET.WGTSTUS1.W,222010
2015-09-25,PET.WRPUPUS2.W,19615
2015-10-02,PET.WCRSTUS1.W,1124156
2015-10-02,PET.WDISTUS1.W,149150
2015-10-02,PET.WGTSTUS1.W,223920
2015-10-02,PET.WRPUPUS2.W,18842
2015-10-09,PET.WCRSTUS1.W,1131718
2015-10-09,PET.WDISTUS1.W,147630
2015-10-09,PET.WGTSTUS1.W,221302
2015-10-09,PET.WRPUPUS2.W,19463
2015-10-16,PET.WCRSTUS1.W,1139745
2015-10-16,PET.WDISTUS1.W,145008
2015-10-16,PET.WGTSTUS1.W,219784
2015-10-16,PET.WRPUPUS2.W,19485
2015-10-23,PET.WCRSTUS1.W,1143121
2015-10-23,PET.WDISTUS1.W,142057
2015-10-23,PET.WGTSTUS1.W,218647
2015-10-23,PET.WRPUPUS2.W,20264
2015-10-30,PET.WCRSTUS1.W,1145968
2015-10-30,PET.WDISTUS1.W,140757
2015-10-30,PET.WGTSTUS1.W,215347
2015-10-30,PET.WRPUPUS2.W,19415
2015-11-06,PET.WCRSTUS1.W,1149948
2015-11-06,PET.WDISTUS1.W,141109
2015-11-06,PET.WGTSTUS1.W,213245
2015-11-06,PET.WRPUPUS2.W,19803
2015-11-13,PET.WCRSTUS1.W,1150200
2015-11-13,PET.WDISTUS1.W,140318
2015-11-13,PET.WGTSTUS1.W,214254
2015-11-13,PET.WRPUPUS2.W,19465
2015-11-20,PET.WCRSTUS1.W,1151160
2015-11-20,PET.WDISTUS1.W,141364
2015-11-20,PET.WGTSTUS1.W,216732
2015-11-20,PET.WRPUPUS2.W,19386
2015-11-27,PET.WCRSTUS1.W,1152337
2015-11-27,PET.WDISTUS1.W,144415
2015-11-27,PET.WGTSTUS1.W,216867
2015-11-27,PET.WRPUPUS2.W,19822
2015-12-04,PET.WCRSTUS1.W,1148676
2015-12-04,PET.WDISTUS1.W,149413
2015-12-04,PET.WGTSTUS1.W,217653
2015-12-04,PET.WRPUPUS2.W,20252
2015-12-11,PET.WCRSTUS1.W,1153477
2015-12-11,PET.WDISTUS1.W,151976
2015-12-11,PET.WGTSTUS1.W,219384
2015-12-11,PET.WRPUPUS2.W,20269
2015-12-18,PET.WCRSTUS1.W,1147600
2015-12-18,PET.WDISTUS1.W,151315
2015-12-18,PET.WGTSTUS1.W,220495
2015-12-18,PET.WRPUPUS2.W,19767
2015-12-25,PET.WCRSTUS1.W,1150226
2015-12-25,PET.WDISTUS1.W,153110
2015-12-25,PET.WGTSTUS1.W,221420
2015-12-25,PET.WRPUPUS2.W,20501
2016-01-01,PET.WCRSTUS1.W,1146076
2016-01-01,PET.WDISTUS1.W,159418
2016-01-01,PET.WGTSTUS1.W,231996
2016-01-01,PET.WRPUPUS2.W,18285
2016-01-08,PET.WCRSTUS1.W,1146309
2016-01-08,PET.WDISTUS1.W,165554
2016-01-08,PET.WGTSTUS1.W,240434
2016-01-08,PET.WRPUPUS2.W,18542
2016-01-15,PET.WCRSTUS1.W,1150287
2016-01-15,PET.WDISTUS1.W,164529
2016-01-15,PET.WGTSTUS1.W,244997
2016-01-15,PET.WRPUPUS2.W,19984
2016-01-22,PET.WCRSTUS1.W,1158670
2016-01-22,PET.WDISTUS1.W,160472
2016-01-22,PET.WGTSTUS1.W,248461
2016-01-22,PET.WRPUPUS2.W,21108
2016-01-29,PET.WCRSTUS1.W,1166461
2016-01-29,PET.WDISTUS1.W,159695
2016-01-29,PET.WGTSTUS1.W,254399
2016-01-29,PET.WRPUPUS2.W,19146
2016-02-05,PET.WCRSTUS1.W,1165792
2016-02-05,PET.WDISTUS1.W,160976
2016-02-05,PET.WGTSTUS1.W,255657
2016-02-05,PET.WRPUPUS2.W,19013
2016-02-12,PET.WCRSTUS1.W,1167939
2016-02-12,PET.WDISTUS1.W,162375
2016-02-12,PET.WGTSTUS1.W,258693
2016-02-12,PET.WRPUPUS2.W,19726
2016-02-19,PET.WCRSTUS1.W,1171440
2016-02-19,PET.WDISTUS1.W,160715
2016-02-19,PET.WGTSTUS1.W,256457
2016-02-19,PET.WRPUPUS2.W,20682
2016-02-26,PET.WCRSTUS1.W,1181814
2016-02-26,PET.WDISTUS1.W,163597
2016-02-26,PET.WGTSTUS1.W,254989
2016-02-26,PET.WRPUPUS2.W,19165
2016-03-04,PET.WCRSTUS1.W,1185955
2016-03-04,PET.WDISTUS1.W,162478
2016-03-04,PET.WGTSTUS1.W,250463
2016-03-04,PET.WRPUPUS2.W,19855
2016-03-11,PET.WCRSTUS1.W,1187274
2016-03-11,PET.WDISTUS1.W,161343
2016-03-11,PET.WGTSTUS1.W,249716
2016-03-11,PET.WRPUPUS2.W,19287
2016-03-18,PET.WCRSTUS1.W,1196631
2016-03-18,PET.WDISTUS1.W,162260
2016-03-18,PET.WGTSTUS1.W,245074
2016-03-18,PET.WRPUPUS2.W,19417
2016-03-25,PET.WCRSTUS1.W,1198928
2016-03-25,PET.WDISTUS1.W,161185
2016-03-25,PET.WGTSTUS1.W,242560
2016-03-25,PET.WRPUPUS2.W,19479
2016-04-01,PET.WCRSTUS1.W,1193710
2016-04-01,PET.WDISTUS1.W,162984
2016-04-01,PET.WGTSTUS1.W,243998
2016-04-01,PET.WRPUPUS2.W,19926
2016-04-08,PET.WCRSTUS1.W,1200344
2016-04-08,PET.WDISTUS1.W,163489
2016-04-08,PET.WGTSTUS1.W,239761
2016-04-08,PET.WRPUPUS2.W,20019
2016-04-15,PET.WCRSTUS1.W,1202424
2016-04-15,PET.WDISTUS1.W,159935
2016-04-15,PET.WGTSTUS1.W,239651
2016-04-15,PET.WRPUPUS2.W,20226
2016-04-22,PET.WCRSTUS1.W,1204422
2016-04-22,PET.WDISTUS1.W,158240
2016-04-22,PET.WGTSTUS1.W,241259
2016-04-22,PET.WRPUPUS2.W,19808
2016-04-29,PET.WCRSTUS1.W,1207203
2016-04-29,PET.WDISTUS1.W,156979
2016-04-29,PET.WGTSTUS1.W,241795
2016-04-29,PET.WRPUPUS2.W,20229
2016-05-06,PET.WCRSTUS1.W,1203594
2016-05-06,PET.WDISTUS1.W,155332
2016-05-06,PET.WGTSTUS1.W,240564
2016-05-06,PET.WRPUPUS2.W,19981
2016-05-13,PET.WCRSTUS1.W,1204904
2016-05-13,PET.WDISTUS1.W,152162
2016-05-13,PET.WGTSTUS1.W,238068
2016-05-13,PET.WRPUPUS2.W,20792
2016-05-20,PET.WCRSTUS1.W,1200677
2016-05-20,PET.WDISTUS1.W,150878
2016-05-20,PET.WGTSTUS1.W,240111
2016-05-20,PET.WRPUPUS2.W,20434
2016-05-27,PET.WCRSTUS1.W,1199311
2016-05-27,PET.WDISTUS1.W,149623
2016-05-27,PET.WGTSTUS1.W,238619
2016-05-27,PET.WRPUPUS2.W,20339
2016-06-03,PET.WCRSTUS1.W,1196948
2016-06-03,PET.WDISTUS1.W,151377
2016-06-03,PET.WGTSTUS1.W,239629
2016-06-03,PET.WRPUPUS2.W,19740
2016-06-10,PET.WCRSTUS1.W,1196015
2016-06-10,PET.WDISTUS1.W,152163
2016-06-10,PET.WGTSTUS1.W,237004
2016-06-10,PET.WRPUPUS2.W,20807
2016-06-17,PET.WCRSTUS1.W,1195098
2016-06-17,PET.WDISTUS1.W,152314
2016-06-17,PET.WGTSTUS1.W,237631
2016-06-17,PET.WRPUPUS2.W,19971
2016-06-24,PET.WCRSTUS1.W,1191045
2016-06-24,PET.WDISTUS1.W,150513
2016-06-24,PET.WGTSTUS1.W,238998
2016-06-24,PET.WRPUPUS2.W,21176
2016-07-01,PET.WCRSTUS1.W,1188820
2016-07-01,PET.WDISTUS1.W,148939
2016-07-01,PET.WGTSTUS1.W,238876
2016-07-01,PET.WRPUPUS2.W,20061
2016-07-08,PET.WCRSTUS1.W,1186272
2016-07-08,PET.WDISTUS1.W,152997
2016-07-08,PET.WGTSTUS1.W,240089
2016-07-08,PET.WRPUPUS2.W,19432
2016-07-15,PET.WCRSTUS1.W,1183929
2016-07-15,PET.WDISTUS1.W,152783
2016-07-15,PET.WGTSTUS1.W,241000
2016-07-15,PET.WRPUPUS2.W,20641
2016-07-22,PET.WCRSTUS1.W,1185600
2016-07-22,PET.WDISTUS1.W,152003
2016-07-22,PET.WGTSTUS1.W,241452
2016-07-22,PET.WRPUPUS2.W,20764
2016-07-29,PET.WCRSTUS1.W,1187013
2016-07-29,PET.WDISTUS1.W,153155
2016-07-29,PET.WGTSTUS1.W,238190
2016-07-29,PET.WRPUPUS2.W,20938
2016-08-05,PET.WCRSTUS1.W,1188065
2016-08-05,PET.WDISTUS1.W,151196
2016-08-05,PET.WGTSTUS1.W,235383
2016-08-05,PET.WRPUPUS2.W,20672
2016-08-12,PET.WCRSTUS1.W,1185557
2016-08-12,PET.WDISTUS1.W,153135
2016-08-12,PET.WGTSTUS1.W,232659
2016-08-12,PET.WRPUPUS2.W,20579
2016-08-19,PET.WCRSTUS1.W,1188057
2016-08-19,PET.WDISTUS1.W,153257
2016-08-19,PET.WGTSTUS1.W,232695
2016-08-19,PET.WRPUPUS2.W,20729
2016-08-26,PET.WCRSTUS1.W,1190332
2016-08-26,PET.WDISTUS1.W,154753
2016-08-26,PET.WGTSTUS1.W,232004
2016-08-26,PET.WRPUPUS2.W,20153
2016-09-02,PET.WCRSTUS1.W,1175818
2016-09-02,PET.WDISTUS1.W,158135
2016-09-02,PET.WGTSTUS1.W,227793
2016-09-02,PET.WRPUPUS2.W,21328
2016-09-09,PET.WCRSTUS1.W,1175259
2016-09-09,PET.WDISTUS1.W,162754
2016-09-09,PET.WGTSTUS1.W,228360
2016-09-09,PET.WRPUPUS2.W,20228
2016-09-16,PET.WCRSTUS1.W,1169058
2016-09-16,PET.WDISTUS1.W,164992
2016-09-16,PET.WGTSTUS1.W,225156
2016-09-16,PET.WRPUPUS2.W,19436
2016-09-23,PET.WCRSTUS1.W,1167176
2016-09-23,PET.WDISTUS1.W,163077
2016-09-23,PET.WGTSTUS1.W,227183
2016-09-23,PET.WRPUPUS2.W,19278
2016-09-30,PET.WCRSTUS1.W,1164199
2016-09-30,PET.WDISTUS1.W,160718
2016-09-30,PET.WGTSTUS1.W,227405
2016-09-30,PET.WRPUPUS2.W,20556
2016-10-07,PET.WCRSTUS1.W,1169048
2016-10-07,PET.WDISTUS1.W,156972
2016-10-07,PET.WGTSTUS1.W,225498
2016-10-07,PET.WRPUPUS2.W,20743
2016-10-14,PET.WCRSTUS1.W,1163800
2016-10-14,PET.WDISTUS1.W,155732
2016-10-14,PET.WGTSTUS1.W,227967
2016-10-14,PET.WRPUPUS2.W,19751
2016-10-21,PET.WCRSTUS1.W,1163247
2016-10-21,PET.WDISTUS1.W,152378
2016-10-21,PET.WGTSTUS1.W,226011
2016-10-21,PET.WRPUPUS2.W,20524
2016-10-28,PET.WCRSTUS1.W,1177666
2016-10-28,PET.WDISTUS1.W,150550
2016-10-28,PET.WGTSTUS1.W,223804
2016-10-28,PET.WRPUPUS2.W,19924
2016-11-04,PET.WCRSTUS1.W,1180097
2016-11-04,PET.WDISTUS1.W,148602
2016-11-04,PET.WGTSTUS1.W,220963
2016-11-04,PET.WRPUPUS2.W,20183
2016-11-11,PET.WCRSTUS1.W,1185371
2016-11-11,PET.WDISTUS1.W,148912
2016-11-11,PET.WGTSTUS1.W,221709
2016-11-11,PET.WRPUPUS2.W,19377
2016-11-18,PET.WCRSTUS1.W,1184115
2016-11-18,PET.WDISTUS1.W,149239
2016-11-18,PET.WGTSTUS1.W,224026
2016-11-18,PET.WRPUPUS2.W,20063
2016-11-25,PET.WCRSTUS1.W,1183230
2016-11-25,PET.WDISTUS1.W,154196
2016-11-25,PET.WGTSTUS1.W,226123
2016-11-25,PET.WRPUPUS2.W,19816
2016-12-02,PET.WCRSTUS1.W,1180840
2016-12-02,PET.WDISTUS1.W,156697
2016-12-02,PET.WGTSTUS1.W,229548
2016-12-02,PET.WRPUPUS2.W,19109
2016-12-09,PET.WCRSTUS1.W,1178277
2016-12-09,PET.WDISTUS1.W,155935
2016-12-09,PET.WGTSTUS1.W,230045
2016-12-09,PET.WRPUPUS2.W,18899
2016-12-16,PET.WCRSTUS1.W,1180532
2016-12-16,PET.WDISTUS1.W,153515
2016-12-16,PET.WGTSTUS1.W,228736
2016-12-16,PET.WRPUPUS2.W,21401
2016-12-23,PET.WCRSTUS1.W,1181145
2016-12-23,PET.WDISTUS1.W,151634
2016-12-23,PET.WGTSTUS1.W,227143
2016-12-23,PET.WRPUPUS2.W,20186
2016-12-30,PET.WCRSTUS1.W,1174094
2016-12-30,PET.WDISTUS1.W,161685
2016-12-30,PET.WGTSTUS1.W,235450
2016-12-30,PET.WRPUPUS2.W,17904
2017-01-06,PET.WCRSTUS1.W,1178191
2017-01-06,PET.WDISTUS1.W,170041
2017-01-06,PET.WGTSTUS1.W,240473
2017-01-06,PET.WRPUPUS2.W,18578
2017-01-13,PET.WCRSTUS1.W,1180537
2017-01-13,PET.WDISTUS1.W,169073
2017-01-13,PET.WGTSTUS1.W,246424
2017-01-13,PET.WRPUPUS2.W,20670
2017-01-20,PET.WCRSTUS1.W,1183377
2017-01-20,PET.WDISTUS1.W,169149
2017-01-20,PET.WGTSTUS1.W,253220
2017-01-20,PET.WRPUPUS2.W,18625
2017-01-27,PET.WCRSTUS1.W,1189841
2017-01-27,PET.WDISTUS1.W,170717
2017-01-27,PET.WGTSTUS1.W,257086
2017-01-27,PET.WRPUPUS2.W,19264
2017-02-03,PET.WCRSTUS1.W,1203670
2017-02-03,PET.WDISTUS1.W,170746
2017-02-03,PET.WGTSTUS1.W,256217
2017-02-03,PET.WRPUPUS2.W,20774
2017-02-10,PET.WCRSTUS1.W,1213197
2017-02-10,PET.WDISTUS1.W,170057
2017-02-10,PET.WGTSTUS1.W,259063
2017-02-10,PET.WRPUPUS2.W,18604
2017-02-17,PET.WCRSTUS1.W,1213761
2017-02-17,PET.WDISTUS1.W,165133
2017-02-17,PET.WGTSTUS1.W,256435
2017-02-17,PET.WRPUPUS2.W,20322
2017-02-24,PET.WCRSTUS1.W,1215260
2017-02-24,PET.WDISTUS1.W,164208
2017-02-24,PET.WGTSTUS1.W,255889
2017-02-24,PET.WRPUPUS2.W,19445
2017-03-03,PET.WCRSTUS1.W,1223218
2017-03-03,PET.WDISTUS1.W,161532
2017-03-03,PET.WGTSTUS1.W,249334
2017-03-03,PET.WRPUPUS2.W,19880
2017-03-10,PET.WCRSTUS1.W,1222165
2017-03-10,PET.WDISTUS1.W,157303
2017-03-10,PET.WGTSTUS1.W,246279
2017-03-10,PET.WRPUPUS2.W,19475
2017-03-17,PET.WCRSTUS1.W,1226493
2017-03-17,PET.WDISTUS1.W,155393
2017-03-17,PET.WGTSTUS1.W,243468
2017-03-17,PET.WRPUPUS2.W,19255
2017-03-24,PET.WCRSTUS1.W,1226636
2017-03-24,PET.WDISTUS1.W,152910
2017-03-24,PET.WGTSTUS1.W,239721
2017-03-24,PET.WRPUPUS2.W,19883
2017-03-31,PET.WCRSTUS1.W,1227678
2017-03-31,PET.WDISTUS1.W,152374
2017-03-31,PET.WGTSTUS1.W,239103
2017-03-31,PET.WRPUPUS2.W,19696
2017-04-07,PET.WCRSTUS1.W,1224887
2017-04-07,PET.WDISTUS1.W,150221
2017-04-07,PET.WGTSTUS1.W,236130
2017-04-07,PET.WRPUPUS2.W,19868
2017-04-14,PET.WCRSTUS1.W,1223654
2017-04-14,PET.WDISTUS1.W,148266
2017-04-14,PET.WGTSTUS1.W,237672
2017-04-14,PET.WRPUPUS2.W,19460
2017-04-21,PET.WCRSTUS1.W,1219512
2017-04-21,PET.WDISTUS1.W,150917
2017-04-21,PET.WGTSTUS1.W,241041
2017-04-21,PET.WRPUPUS2.W,19133
2017-04-28,PET.WCRSTUS1.W,1217110
2017-04-28,PET.WDISTUS1.W,150355
2017-04-28,PET.WGTSTUS1.W,241232
2017-04-28,PET.WRPUPUS2.W,19934
2017-05-05,PET.WCRSTUS1.W,1211312
2017-05-05,PET.WDISTUS1.W,148768
2017-05-05,PET.WGTSTUS1.W,241082
2017-05-05,PET.WRPUPUS2.W,20571
2017-05-12,PET.WCRSTUS1.W,1208831
2017-05-12,PET.WDISTUS1.W,146824
2017-05-12,PET.WGTSTUS1.W,240669
2017-05-12,PET.WRPUPUS2.W,19485
2017-05-19,PET.WCRSTUS1.W,1204001
2017-05-19,PET.WDISTUS1.W,146339
2017-05-19,PET.WGTSTUS1.W,239882
2017-05-19,PET.WRPUPUS2.W,20787
2017-05-26,PET.WCRSTUS1.W,1196594
2017-05-26,PET.WDISTUS1.W,146733
2017-05-26,PET.WGTSTUS1.W,237024
2017-05-26,PET.WRPUPUS2.W,20748
2017-06-02,PET.WCRSTUS1.W,1198233
2017-06-02,PET.WDISTUS1.W,151088
2017-06-02,PET.WGTSTUS1.W,240348
2017-06-02,PET.WRPUPUS2.W,19306
2017-06-09,PET.WCRSTUS1.W,1196171
2017-06-09,PET.WDISTUS1.W,151416
2017-06-09,PET.WGTSTUS1.W,242444
2017-06-09,PET.WRPUPUS2.W,19515
2017-06-16,PET.WCRSTUS1.W,1192937
2017-06-16,PET.WDISTUS1.W,152495
2017-06-16,PET.WGTSTUS1.W,241866
2017-06-16,PET.WRPUPUS2.W,21069
2017-06-23,PET.WCRSTUS1.W,1191649
2017-06-23,PET.WDISTUS1.W,152272
2017-06-23,PET.WGTSTUS1.W,240972
2017-06-23,PET.WRPUPUS2.W,19645
2017-06-30,PET.WCRSTUS1.W,1184951
2017-06-30,PET.WDISTUS1.W,150422
2017-06-30,PET.WGTSTUS1.W,237303
2017-06-30,PET.WRPUPUS2.W,22240
2017-07-07,PET.WCRSTUS1.W,1174237
2017-07-07,PET.WDISTUS1.W,153553
2017-07-07,PET.WGTSTUS1.W,235656
2017-07-07,PET.WRPUPUS2.W,19946
2017-07-14,PET.WCRSTUS1.W,1169508
2017-07-14,PET.WDISTUS1.W,151416
2017-07-14,PET.WGTSTUS1.W,231211
2017-07-14,PET.WRPUPUS2.W,21191
2017-07-21,PET.WCRSTUS1.W,1162300
2017-07-21,PET.WDISTUS1.W,149564
2017-07-21,PET.WGTSTUS1.W,230196
2017-07-21,PET.WRPUPUS2.W,21246
2017-07-28,PET.WCRSTUS1.W,1160772
2017-07-28,PET.WDISTUS1.W,149414
2017-07-28,PET.WGTSTUS1.W,227679
2017-07-28,PET.WRPUPUS2.W,20620
2017-08-04,PET.WCRSTUS1.W,1154320
2017-08-04,PET.WDISTUS1.W,147685
2017-08-04,PET.WGTSTUS1.W,231103
2017-08-04,PET.WRPUPUS2.W,21946
2017-08-11,PET.WCRSTUS1.W,1145375
2017-08-11,PET.WDISTUS1.W,148387
2017-08-11,PET.WGTSTUS1.W,231125
2017-08-11,PET.WRPUPUS2.W,20937
2017-08-18,PET.WCRSTUS1.W,1142048
2017-08-18,PET.WDISTUS1.W,148415
2017-08-18,PET.WGTSTUS1.W,229902
2017-08-18,PET.WRPUPUS2.W,20683
2017-08-25,PET.WCRSTUS1.W,1136653
2017-08-25,PET.WDISTUS1.W,149163
2017-08-25,PET.WGTSTUS1.W,229937
2017-08-25,PET.WRPUPUS2.W,21435
2017-09-01,PET.WCRSTUS1.W,1140953
2017-09-01,PET.WDISTUS1.W,147767
2017-09-01,PET.WGTSTUS1.W,226738
2017-09-01,PET.WRPUPUS2.W,20039
2017-09-08,PET.WCRSTUS1.W,1145248
2017-09-08,PET.WDISTUS1.W,144552
2017-09-08,PET.WGTSTUS1.W,218310
2017-09-08,PET.WRPUPUS2.W,19707
2017-09-15,PET.WCRSTUS1.W,1148229
2017-09-15,PET.WDISTUS1.W,138859
2017-09-15,PET.WGTSTUS1.W,216185
2017-09-15,PET.WRPUPUS2.W,20416
2017-09-22,PET.WCRSTUS1.W,1145587
2017-09-22,PET.WDISTUS1.W,138045
2017-09-22,PET.WGTSTUS1.W,217292
2017-09-22,PET.WRPUPUS2.W,21092
2017-09-29,PET.WCRSTUS1.W,1138612
2017-09-29,PET.WDISTUS1.W,135439
2017-09-29,PET.WGTSTUS1.W,218936
2017-09-29,PET.WRPUPUS2.W,19740
2017-10-06,PET.WCRSTUS1.W,1134665
2017-10-06,PET.WDISTUS1.W,133959
2017-10-06,PET.WGTSTUS1.W,221426
2017-10-06,PET.WRPUPUS2.W,19677
2017-10-13,PET.WCRSTUS1.W,1128176
2017-10-13,PET.WDISTUS1.W,134487
2017-10-13,PET.WGTSTUS1.W,222334
2017-10-13,PET.WRPUPUS2.W,19123
2017-10-20,PET.WCRSTUS1.W,1128718
2017-10-20,PET.WDISTUS1.W,129241
2017-10-20,PET.WGTSTUS1.W,216869
2017-10-20,PET.WRPUPUS2.W,19977
2017-10-27,PET.WCRSTUS1.W,1125493
2017-10-27,PET.WDISTUS1.W,128921
2017-10-27,PET.WGTSTUS1.W,212849
2017-10-27,PET.WRPUPUS2.W,19161
2017-11-03,PET.WCRSTUS1.W,1127049
2017-11-03,PET.WDISTUS1.W,125562
2017-11-03,PET.WGTSTUS1.W,209537
2017-11-03,PET.WRPUPUS2.W,21309
2017-11-10,PET.WCRSTUS1.W,1128197
2017-11-10,PET.WDISTUS1.W,124763
2017-11-10,PET.WGTSTUS1.W,210431
2017-11-10,PET.WRPUPUS2.W,19762
2017-11-17,PET.WCRSTUS1.W,1124617
2017-11-17,PET.WDISTUS1.W,125032
2017-11-17,PET.WGTSTUS1.W,210475
2017-11-17,PET.WRPUPUS2.W,19286
2017-11-24,PET.WCRSTUS1.W,1118824
2017-11-24,PET.WDISTUS1.W,127779
2017-11-24,PET.WGTSTUS1.W,214102
2017-11-24,PET.WRPUPUS2.W,19657
2017-12-01,PET.WCRSTUS1.W,1110766
2017-12-01,PET.WDISTUS1.W,129446
2017-12-01,PET.WGTSTUS1.W,220882
2017-12-01,PET.WRPUPUS2.W,19951
2017-12-08,PET.WCRSTUS1.W,1105897
2017-12-08,PET.WDISTUS1.W,128076
2017-12-08,PET.WGTSTUS1.W,226546
2017-12-08,PET.WRPUPUS2.W,20458
2017-12-15,PET.WCRSTUS1.W,1099785
2017-12-15,PET.WDISTUS1.W,128845
2017-12-15,PET.WGTSTUS1.W,227783
2017-12-15,PET.WRPUPUS2.W,21126
2017-12-22,PET.WCRSTUS1.W,1095274
2017-12-22,PET.WDISTUS1.W,129935
2017-12-22,PET.WGTSTUS1.W,228374
2017-12-22,PET.WRPUPUS2.W,20791
2017-12-29,PET.WCRSTUS1.W,1088211
2017-12-29,PET.WDISTUS1.W,138834
2017-12-29,PET.WGTSTUS1.W,233187
2017-12-29,PET.WRPUPUS2.W,19923
2018-01-05,PET.WCRSTUS1.W,1083262
2018-01-05,PET.WDISTUS1.W,143088
2018-01-05,PET.WGTSTUS1.W,237322
2018-01-05,PET.WRPUPUS2.W,20628
2018-01-12,PET.WCRSTUS1.W,1076872
2018-01-12,PET.WDISTUS1.W,139201
2018-01-12,PET.WGTSTUS1.W,240942
2018-01-12,PET.WRPUPUS2.W,20809
2018-01-19,PET.WCRSTUS1.W,1076037
2018-01-19,PET.WDISTUS1.W,139840
2018-01-19,PET.WGTSTUS1.W,244040
2018-01-19,PET.WRPUPUS2.W,20661
2018-01-26,PET.WCRSTUS1.W,1083045
2018-01-26,PET.WDISTUS1.W,137900
2018-01-26,PET.WGTSTUS1.W,242060
2018-01-26,PET.WRPUPUS2.W,21046
2018-02-02,PET.WCRSTUS1.W,1085402
2018-02-02,PET.WDISTUS1.W,141826
2018-02-02,PET.WGTSTUS1.W,245474
2018-02-02,PET.WRPUPUS2.W,20849
2018-02-09,PET.WCRSTUS1.W,1087663
2018-02-09,PET.WDISTUS1.W,141367
2018-02-09,PET.WGTSTUS1.W,249073
2018-02-09,PET.WRPUPUS2.W,20316
2018-02-16,PET.WCRSTUS1.W,1085351
2018-02-16,PET.WDISTUS1.W,138945
2018-02-16,PET.WGTSTUS1.W,249334
2018-02-16,PET.WRPUPUS2.W,20462
2018-02-23,PET.WCRSTUS1.W,1088779
2018-02-23,PET.WDISTUS1.W,137985
2018-02-23,PET.WGTSTUS1.W,251817
2018-02-23,PET.WRPUPUS2.W,19885
2018-03-02,PET.WCRSTUS1.W,1091364
2018-03-02,PET.WDISTUS1.W,137426
2018-03-02,PET.WGTSTUS1.W,251029
2018-03-02,PET.WRPUPUS2.W,20456
2018-03-09,PET.WCRSTUS1.W,1096386
2018-03-09,PET.WDISTUS1.W,133066
2018-03-09,PET.WGTSTUS1.W,244758
2018-03-09,PET.WRPUPUS2.W,20946
2018-03-16,PET.WCRSTUS1.W,1093764
2018-03-16,PET.WDISTUS1.W,131044
2018-03-16,PET.WGTSTUS1.W,243065
2018-03-16,PET.WRPUPUS2.W,20629
2018-03-23,PET.WCRSTUS1.W,1095407
2018-03-23,PET.WDISTUS1.W,128954
2018-03-23,PET.WGTSTUS1.W,239593
2018-03-23,PET.WRPUPUS2.W,20903
2018-03-30,PET.WCRSTUS1.W,1090788
2018-03-30,PET.WDISTUS1.W,129491
2018-03-30,PET.WGTSTUS1.W,238477
2018-03-30,PET.WRPUPUS2.W,21203
2018-04-06,PET.WCRSTUS1.W,1094094
2018-04-06,PET.WDISTUS1.W,128447
2018-04-06,PET.WGTSTUS1.W,238935
2018-04-06,PET.WRPUPUS2.W,19806
2018-04-13,PET.WCRSTUS1.W,1093023
2018-04-13,PET.WDISTUS1.W,125340
2018-04-13,PET.WGTSTUS1.W,235967
2018-04-13,PET.WRPUPUS2.W,21409
2018-04-20,PET.WCRSTUS1.W,1094455
2018-04-20,PET.WDISTUS1.W,122729
2018-04-20,PET.WGTSTUS1.W,236807
2018-04-20,PET.WRPUPUS2.W,19023
2018-04-27,PET.WCRSTUS1.W,1100221
2018-04-27,PET.WDISTUS1.W,118829
2018-04-27,PET.WGTSTUS1.W,237978
2018-04-27,PET.WRPUPUS2.W,20163
2018-05-04,PET.WCRSTUS1.W,1097315
2018-05-04,PET.WDISTUS1.W,115038
2018-05-04,PET.WGTSTUS1.W,235804
2018-05-04,PET.WRPUPUS2.W,20571
2018-05-11,PET.WCRSTUS1.W,1094391
2018-05-11,PET.WDISTUS1.W,114946
2018-05-11,PET.WGTSTUS1.W,232014
2018-05-11,PET.WRPUPUS2.W,20523
2018-05-18,PET.WCRSTUS1.W,1099468
2018-05-18,PET.WDISTUS1.W,113995
2018-05-18,PET.WGTSTUS1.W,233897
2018-05-18,PET.WRPUPUS2.W,20635
2018-05-25,PET.WCRSTUS1.W,1095289
2018-05-25,PET.WDISTUS1.W,114629
2018-05-25,PET.WGTSTUS1.W,234431
2018-05-25,PET.WRPUPUS2.W,20916
2018-06-01,PET.WCRSTUS1.W,1096752
2018-06-01,PET.WDISTUS1.W,116794
2018-06-01,PET.WGTSTUS1.W,239034
2018-06-01,PET.WRPUPUS2.W,18454
2018-06-08,PET.WCRSTUS1.W,1092609
2018-06-08,PET.WDISTUS1.W,114693
2018-06-08,PET.WGTSTUS1.W,236763
2018-06-08,PET.WRPUPUS2.W,21789
2018-06-15,PET.WCRSTUS1.W,1086543
2018-06-15,PET.WDISTUS1.W,117408
2018-06-15,PET.WGTSTUS1.W,240040
2018-06-15,PET.WRPUPUS2.W,20203
2018-06-22,PET.WCRSTUS1.W,1076652
2018-06-22,PET.WDISTUS1.W,117423
2018-06-22,PET.WGTSTUS1.W,241196
2018-06-22,PET.WRPUPUS2.W,20273
2018-06-29,PET.WCRSTUS1.W,1077897
2018-06-29,PET.WDISTUS1.W,117557
2018-06-29,PET.WGTSTUS1.W,239691
2018-06-29,PET.WRPUPUS2.W,21241
2018-07-06,PET.WCRSTUS1.W,1065263
2018-07-06,PET.WDISTUS1.W,121682
2018-07-06,PET.WGTSTUS1.W,238997
2018-07-06,PET.WRPUPUS2.W,19911
2018-07-13,PET.WCRSTUS1.W,1071098
2018-07-13,PET.WDISTUS1.W,121311
2018-07-13,PET.WGTSTUS1.W,235832
2018-07-13,PET.WRPUPUS2.W,21328
2018-07-20,PET.WCRSTUS1.W,1064951
2018-07-20,PET.WDISTUS1.W,121210
2018-07-20,PET.WGTSTUS1.W,233504
2018-07-20,PET.WRPUPUS2.W,21727
2018-07-27,PET.WCRSTUS1.W,1068754
2018-07-27,PET.WDISTUS1.W,124193
2018-07-27,PET.WGTSTUS1.W,230968
2018-07-27,PET.WRPUPUS2.W,20576
2018-08-03,PET.WCRSTUS1.W,1067402
2018-08-03,PET.WDISTUS1.W,125423
2018-08-03,PET.WGTSTUS1.W,233868
2018-08-03,PET.WRPUPUS2.W,20940
2018-08-10,PET.WCRSTUS1.W,1074207
2018-08-10,PET.WDISTUS1.W,128989
2018-08-10,PET.WGTSTUS1.W,233128
2018-08-10,PET.WRPUPUS2.W,20203
2018-08-17,PET.WCRSTUS1.W,1068370
2018-08-17,PET.WDISTUS1.W,130838
2018-08-17,PET.WGTSTUS1.W,234328
2018-08-17,PET.WRPUPUS2.W,21563
2018-08-24,PET.WCRSTUS1.W,1065804
2018-08-24,PET.WDISTUS1.W,130001
2018-08-24,PET.WGTSTUS1.W,232774
2018-08-24,PET.WRPUPUS2.W,22144
2018-08-31,PET.WCRSTUS1.W,1061502
2018-08-31,PET.WDISTUS1.W,133120
2018-08-31,PET.WGTSTUS1.W,234619
2018-08-31,PET.WRPUPUS2.W,21616
2018-09-07,PET.WCRSTUS1.W,1056205
2018-09-07,PET.WDISTUS1.W,139283
2018-09-07,PET.WGTSTUS1.W,235869
2018-09-07,PET.WRPUPUS2.W,20567
2018-09-14,PET.WCRSTUS1.W,1054147
2018-09-14,PET.WDISTUS1.W,140122
2018-09-14,PET.WGTSTUS1.W,234150
2018-09-14,PET.WRPUPUS2.W,20989
2018-09-21,PET.WCRSTUS1.W,1055999
2018-09-21,PET.WDISTUS1.W,137881
2018-09-21,PET.WGTSTUS1.W,235680
2018-09-21,PET.WRPUPUS2.W,20001
2018-09-28,PET.WCRSTUS1.W,1063974
2018-09-28,PET.WDISTUS1.W,136131
2018-09-28,PET.WGTSTUS1.W,235221
2018-09-28,PET.WRPUPUS2.W,20221
2018-10-05,PET.WCRSTUS1.W,1068655
2018-10-05,PET.WDISTUS1.W,133465
2018-10-05,PET.WGTSTUS1.W,236172
2018-10-05,PET.WRPUPUS2.W,19810
2018-10-12,PET.WCRSTUS1.W,1074075
2018-10-12,PET.WDISTUS1.W,132638
2018-10-12,PET.WGTSTUS1.W,234156
2018-10-12,PET.WRPUPUS2.W,20012
2018-10-19,PET.WCRSTUS1.W,1079263
2018-10-19,PET.WDISTUS1.W,130376
2018-10-19,PET.WGTSTUS1.W,229330
2018-10-19,PET.WRPUPUS2.W,21546
2018-10-26,PET.WCRSTUS1.W,1080939
2018-10-26,PET.WDISTUS1.W,126322
2018-10-26,PET.WGTSTUS1.W,226169
2018-10-26,PET.WRPUPUS2.W,21059
2018-11-02,PET.WCRSTUS1.W,1086487
2018-11-02,PET.WDISTUS1.W,122857
2018-11-02,PET.WGTSTUS1.W,228021
2018-11-02,PET.WRPUPUS2.W,20459
2018-11-09,PET.WCRSTUS1.W,1095386
2018-11-09,PET.WDISTUS1.W,119268
2018-11-09,PET.WGTSTUS1.W,226610
2018-11-09,PET.WRPUPUS2.W,22421
2018-11-16,PET.WCRSTUS1.W,1099477
2018-11-16,PET.WDISTUS1.W,119191
2018-11-16,PET.WGTSTUS1.W,225315
2018-11-16,PET.WRPUPUS2.W,21208
2018-11-23,PET.WCRSTUS1.W,1101049
2018-11-23,PET.WDISTUS1.W,121801
2018-11-23,PET.WGTSTUS1.W,224551
2018-11-23,PET.WRPUPUS2.W,20563
2018-11-30,PET.WCRSTUS1.W,1092723
2018-11-30,PET.WDISTUS1.W,125612
2018-11-30,PET.WGTSTUS1.W,226250
2018-11-30,PET.WRPUPUS2.W,20578
2018-12-07,PET.WCRSTUS1.W,1091517
2018-12-07,PET.WDISTUS1.W,124137
2018-12-07,PET.WGTSTUS1.W,228337
2018-12-07,PET.WRPUPUS2.W,21479
2018-12-14,PET.WCRSTUS1.W,1090594
2018-12-14,PET.WDISTUS1.W,119900
2018-12-14,PET.WGTSTUS1.W,230103
2018-12-14,PET.WRPUPUS2.W,22361
2018-12-21,PET.WCRSTUS1.W,1090550
2018-12-21,PET.WDISTUS1.W,119902
2018-12-21,PET.WGTSTUS1.W,233106
2018-12-21,PET.WRPUPUS2.W,20763
2018-12-28,PET.WCRSTUS1.W,1090557
2018-12-28,PET.WDISTUS1.W,129431
2018-12-28,PET.WGTSTUS1.W,239996
2018-12-28,PET.WRPUPUS2.W,19093
2019-01-04,PET.WCRSTUS1.W,1088877
2019-01-04,PET.WDISTUS1.W,140042
2019-01-04,PET.WGTSTUS1.W,248062
2019-01-04,PET.WRPUPUS2.W,19769
2019-01-11,PET.WCRSTUS1.W,1086194
2019-01-11,PET.WDISTUS1.W,143009
2019-01-11,PET.WGTSTUS1.W,255565
2019-01-11,PET.WRPUPUS2.W,20912
2019-01-18,PET.WCRSTUS1.W,1094164
2019-01-18,PET.WDISTUS1.W,142392
2019-01-18,PET.WGTSTUS1.W,259615
2019-01-18,PET.WRPUPUS2.W,21494
2019-01-25,PET.WCRSTUS1.W,1095083
2019-01-25,PET.WDISTUS1.W,141270
2019-01-25,PET.WGTSTUS1.W,257380
2019-01-25,PET.WRPUPUS2.W,20835
2019-02-01,PET.WCRSTUS1.W,1096346
2019-02-01,PET.WDISTUS1.W,139013
2019-02-01,PET.WGTSTUS1.W,257893
2019-02-01,PET.WRPUPUS2.W,21826
2019-02-08,PET.WCRSTUS1.W,1099979
2019-02-08,PET.WDISTUS1.W,140200
2019-02-08,PET.WGTSTUS1.W,258301
2019-02-08,PET.WRPUPUS2.W,19169
2019-02-15,PET.WCRSTUS1.W,1103651
2019-02-15,PET.WDISTUS1.W,138683
2019-02-15,PET.WGTSTUS1.W,256847
2019-02-15,PET.WRPUPUS2.W,20767
2019-02-22,PET.WCRSTUS1.W,1095004
2019-02-22,PET.WDISTUS1.W,138379
2019-02-22,PET.WGTSTUS1.W,254941
2019-02-22,PET.WRPUPUS2.W,21494
2019-03-01,PET.WCRSTUS1.W,1102060
2019-03-01,PET.WDISTUS1.W,135986
2019-03-01,PET.WGTSTUS1.W,250714
2019-03-01,PET.WRPUPUS2.W,20487
2019-03-08,PET.WCRSTUS1.W,1098198
2019-03-08,PET.WDISTUS1.W,136369
2019-03-08,PET.WGTSTUS1.W,246090
2019-03-08,PET.WRPUPUS2.W,20773
2019-03-15,PET.WCRSTUS1.W,1088609
2019-03-15,PET.WDISTUS1.W,132242
2019-03-15,PET.WGTSTUS1.W,241503
2019-03-15,PET.WRPUPUS2.W,21470
2019-03-22,PET.WCRSTUS1.W,1091409
2019-03-22,PET.WDISTUS1.W,130167
2019-03-22,PET.WGTSTUS1.W,238620
2019-03-22,PET.WRPUPUS2.W,20111
2019-03-29,PET.WCRSTUS1.W,1098647
2019-03-29,PET.WDISTUS1.W,128169
2019-03-29,PET.WGTSTUS1.W,236839
2019-03-29,PET.WRPUPUS2.W,20029
2019-04-05,PET.WCRSTUS1.W,1105676
2019-04-05,PET.WDISTUS1.W,128053
2019-04-05,PET.WGTSTUS1.W,229129
2019-04-05,PET.WRPUPUS2.W,20307
2019-04-12,PET.WCRSTUS1.W,1104280
2019-04-12,PET.WDISTUS1.W,127691
2019-04-12,PET.WGTSTUS1.W,227955
2019-04-12,PET.WRPUPUS2.W,19887
2019-04-19,PET.WCRSTUS1.W,1109759
2019-04-19,PET.WDISTUS1.W,127029
2019-04-19,PET.WGTSTUS1.W,225826
2019-04-19,PET.WRPUPUS2.W,20420
2019-04-26,PET.WCRSTUS1.W,1119154
2019-04-26,PET.WDISTUS1.W,125722
2019-04-26,PET.WGTSTUS1.W,226743
2019-04-26,PET.WRPUPUS2.W,20107
2019-05-03,PET.WCRSTUS1.W,1114321
2019-05-03,PET.WDISTUS1.W,125563
2019-05-03,PET.WGTSTUS1.W,226147
2019-05-03,PET.WRPUPUS2.W,20420
2019-05-10,PET.WCRSTUS1.W,1117988
2019-05-10,PET.WDISTUS1.W,125647
2019-05-10,PET.WGTSTUS1.W,225024
2019-05-10,PET.WRPUPUS2.W,19454
2019-05-17,PET.WCRSTUS1.W,1121593
2019-05-17,PET.WDISTUS1.W,126415
2019-05-17,PET.WGTSTUS1.W,228740
2019-05-17,PET.WRPUPUS2.W,19649
2019-05-24,PET.WCRSTUS1.W,1121311
2019-05-24,PET.WDISTUS1.W,124800
2019-05-24,PET.WGTSTUS1.W,230944
2019-05-24,PET.WRPUPUS2.W,21419
2019-05-31,PET.WCRSTUS1.W,1128082
2019-05-31,PET.WDISTUS1.W,129372
2019-05-31,PET.WGTSTUS1.W,234149
2019-05-31,PET.WRPUPUS2.W,19398
2019-06-07,PET.WCRSTUS1.W,1130288
2019-06-07,PET.WDISTUS1.W,128372
2019-06-07,PET.WGTSTUS1.W,234913
2019-06-07,PET.WRPUPUS2.W,21121
2019-06-14,PET.WCRSTUS1.W,1127182
2019-06-14,PET.WDISTUS1.W,127821
2019-06-14,PET.WGTSTUS1.W,233221
2019-06-14,PET.WRPUPUS2.W,20816
2019-06-21,PET.WCRSTUS1.W,1114394
2019-06-21,PET.WDISTUS1.W,125380
2019-06-21,PET.WGTSTUS1.W,232225
2019-06-21,PET.WRPUPUS2.W,20880
2019-06-28,PET.WCRSTUS1.W,1113309
2019-06-28,PET.WDISTUS1.W,126788
2019-06-28,PET.WGTSTUS1.W,230642
2019-06-28,PET.WRPUPUS2.W,20756
2019-07-05,PET.WCRSTUS1.W,1103810
2019-07-05,PET.WDISTUS1.W,130517
2019-07-05,PET.WGTSTUS1.W,229187
2019-07-05,PET.WRPUPUS2.W,21261
2019-07-12,PET.WCRSTUS1.W,1100694
2019-07-12,PET.WDISTUS1.W,136203
2019-07-12,PET.WGTSTUS1.W,232752
2019-07-12,PET.WRPUPUS2.W,20260
2019-07-19,PET.WCRSTUS1.W,1089859
2019-07-19,PET.WDISTUS1.W,136816
2019-07-19,PET.WGTSTUS1.W,232526
2019-07-19,PET.WRPUPUS2.W,21549
2019-07-26,PET.WCRSTUS1.W,1081363
2019-07-26,PET.WDISTUS1.W,135922
2019-07-26,PET.WGTSTUS1.W,230735
2019-07-26,PET.WRPUPUS2.W,21287
2019-08-02,PET.WCRSTUS1.W,1083748
2019-08-02,PET.WDISTUS1.W,137451
2019-08-02,PET.WGTSTUS1.W,235172
2019-08-02,PET.WRPUPUS2.W,21484
2019-08-09,PET.WCRSTUS1.W,1085328
2019-08-09,PET.WDISTUS1.W,135513
2019-08-09,PET.WGTSTUS1.W,233760
2019-08-09,PET.WRPUPUS2.W,22055
2019-08-16,PET.WCRSTUS1.W,1082596
2019-08-16,PET.WDISTUS1.W,138123
2019-08-16,PET.WGTSTUS1.W,234072
2019-08-16,PET.WRPUPUS2.W,21004
2019-08-23,PET.WCRSTUS1.W,1072569
2019-08-23,PET.WDISTUS1.W,136060
2019-08-23,PET.WGTSTUS1.W,231982
2019-08-23,PET.WRPUPUS2.W,22225
2019-08-30,PET.WCRSTUS1.W,1067798
2019-08-30,PET.WDISTUS1.W,133522
2019-08-30,PET.WGTSTUS1.W,229586
2019-08-30,PET.WRPUPUS2.W,21627
2019-09-06,PET.WCRSTUS1.W,1060886
2019-09-06,PET.WDISTUS1.W,136226
2019-09-06,PET.WGTSTUS1.W,228904
2019-09-06,PET.WRPUPUS2.W,21426
2019-09-13,PET.WCRSTUS1.W,1061944
2019-09-13,PET.WDISTUS1.W,136663
2019-09-13,PET.WGTSTUS1.W,229685
2019-09-13,PET.WRPUPUS2.W,20278
2019-09-20,PET.WCRSTUS1.W,1064356
2019-09-20,PET.WDISTUS1.W,133685
2019-09-20,PET.WGTSTUS1.W,230204
2019-09-20,PET.WRPUPUS2.W,21199
2019-09-27,PET.WCRSTUS1.W,1067460
2019-09-27,PET.WDISTUS1.W,131267
2019-09-27,PET.WGTSTUS1.W,229976
2019-09-27,PET.WRPUPUS2.W,20762
2019-10-04,PET.WCRSTUS1.W,1070187
2019-10-04,PET.WDISTUS1.W,127324
2019-10-04,PET.WGTSTUS1.W,228763
2019-10-04,PET.WRPUPUS2.W,21412
2019-10-11,PET.WCRSTUS1.W,1078199
2019-10-11,PET.WDISTUS1.W,123501
2019-10-11,PET.WGTSTUS1.W,226201
2019-10-11,PET.WRPUPUS2.W,20938
2019-10-18,PET.WCRSTUS1.W,1075501
2019-10-18,PET.WDISTUS1.W,120786
2019-10-18,PET.WGTSTUS1.W,223094
2019-10-18,PET.WRPUPUS2.W,21171
2019-10-25,PET.WCRSTUS1.W,1080505
2019-10-25,PET.WDISTUS1.W,119754
2019-10-25,PET.WGTSTUS1.W,220057
2019-10-25,PET.WRPUPUS2.W,21644
2019-11-01,PET.WCRSTUS1.W,1087734
2019-11-01,PET.WDISTUS1.W,119132
2019-11-01,PET.WGTSTUS1.W,217229
2019-11-01,PET.WRPUPUS2.W,21077
2019-11-08,PET.WCRSTUS1.W,1088510
2019-11-08,PET.WDISTUS1.W,116655
2019-11-08,PET.WGTSTUS1.W,219090
2019-11-08,PET.WRPUPUS2.W,21515
2019-11-15,PET.WCRSTUS1.W,1087917
2019-11-15,PET.WDISTUS1.W,115681
2019-11-15,PET.WGTSTUS1.W,220846
2019-11-15,PET.WRPUPUS2.W,21275
2019-11-22,PET.WCRSTUS1.W,1088122
2019-11-22,PET.WDISTUS1.W,116406
2019-11-22,PET.WGTSTUS1.W,225978
2019-11-22,PET.WRPUPUS2.W,21128
2019-11-29,PET.WCRSTUS1.W,1082262
2019-11-29,PET.WDISTUS1.W,119469
2019-11-29,PET.WGTSTUS1.W,229363
2019-11-29,PET.WRPUPUS2.W,21108
2019-12-06,PET.WCRSTUS1.W,1082886
2019-12-06,PET.WDISTUS1.W,123587
2019-12-06,PET.WGTSTUS1.W,234768
2019-12-06,PET.WRPUPUS2.W,18368
2019-12-13,PET.WCRSTUS1.W,1081800
2019-12-13,PET.WDISTUS1.W,125096
2019-12-13,PET.WGTSTUS1.W,237297
2019-12-13,PET.WRPUPUS2.W,21810
2019-12-20,PET.WCRSTUS1.W,1076326
2019-12-20,PET.WDISTUS1.W,124944
2019-12-20,PET.WGTSTUS1.W,239260
2019-12-20,PET.WRPUPUS2.W,21351
2019-12-27,PET.WCRSTUS1.W,1064863
2019-12-27,PET.WDISTUS1.W,133720
2019-12-27,PET.WGTSTUS1.W,242472
2019-12-27,PET.WRPUPUS2.W,19955
2020-01-03,PET.WCRSTUS1.W,1066027
2020-01-03,PET.WDISTUS1.W,139050
2020-01-03,PET.WGTSTUS1.W,251609
2020-01-03,PET.WRPUPUS2.W,19366
2020-01-10,PET.WCRSTUS1.W,1063478
2020-01-10,PET.WDISTUS1.W,147221
2020-01-10,PET.WGTSTUS1.W,258287
2020-01-10,PET.WRPUPUS2.W,19047
2020-01-17,PET.WCRSTUS1.W,1063073
2020-01-17,PET.WDISTUS1.W,146036
2020-01-17,PET.WGTSTUS1.W,260032
2020-01-17,PET.WRPUPUS2.W,21474
2020-01-24,PET.WCRSTUS1.W,1066621
2020-01-24,PET.WDISTUS1.W,144747
2020-01-24,PET.WGTSTUS1.W,261235
2020-01-24,PET.WRPUPUS2.W,19598
2020-01-31,PET.WCRSTUS1.W,1069976
2020-01-31,PET.WDISTUS1.W,143235
2020-01-31,PET.WGTSTUS1.W,261144
2020-01-31,PET.WRPUPUS2.W,20810
2020-02-07,PET.WCRSTUS1.W,1077435
2020-02-07,PET.WDISTUS1.W,141222
2020-02-07,PET.WGTSTUS1.W,261049
2020-02-07,PET.WRPUPUS2.W,20965
2020-02-14,PET.WCRSTUS1.W,1077850
2020-02-14,PET.WDISTUS1.W,140587
2020-02-14,PET.WGTSTUS1.W,259078
2020-02-14,PET.WRPUPUS2.W,19602
2020-02-21,PET.WCRSTUS1.W,1078302
2020-02-21,PET.WDISTUS1.W,138472
2020-02-21,PET.WGTSTUS1.W,256387
2020-02-21,PET.WRPUPUS2.W,19870
2020-02-28,PET.WCRSTUS1.W,1079086
2020-02-28,PET.WDISTUS1.W,134464
2020-02-28,PET.WGTSTUS1.W,252048
2020-02-28,PET.WRPUPUS2.W,21265
2020-03-06,PET.WCRSTUS1.W,1086750
2020-03-06,PET.WDISTUS1.W,128060
2020-03-06,PET.WGTSTUS1.W,246999
2020-03-06,PET.WRPUPUS2.W,21875
2020-03-13,PET.WCRSTUS1.W,1088704
2020-03-13,PET.WDISTUS1.W,125120
2020-03-13,PET.WGTSTUS1.W,240819
2020-03-13,PET.WRPUPUS2.W,21456
2020-03-20,PET.WCRSTUS1.W,1090327
2020-03-20,PET.WDISTUS1.W,124442
2020-03-20,PET.WGTSTUS1.W,239282
2020-03-20,PET.WRPUPUS2.W,19420
2020-03-27,PET.WCRSTUS1.W,1104160
2020-03-27,PET.WDISTUS1.W,122248
2020-03-27,PET.WGTSTUS1.W,246806
2020-03-27,PET.WRPUPUS2.W,17852
2020-04-03,PET.WCRSTUS1.W,1119337
2020-04-03,PET.WDISTUS1.W,122724
2020-04-03,PET.WGTSTUS1.W,257303
2020-04-03,PET.WRPUPUS2.W,14437
2020-04-10,PET.WCRSTUS1.W,1138585
2020-04-10,PET.WDISTUS1.W,129004
2020-04-10,PET.WGTSTUS1.W,262217
2020-04-10,PET.WRPUPUS2.W,13797
2020-04-17,PET.WCRSTUS1.W,1153607
2020-04-17,PET.WDISTUS1.W,136880
2020-04-17,PET.WGTSTUS1.W,263234
2020-04-17,PET.WRPUPUS2.W,14103
2020-04-24,PET.WCRSTUS1.W,1163748
2020-04-24,PET.WDISTUS1.W,141972
2020-04-24,PET.WGTSTUS1.W,259565
2020-04-24,PET.WRPUPUS2.W,15763
2020-05-01,PET.WCRSTUS1.W,1170054
2020-05-01,PET.WDISTUS1.W,151490
2020-05-01,PET.WGTSTUS1.W,256407
2020-05-01,PET.WRPUPUS2.W,15354
2020-05-08,PET.WCRSTUS1.W,1171242
2020-05-08,PET.WDISTUS1.W,155001
2020-05-08,PET.WGTSTUS1.W,252894
2020-05-08,PET.WRPUPUS2.W,16814
2020-05-15,PET.WCRSTUS1.W,1168142
2020-05-15,PET.WDISTUS1.W,158832
2020-05-15,PET.WGTSTUS1.W,255724
2020-05-15,PET.WRPUPUS2.W,16586
2020-05-22,PET.WCRSTUS1.W,1178181
2020-05-22,PET.WDISTUS1.W,164327
2020-05-22,PET.WGTSTUS1.W,255000
2020-05-22,PET.WRPUPUS2.W,15958
2020-05-29,PET.WCRSTUS1.W,1180124
2020-05-29,PET.WDISTUS1.W,174261
2020-05-29,PET.WGTSTUS1.W,257795
2020-05-29,PET.WRPUPUS2.W,15066
2020-06-05,PET.WCRSTUS1.W,1188064
2020-06-05,PET.WDISTUS1.W,175829
2020-06-05,PET.WGTSTUS1.W,258661
2020-06-05,PET.WRPUPUS2.W,17573
2020-06-12,PET.WCRSTUS1.W,1191010
2020-06-12,PET.WDISTUS1.W,174471
2020-06-12,PET.WGTSTUS1.W,256995
2020-06-12,PET.WRPUPUS2.W,17290
2020-06-19,PET.WCRSTUS1.W,1194443
2020-06-19,PET.WDISTUS1.W,174720
2020-06-19,PET.WGTSTUS1.W,255322
2020-06-19,PET.WRPUPUS2.W,18348
2020-06-26,PET.WCRSTUS1.W,1188940
2020-06-26,PET.WDISTUS1.W,174127
2020-06-26,PET.WGTSTUS1.W,256521
2020-06-26,PET.WRPUPUS2.W,17353
2020-07-03,PET.WCRSTUS1.W,1195204
2020-07-03,PET.WDISTUS1.W,177262
2020-07-03,PET.WGTSTUS1.W,251682
2020-07-03,PET.WRPUPUS2.W,18120
2020-07-10,PET.WCRSTUS1.W,1187837
2020-07-10,PET.WDISTUS1.W,176809
2020-07-10,PET.WGTSTUS1.W,248535
2020-07-10,PET.WRPUPUS2.W,18480
2020-07-17,PET.WCRSTUS1.W,1192727
2020-07-17,PET.WDISTUS1.W,177883
2020-07-17,PET.WGTSTUS1.W,246733
2020-07-17,PET.WRPUPUS2.W,17654
2020-07-24,PET.WCRSTUS1.W,1182116
2020-07-24,PET.WDISTUS1.W,178386
2020-07-24,PET.WGTSTUS1.W,247387
2020-07-24,PET.WRPUPUS2.W,19094
2020-07-31,PET.WCRSTUS1.W,1174737
2020-07-31,PET.WDISTUS1.W,179977
2020-07-31,PET.WGTSTUS1.W,247806
2020-07-31,PET.WRPUPUS2.W,17912
2020-08-07,PET.WCRSTUS1.W,1167983
2020-08-07,PET.WDISTUS1.W,177655
2020-08-07,PET.WGTSTUS1.W,247084
2020-08-07,PET.WRPUPUS2.W,19369
2020-08-14,PET.WCRSTUS1.W,1163680
2020-08-14,PET.WDISTUS1.W,177807
2020-08-14,PET.WGTSTUS1.W,243762
2020-08-14,PET.WRPUPUS2.W,17159
2020-08-21,PET.WCRSTUS1.W,1157228
2020-08-21,PET.WDISTUS1.W,179195
2020-08-21,PET.WGTSTUS1.W,239179
2020-08-21,PET.WRPUPUS2.W,19619
2020-08-28,PET.WCRSTUS1.W,1146566
2020-08-28,PET.WDISTUS1.W,177520
2020-08-28,PET.WGTSTUS1.W,234859
2020-08-28,PET.WRPUPUS2.W,16979
2020-09-04,PET.WCRSTUS1.W,1148294
2020-09-04,PET.WDISTUS1.W,175845
2020-09-04,PET.WGTSTUS1.W,231905
2020-09-04,PET.WRPUPUS2.W,18678
2020-09-11,PET.WCRSTUS1.W,1141778
2020-09-11,PET.WDISTUS1.W,179306
2020-09-11,PET.WGTSTUS1.W,231524
2020-09-11,PET.WRPUPUS2.W,17027
2020-09-18,PET.WCRSTUS1.W,1139358
2020-09-18,PET.WDISTUS1.W,175942
2020-09-18,PET.WGTSTUS1.W,227499
2020-09-18,PET.WRPUPUS2.W,18439
2020-09-25,PET.WCRSTUS1.W,1135577
2020-09-25,PET.WDISTUS1.W,172758
2020-09-25,PET.WGTSTUS1.W,228182
2020-09-25,PET.WRPUPUS2.W,17447
2020-10-02,PET.WCRSTUS1.W,1134933
2020-10-02,PET.WDISTUS1.W,171796
2020-10-02,PET.WGTSTUS1.W,226747
2020-10-02,PET.WRPUPUS2.W,18345
2020-10-09,PET.WCRSTUS1.W,1129956
2020-10-09,PET.WDISTUS1.W,164551
2020-10-09,PET.WGTSTUS1.W,225121
2020-10-09,PET.WRPUPUS2.W,19475
2020-10-16,PET.WCRSTUS1.W,1128188
2020-10-16,PET.WDISTUS1.W,160719
2020-10-16,PET.WGTSTUS1.W,227016
2020-10-16,PET.WRPUPUS2.W,18112
2020-10-23,PET.WCRSTUS1.W,1131850
2020-10-23,PET.WDISTUS1.W,156228
2020-10-23,PET.WGTSTUS1.W,226124
2020-10-23,PET.WRPUPUS2.W,19631
2020-10-30,PET.WCRSTUS1.W,1123699
2020-10-30,PET.WDISTUS1.W,154644
2020-10-30,PET.WGTSTUS1.W,227665
2020-10-30,PET.WRPUPUS2.W,18362
2020-11-06,PET.WCRSTUS1.W,1127412
2020-11-06,PET.WDISTUS1.W,149289
2020-11-06,PET.WGTSTUS1.W,225356
2020-11-06,PET.WRPUPUS2.W,20180
2020-11-13,PET.WCRSTUS1.W,1127776
2020-11-13,PET.WDISTUS1.W,144073
2020-11-13,PET.WGTSTUS1.W,227967
2020-11-13,PET.WRPUPUS2.W,19564
2020-11-20,PET.WCRSTUS1.W,1126911
2020-11-20,PET.WDISTUS1.W,142632
2020-11-20,PET.WGTSTUS1.W,230147
2020-11-20,PET.WRPUPUS2.W,19156
2020-11-27,PET.WCRSTUS1.W,1126232
2020-11-27,PET.WDISTUS1.W,145870
2020-11-27,PET.WGTSTUS1.W,233638
2020-11-27,PET.WRPUPUS2.W,18468
2020-12-04,PET.WCRSTUS1.W,1141316
2020-12-04,PET.WDISTUS1.W,151092
2020-12-04,PET.WGTSTUS1.W,237859
2020-12-04,PET.WRPUPUS2.W,18534
2020-12-11,PET.WCRSTUS1.W,1138182
2020-12-11,PET.WDISTUS1.W,151259
2020-12-11,PET.WGTSTUS1.W,238879
2020-12-11,PET.WRPUPUS2.W,19335
2020-12-18,PET.WCRSTUS1.W,1137619
2020-12-18,PET.WDISTUS1.W,148934
2020-12-18,PET.WGTSTUS1.W,237754
2020-12-18,PET.WRPUPUS2.W,19088
2020-12-25,PET.WCRSTUS1.W,1131554
2020-12-25,PET.WDISTUS1.W,152029
2020-12-25,PET.WGTSTUS1.W,236562
2020-12-25,PET.WRPUPUS2.W,19317
2021-01-01,PET.WCRSTUS1.W,1123544
2021-01-01,PET.WDISTUS1.W,158419
2021-01-01,PET.WGTSTUS1.W,241081
2021-01-01,PET.WRPUPUS2.W,17054
2021-01-08,PET.WCRSTUS1.W,1120296
2021-01-08,PET.WDISTUS1.W,163205
2021-01-08,PET.WGTSTUS1.W,245476
2021-01-08,PET.WRPUPUS2.W,19607
2021-01-15,PET.WCRSTUS1.W,1124648
2021-01-15,PET.WDISTUS1.W,163662
2021-01-15,PET.WGTSTUS1.W,245217
2021-01-15,PET.WRPUPUS2.W,19642
2021-01-22,PET.WCRSTUS1.W,1114739
2021-01-22,PET.WDISTUS1.W,162847
2021-01-22,PET.WGTSTUS1.W,247686
2021-01-22,PET.WRPUPUS2.W,19681
2021-01-29,PET.WCRSTUS1.W,1113745
2021-01-29,PET.WDISTUS1.W,162838
2021-01-29,PET.WGTSTUS1.W,252153
2021-01-29,PET.WRPUPUS2.W,18528
2021-02-05,PET.WCRSTUS1.W,1106935
2021-02-05,PET.WDISTUS1.W,161106
2021-02-05,PET.WGTSTUS1.W,256412
2021-02-05,PET.WRPUPUS2.W,20183
2021-02-12,PET.WCRSTUS1.W,1099530
2021-02-12,PET.WDISTUS1.W,157684
2021-02-12,PET.WGTSTUS1.W,257084
2021-02-12,PET.WRPUPUS2.W,20668
2021-02-19,PET.WCRSTUS1.W,1100815
2021-02-19,PET.WDISTUS1.W,152715
2021-02-19,PET.WGTSTUS1.W,257096
2021-02-19,PET.WRPUPUS2.W,18688
2021-02-26,PET.WCRSTUS1.W,1122378
2021-02-26,PET.WDISTUS1.W,142996
2021-02-26,PET.WGTSTUS1.W,243472
2021-02-26,PET.WRPUPUS2.W,18759
2021-03-05,PET.WCRSTUS1.W,1136176
2021-03-05,PET.WDISTUS1.W,137492
2021-03-05,PET.WGTSTUS1.W,231603
2021-03-05,PET.WRPUPUS2.W,18672
2021-03-12,PET.WCRSTUS1.W,1138572
2021-03-12,PET.WDISTUS1.W,137747
2021-03-12,PET.WGTSTUS1.W,232075
2021-03-12,PET.WRPUPUS2.W,18933
2021-03-19,PET.WCRSTUS1.W,1140484
2021-03-19,PET.WDISTUS1.W,141553
2021-03-19,PET.WGTSTUS1.W,232279
2021-03-19,PET.WRPUPUS2.W,18702
2021-03-26,PET.WCRSTUS1.W,1139608
2021-03-26,PET.WDISTUS1.W,144095
2021-03-26,PET.WGTSTUS1.W,230544
2021-03-26,PET.WRPUPUS2.W,20313
2021-04-02,PET.WCRSTUS1.W,1136086
2021-04-02,PET.WDISTUS1.W,145547
2021-04-02,PET.WGTSTUS1.W,234588
2021-04-02,PET.WRPUPUS2.W,19236
2021-04-09,PET.WCRSTUS1.W,1129090
2021-04-09,PET.WDISTUS1.W,143464
2021-04-09,PET.WGTSTUS1.W,234897
2021-04-09,PET.WRPUPUS2.W,20328
2021-04-16,PET.WCRSTUS1.W,1128941
2021-04-16,PET.WDISTUS1.W,142391
2021-04-16,PET.WGTSTUS1.W,234982
2021-04-16,PET.WRPUPUS2.W,18762
2021-04-23,PET.WCRSTUS1.W,1127582
2021-04-23,PET.WDISTUS1.W,139049
2021-04-23,PET.WGTSTUS1.W,235074
2021-04-23,PET.WRPUPUS2.W,20395
2021-04-30,PET.WCRSTUS1.W,1118544
2021-04-30,PET.WDISTUS1.W,136153
2021-04-30,PET.WGTSTUS1.W,235811
2021-04-30,PET.WRPUPUS2.W,19691
2021-05-07,PET.WCRSTUS1.W,1116719
2021-05-07,PET.WDISTUS1.W,134419
2021-05-07,PET.WGTSTUS1.W,236189
2021-05-07,PET.WRPUPUS2.W,17483
2021-05-14,PET.WCRSTUS1.W,1116138
2021-05-14,PET.WDISTUS1.W,132095
2021-05-14,PET.WGTSTUS1.W,234226
2021-05-14,PET.WRPUPUS2.W,19272
2021-05-21,PET.WCRSTUS1.W,1112830
2021-05-21,PET.WDISTUS1.W,129082
2021-05-21,PET.WGTSTUS1.W,232481
2021-05-21,PET.WRPUPUS2.W,19956
2021-05-28,PET.WCRSTUS1.W,1107103
2021-05-28,PET.WDISTUS1.W,132802
2021-05-28,PET.WGTSTUS1.W,233980
2021-05-28,PET.WRPUPUS2.W,19140
2021-06-04,PET.WCRSTUS1.W,1100513
2021-06-04,PET.WDISTUS1.W,137214
2021-06-04,PET.WGTSTUS1.W,241026
2021-06-04,PET.WRPUPUS2.W,17713
2021-06-11,PET.WCRSTUS1.W,1092267
2021-06-11,PET.WDISTUS1.W,136191
2021-06-11,PET.WGTSTUS1.W,242980
2021-06-11,PET.WRPUPUS2.W,20571
2021-06-18,PET.WCRSTUS1.W,1082948
2021-06-18,PET.WDISTUS1.W,137945
2021-06-18,PET.WGTSTUS1.W,240050
2021-06-18,PET.WRPUPUS2.W,20751
2021-06-25,PET.WCRSTUS1.W,1074829
2021-06-25,PET.WDISTUS1.W,137076
2021-06-25,PET.WGTSTUS1.W,241572
2021-06-25,PET.WRPUPUS2.W,20902
2021-07-02,PET.WCRSTUS1.W,1066780
2021-07-02,PET.WDISTUS1.W,138692
2021-07-02,PET.WGTSTUS1.W,235497
2021-07-02,PET.WRPUPUS2.W,21547
2021-07-09,PET.WCRSTUS1.W,1058884
2021-07-09,PET.WDISTUS1.W,142349
2021-07-09,PET.WGTSTUS1.W,236535
2021-07-09,PET.WRPUPUS2.W,19303
2021-07-16,PET.WCRSTUS1.W,1060991
2021-07-16,PET.WDISTUS1.W,141000
2021-07-16,PET.WGTSTUS1.W,236414
2021-07-16,PET.WRPUPUS2.W,20581
2021-07-23,PET.WCRSTUS1.W,1056902
2021-07-23,PET.WDISTUS1.W,137912
2021-07-23,PET.WGTSTUS1.W,234161
2021-07-23,PET.WRPUPUS2.W,21123
2021-07-30,PET.WCRSTUS1.W,1060529
2021-07-30,PET.WDISTUS1.W,138744
2021-07-30,PET.WGTSTUS1.W,228870
2021-07-30,PET.WRPUPUS2.W,21168
2021-08-06,PET.WCRSTUS1.W,1060081
2021-08-06,PET.WDISTUS1.W,140511
2021-08-06,PET.WGTSTUS1.W,227469
2021-08-06,PET.WRPUPUS2.W,19514
2021-08-13,PET.WCRSTUS1.W,1056846
2021-08-13,PET.WDISTUS1.W,137814
2021-08-13,PET.WGTSTUS1.W,228165
2021-08-13,PET.WRPUPUS2.W,21463
2021-08-20,PET.WCRSTUS1.W,1053866
2021-08-20,PET.WDISTUS1.W,138459
2021-08-20,PET.WGTSTUS1.W,225924
2021-08-20,PET.WRPUPUS2.W,21817
2021-08-27,PET.WCRSTUS1.W,1046697
2021-08-27,PET.WDISTUS1.W,136727
2021-08-27,PET.WGTSTUS1.W,227214
2021-08-27,PET.WRPUPUS2.W,22820
2021-09-03,PET.WCRSTUS1.W,1045169
2021-09-03,PET.WDISTUS1.W,133586
2021-09-03,PET.WGTSTUS1.W,219999
2021-09-03,PET.WRPUPUS2.W,19954
2021-09-10,PET.WCRSTUS1.W,1038218
2021-09-10,PET.WDISTUS1.W,131897
2021-09-10,PET.WGTSTUS1.W,218142
2021-09-10,PET.WRPUPUS2.W,19911
2021-09-17,PET.WCRSTUS1.W,1033533
2021-09-17,PET.WDISTUS1.W,129343
2021-09-17,PET.WGTSTUS1.W,221616
2021-09-17,PET.WRPUPUS2.W,21145
2021-09-24,PET.WCRSTUS1.W,1037231
2021-09-24,PET.WDISTUS1.W,129727
2021-09-24,PET.WGTSTUS1.W,221809
2021-09-24,PET.WRPUPUS2.W,20391
2021-10-01,PET.WCRSTUS1.W,1038657
2021-10-01,PET.WDISTUS1.W,129331
2021-10-01,PET.WGTSTUS1.W,225065
2021-10-01,PET.WRPUPUS2.W,21526
2021-10-08,PET.WCRSTUS1.W,1043945
2021-10-08,PET.WDISTUS1.W,129307
2021-10-08,PET.WGTSTUS1.W,223107
2021-10-08,PET.WRPUPUS2.W,19875
2021-10-15,PET.WCRSTUS1.W,1041820
2021-10-15,PET.WDISTUS1.W,125394
2021-10-15,PET.WGTSTUS1.W,217739
2021-10-15,PET.WRPUPUS2.W,21832
2021-10-22,PET.WCRSTUS1.W,1044998
2021-10-22,PET.WDISTUS1.W,124962
2021-10-22,PET.WGTSTUS1.W,215746
2021-10-22,PET.WRPUPUS2.W,19832
2021-10-29,PET.WCRSTUS1.W,1046643
2021-10-29,PET.WDISTUS1.W,127122
2021-10-29,PET.WGTSTUS1.W,214258
2021-10-29,PET.WRPUPUS2.W,19997
2021-11-05,PET.WCRSTUS1.W,1044500
2021-11-05,PET.WDISTUS1.W,124509
2021-11-05,PET.WGTSTUS1.W,212703
2021-11-05,PET.WRPUPUS2.W,19290
2021-11-12,PET.WCRSTUS1.W,1039150
2021-11-12,PET.WDISTUS1.W,123685
2021-11-12,PET.WGTSTUS1.W,211996
2021-11-12,PET.WRPUPUS2.W,21629
2021-11-19,PET.WCRSTUS1.W,1038525
2021-11-19,PET.WDISTUS1.W,121717
2021-11-19,PET.WGTSTUS1.W,211393
2021-11-19,PET.WRPUPUS2.W,21752
2021-11-26,PET.WCRSTUS1.W,1035667
2021-11-26,PET.WDISTUS1.W,123877
2021-11-26,PET.WGTSTUS1.W,215422
2021-11-26,PET.WRPUPUS2.W,20222
2021-12-03,PET.WCRSTUS1.W,1033737
2021-12-03,PET.WDISTUS1.W,126610
2021-12-03,PET.WGTSTUS1.W,219304
2021-12-03,PET.WRPUPUS2.W,19837
2021-12-10,PET.WCRSTUS1.W,1027203
2021-12-10,PET.WDISTUS1.W,123758
2021-12-10,PET.WGTSTUS1.W,218585
2021-12-10,PET.WRPUPUS2.W,23191
2021-12-17,PET.WCRSTUS1.W,1019952
2021-12-17,PET.WDISTUS1.W,124154
2021-12-17,PET.WGTSTUS1.W,224118
2021-12-17,PET.WRPUPUS2.W,20454
2021-12-24,PET.WCRSTUS1.W,1015023
2021-12-24,PET.WDISTUS1.W,122428
2021-12-24,PET.WGTSTUS1.W,222659
2021-12-24,PET.WRPUPUS2.W,22218
2021-12-31,PET.WCRSTUS1.W,1011533
2021-12-31,PET.WDISTUS1.W,126846
2021-12-31,PET.WGTSTUS1.W,232787
2021-12-31,PET.WRPUPUS2.W,19665
2022-01-07,PET.WCRSTUS1.W,1006680
2022-01-07,PET.WDISTUS1.W,129383
2022-01-07,PET.WGTSTUS1.W,240748
2022-01-07,PET.WRPUPUS2.W,20829
2022-01-14,PET.WCRSTUS1.W,1005847
2022-01-14,PET.WDISTUS1.W,127952
2022-01-14,PET.WGTSTUS1.W,246621
2022-01-14,PET.WRPUPUS2.W,21915
2022-01-21,PET.WCRSTUS1.W,1006972
2022-01-21,PET.WDISTUS1.W,125154
2022-01-21,PET.WGTSTUS1.W,247918
2022-01-21,PET.WRPUPUS2.W,22417
2022-01-28,PET.WCRSTUS1.W,1004055
2022-01-28,PET.WDISTUS1.W,122744
2022-01-28,PET.WGTSTUS1.W,250037
2022-01-28,PET.WRPUPUS2.W,21410
2022-02-04,PET.WCRSTUS1.W,997902
2022-02-04,PET.WDISTUS1.W,121814
2022-02-04,PET.WGTSTUS1.W,248393
2022-02-04,PET.WRPUPUS2.W,21881
2022-02-11,PET.WCRSTUS1.W,996336
2022-02-11,PET.WDISTUS1.W,120262
2022-02-11,PET.WGTSTUS1.W,247061
2022-02-11,PET.WRPUPUS2.W,22741
2022-02-18,PET.WCRSTUS1.W,998406
2022-02-18,PET.WDISTUS1.W,119678
2022-02-18,PET.WGTSTUS1.W,246479
2022-02-18,PET.WRPUPUS2.W,21483
2022-02-25,PET.WCRSTUS1.W,993445
2022-02-25,PET.WDISTUS1.W,119104
2022-02-25,PET.WGTSTUS1.W,246011
2022-02-25,PET.WRPUPUS2.W,20830
2022-03-04,PET.WCRSTUS1.W,989058
2022-03-04,PET.WDISTUS1.W,113874
2022-03-04,PET.WGTSTUS1.W,244606
2022-03-04,PET.WRPUPUS2.W,21210
2022-03-11,PET.WCRSTUS1.W,991420
2022-03-11,PET.WDISTUS1.W,114206
2022-03-11,PET.WGTSTUS1.W,240991
2022-03-11,PET.WRPUPUS2.W,20652
2022-03-18,PET.WCRSTUS1.W,984722
2022-03-18,PET.WDISTUS1.W,112135
2022-03-18,PET.WGTSTUS1.W,238043
2022-03-18,PET.WRPUPUS2.W,21124
2022-03-25,PET.WCRSTUS1.W,978272
2022-03-25,PET.WDISTUS1.W,113530
2022-03-25,PET.WGTSTUS1.W,238828
2022-03-25,PET.WRPUPUS2.W,19874
2022-04-01,PET.WCRSTUS1.W,976951
2022-04-01,PET.WDISTUS1.W,114301
2022-04-01,PET.WGTSTUS1.W,236787
2022-04-01,PET.WRPUPUS2.W,19815
2022-04-08,PET.WCRSTUS1.W,982434
2022-04-08,PET.WDISTUS1.W,111399
2022-04-08,PET.WGTSTUS1.W,233139
2022-04-08,PET.WRPUPUS2.W,18771
2022-04-15,PET.WCRSTUS1.W,969713
2022-04-15,PET.WDISTUS1.W,108735
2022-04-15,PET.WGTSTUS1.W,232378
2022-04-15,PET.WRPUPUS2.W,19033
2022-04-22,PET.WCRSTUS1.W,967494
2022-04-22,PET.WDISTUS1.W,107286
2022-04-22,PET.WGTSTUS1.W,230805
2022-04-22,PET.WRPUPUS2.W,19821
2022-04-29,PET.WCRSTUS1.W,965712
2022-04-29,PET.WDISTUS1.W,104942
2022-04-29,PET.WGTSTUS1.W,228575
2022-04-29,PET.WRPUPUS2.W,19467
2022-05-06,PET.WCRSTUS1.W,967208
2022-05-06,PET.WDISTUS1.W,104029
2022-05-06,PET.WGTSTUS1.W,224968
2022-05-06,PET.WRPUPUS2.W,19231
2022-05-13,PET.WCRSTUS1.W,958804
2022-05-13,PET.WDISTUS1.W,105264
2022-05-13,PET.WGTSTUS1.W,220189
2022-05-13,PET.WRPUPUS2.W,19661
2022-05-20,PET.WCRSTUS1.W,951814
2022-05-20,PET.WDISTUS1.W,106921
2022-05-20,PET.WGTSTUS1.W,219707
2022-05-20,PET.WRPUPUS2.W,19684
2022-05-27,PET.WCRSTUS1.W,941325
2022-05-27,PET.WDISTUS1.W,106392
2022-05-27,PET.WGTSTUS1.W,218996
2022-05-27,PET.WRPUPUS2.W,19512
2022-06-03,PET.WCRSTUS1.W,936081
2022-06-03,PET.WDISTUS1.W,108984
2022-06-03,PET.WGTSTUS1.W,218184
2022-06-03,PET.WRPUPUS2.W,20227
2022-06-10,PET.WCRSTUS1.W,930326
2022-06-10,PET.WDISTUS1.W,109709
2022-06-10,PET.WGTSTUS1.W,217474
2022-06-10,PET.WRPUPUS2.W,19703
2022-06-17,PET.WCRSTUS1.W,923146
2022-06-17,PET.WDISTUS1.W,109842
2022-06-17,PET.WGTSTUS1.W,218963
2022-06-17,PET.WRPUPUS2.W,19904
2022-06-24,PET.WCRSTUS1.W,913434
2022-06-24,PET.WDISTUS1.W,112401
2022-06-24,PET.WGTSTUS1.W,221608
2022-06-24,PET.WRPUPUS2.W,19997
2022-07-01,PET.WCRSTUS1.W,915828
2022-07-01,PET.WDISTUS1.W,111135
2022-07-01,PET.WGTSTUS1.W,219112
2022-07-01,PET.WRPUPUS2.W,20464
2022-07-08,PET.WCRSTUS1.W,912201
2022-07-08,PET.WDISTUS1.W,113803
2022-07-08,PET.WGTSTUS1.W,224937
2022-07-08,PET.WRPUPUS2.W,18720
2022-07-15,PET.WCRSTUS1.W,906758
2022-07-15,PET.WDISTUS1.W,112508
2022-07-15,PET.WGTSTUS1.W,228435
2022-07-15,PET.WRPUPUS2.W,21025
2022-07-22,PET.WCRSTUS1.W,896631
2022-07-22,PET.WDISTUS1.W,111724
2022-07-22,PET.WGTSTUS1.W,225131
2022-07-22,PET.WRPUPUS2.W,19976
2022-07-29,PET.WCRSTUS1.W,896408
2022-07-29,PET.WDISTUS1.W,109324
2022-07-29,PET.WGTSTUS1.W,225294
2022-07-29,PET.WRPUPUS2.W,19948
2022-08-05,PET.WCRSTUS1.W,896568
2022-08-05,PET.WDISTUS1.W,111490
2022-08-05,PET.WGTSTUS1.W,220316
2022-08-05,PET.WRPUPUS2.W,19474
2022-08-12,PET.WCRSTUS1.W,886110
2022-08-12,PET.WDISTUS1.W,112256
2022-08-12,PET.WGTSTUS1.W,215674
2022-08-12,PET.WRPUPUS2.W,21221
2022-08-19,PET.WCRSTUS1.W,874737
2022-08-19,PET.WDISTUS1.W,111594
2022-08-19,PET.WGTSTUS1.W,215647
2022-08-19,PET.WRPUPUS2.W,19339
2022-08-26,PET.WCRSTUS1.W,868344
2022-08-26,PET.WDISTUS1.W,111706
2022-08-26,PET.WGTSTUS1.W,214475
2022-08-26,PET.WRPUPUS2.W,20073
2022-09-02,PET.WCRSTUS1.W,869662
2022-09-02,PET.WDISTUS1.W,111801
2022-09-02,PET.WGTSTUS1.W,214808
2022-09-02,PET.WRPUPUS2.W,19892
2022-09-09,PET.WCRSTUS1.W,863690
2022-09-09,PET.WDISTUS1.W,116020
2022-09-09,PET.WGTSTUS1.W,213040
2022-09-09,PET.WRPUPUS2.W,19313
2022-09-16,PET.WCRSTUS1.W,857932
2022-09-16,PET.WDISTUS1.W,117250
2022-09-16,PET.WGTSTUS1.W,214610
2022-09-16,PET.WRPUPUS2.W,18938
2022-09-23,PET.WCRSTUS1.W,853142
2022-09-23,PET.WDISTUS1.W,114359
2022-09-23,PET.WGTSTUS1.W,212188
2022-09-23,PET.WRPUPUS2.W,20770
2022-09-30,PET.WCRSTUS1.W,845592
2022-09-30,PET.WDISTUS1.W,110916
2022-09-30,PET.WGTSTUS1.W,207460
2022-09-30,PET.WRPUPUS2.W,20831
2022-10-07,PET.WCRSTUS1.W,847781
2022-10-07,PET.WDISTUS1.W,106063
2022-10-07,PET.WGTSTUS1.W,209482
2022-10-07,PET.WRPUPUS2.W,19271
2022-10-14,PET.WCRSTUS1.W,842492
2022-10-14,PET.WDISTUS1.W,106187
2022-10-14,PET.WGTSTUS1.W,209368
2022-10-14,PET.WRPUPUS2.W,20761
2022-10-21,PET.WCRSTUS1.W,841663
2022-10-21,PET.WDISTUS1.W,106357
2022-10-21,PET.WGTSTUS1.W,207890
2022-10-21,PET.WRPUPUS2.W,20587
2022-10-28,PET.WCRSTUS1.W,836622
2022-10-28,PET.WDISTUS1.W,106784
2022-10-28,PET.WGTSTUS1.W,206633
2022-10-28,PET.WRPUPUS2.W,20481
2022-11-04,PET.WCRSTUS1.W,836974
2022-11-04,PET.WDISTUS1.W,106263
2022-11-04,PET.WGTSTUS1.W,205733
2022-11-04,PET.WRPUPUS2.W,21267
2022-11-11,PET.WCRSTUS1.W,827474
2022-11-11,PET.WDISTUS1.W,107383
2022-11-11,PET.WGTSTUS1.W,207940
2022-11-11,PET.WRPUPUS2.W,21087
2022-11-18,PET.WCRSTUS1.W,822183
2022-11-18,PET.WDISTUS1.W,109101
2022-11-18,PET.WGTSTUS1.W,210998
2022-11-18,PET.WRPUPUS2.W,19878
2022-11-25,PET.WCRSTUS1.W,808200
2022-11-25,PET.WDISTUS1.W,112648
2022-11-25,PET.WGTSTUS1.W,213768
2022-11-25,PET.WRPUPUS2.W,19717
2022-12-02,PET.WCRSTUS1.W,800917
2022-12-02,PET.WDISTUS1.W,118807
2022-12-02,PET.WGTSTUS1.W,219087
2022-12-02,PET.WRPUPUS2.W,19626
2022-12-09,PET.WCRSTUS1.W,806400
2022-12-09,PET.WDISTUS1.W,120171
2022-12-09,PET.WGTSTUS1.W,223583
2022-12-09,PET.WRPUPUS2.W,19956
2022-12-16,PET.WCRSTUS1.W,796858
2022-12-16,PET.WDISTUS1.W,119929
2022-12-16,PET.WGTSTUS1.W,226113
2022-12-16,PET.WRPUPUS2.W,20924
2022-12-23,PET.WCRSTUS1.W,794080
2022-12-23,PET.WDISTUS1.W,120212
2022-12-23,PET.WGTSTUS1.W,223008
2022-12-23,PET.WRPUPUS2.W,22822
2022-12-30,PET.WCRSTUS1.W,793026
2022-12-30,PET.WDISTUS1.W,118785
2022-12-30,PET.WGTSTUS1.W,222662
2022-12-30,PET.WRPUPUS2.W,18190
2023-01-06,PET.WCRSTUS1.W,811187
2023-01-06,PET.WDISTUS1.W,117716
2023-01-06,PET.WGTSTUS1.W,226776
2023-01-06,PET.WRPUPUS2.W,17627
2023-01-13,PET.WCRSTUS1.W,819594
2023-01-13,PET.WDISTUS1.W,115777
2023-01-13,PET.WGTSTUS1.W,230259
2023-01-13,PET.WRPUPUS2.W,20314
2023-01-20,PET.WCRSTUS1.W,820127
2023-01-20,PET.WDISTUS1.W,115270
2023-01-20,PET.WGTSTUS1.W,232022
2023-01-20,PET.WRPUPUS2.W,19447
2023-01-27,PET.WCRSTUS1.W,824267
2023-01-27,PET.WDISTUS1.W,117590
2023-01-27,PET.WGTSTUS1.W,234598
2023-01-27,PET.WRPUPUS2.W,20106
2023-02-03,PET.WCRSTUS1.W,826690
2023-02-03,PET.WDISTUS1.W,120522
2023-02-03,PET.WGTSTUS1.W,239606
2023-02-03,PET.WRPUPUS2.W,20536
2023-02-10,PET.WCRSTUS1.W,842973
2023-02-10,PET.WDISTUS1.W,119237
2023-02-10,PET.WGTSTUS1.W,241922
2023-02-10,PET.WRPUPUS2.W,19302
2023-02-17,PET.WCRSTUS1.W,850620
2023-02-17,PET.WDISTUS1.W,121935
2023-02-17,PET.WGTSTUS1.W,240066
2023-02-17,PET.WRPUPUS2.W,20218
2023-02-24,PET.WCRSTUS1.W,851786
2023-02-24,PET.WDISTUS1.W,122114
2023-02-24,PET.WGTSTUS1.W,239192
2023-02-24,PET.WRPUPUS2.W,20413
2023-03-03,PET.WCRSTUS1.W,850092
2023-03-03,PET.WDISTUS1.W,122252
2023-03-03,PET.WGTSTUS1.W,238058
2023-03-03,PET.WRPUPUS2.W,19049
2023-03-10,PET.WCRSTUS1.W,851642
2023-03-10,PET.WDISTUS1.W,119715
2023-03-10,PET.WGTSTUS1.W,235997
2023-03-10,PET.WRPUPUS2.W,19113
2023-03-17,PET.WCRSTUS1.W,852759
2023-03-17,PET.WDISTUS1.W,116402
2023-03-17,PET.WGTSTUS1.W,229598
2023-03-17,PET.WRPUPUS2.W,20026
2023-03-24,PET.WCRSTUS1.W,845270
2023-03-24,PET.WDISTUS1.W,116683
2023-03-24,PET.WGTSTUS1.W,226694
2023-03-24,PET.WRPUPUS2.W,20476
2023-03-31,PET.WCRSTUS1.W,841127
2023-03-31,PET.WDISTUS1.W,113051
2023-03-31,PET.WGTSTUS1.W,222575
2023-03-31,PET.WRPUPUS2.W,20599
2023-04-07,PET.WCRSTUS1.W,840124
2023-04-07,PET.WDISTUS1.W,112445
2023-04-07,PET.WGTSTUS1.W,222245
2023-04-07,PET.WRPUPUS2.W,19055
2023-04-14,PET.WCRSTUS1.W,833931
2023-04-14,PET.WDISTUS1.W,112090
2023-04-14,PET.WGTSTUS1.W,223544
2023-04-14,PET.WRPUPUS2.W,19317
2023-04-21,PET.WCRSTUS1.W,827856
2023-04-21,PET.WDISTUS1.W,111513
2023-04-21,PET.WGTSTUS1.W,221136
2023-04-21,PET.WRPUPUS2.W,20208
2023-04-28,PET.WCRSTUS1.W,824571
2023-04-28,PET.WDISTUS1.W,110323
2023-04-28,PET.WGTSTUS1.W,222878
2023-04-28,PET.WRPUPUS2.W,19805
2023-05-05,PET.WCRSTUS1.W,824598
2023-05-05,PET.WDISTUS1.W,106153
2023-05-05,PET.WGTSTUS1.W,219711
2023-05-05,PET.WRPUPUS2.W,20164
2023-05-12,PET.WCRSTUS1.W,827210
2023-05-12,PET.WDISTUS1.W,106233
2023-05-12,PET.WGTSTUS1.W,218330
2023-05-12,PET.WRPUPUS2.W,19558
2023-05-19,PET.WCRSTUS1.W,813122
2023-05-19,PET.WDISTUS1.W,105672
2023-05-19,PET.WGTSTUS1.W,216277
2023-05-19,PET.WRPUPUS2.W,20701
2023-05-26,PET.WCRSTUS1.W,815093
2023-05-26,PET.WDISTUS1.W,106657
2023-05-26,PET.WGTSTUS1.W,216070
2023-05-26,PET.WRPUPUS2.W,19442
2023-06-02,PET.WCRSTUS1.W,812774
2023-06-02,PET.WDISTUS1.W,111731
2023-06-02,PET.WGTSTUS1.W,218815
2023-06-02,PET.WRPUPUS2.W,19221
2023-06-09,PET.WCRSTUS1.W,818811
2023-06-09,PET.WDISTUS1.W,113854
2023-06-09,PET.WGTSTUS1.W,220923
2023-06-09,PET.WRPUPUS2.W,20408
2023-06-16,PET.WCRSTUS1.W,813261
2023-06-16,PET.WDISTUS1.W,114288
2023-06-16,PET.WGTSTUS1.W,221402
2023-06-16,PET.WRPUPUS2.W,20925
2023-06-23,PET.WCRSTUS1.W,802307
2023-06-23,PET.WDISTUS1.W,114411
2023-06-23,PET.WGTSTUS1.W,222005
2023-06-23,PET.WRPUPUS2.W,20306
2023-06-30,PET.WCRSTUS1.W,799341
2023-06-30,PET.WDISTUS1.W,113366
2023-06-30,PET.WGTSTUS1.W,219456
2023-06-30,PET.WRPUPUS2.W,21235
2023-07-07,PET.WCRSTUS1.W,804886
2023-07-07,PET.WDISTUS1.W,118181
2023-07-07,PET.WGTSTUS1.W,219452
2023-07-07,PET.WRPUPUS2.W,18701
2023-07-14,PET.WCRSTUS1.W,804179
2023-07-14,PET.WDISTUS1.W,118194
2023-07-14,PET.WGTSTUS1.W,218386
2023-07-14,PET.WRPUPUS2.W,20767
2023-07-21,PET.WCRSTUS1.W,803579
2023-07-21,PET.WDISTUS1.W,117949
2023-07-21,PET.WGTSTUS1.W,217600
2023-07-21,PET.WRPUPUS2.W,21276
2023-07-28,PET.WCRSTUS1.W,786530
2023-07-28,PET.WDISTUS1.W,117153
2023-07-28,PET.WGTSTUS1.W,219081
2023-07-28,PET.WRPUPUS2.W,20023
2023-08-04,PET.WCRSTUS1.W,793376
2023-08-04,PET.WDISTUS1.W,115447
2023-08-04,PET.WGTSTUS1.W,216420
2023-08-04,PET.WRPUPUS2.W,20727
2023-08-11,PET.WCRSTUS1.W,788016
2023-08-11,PET.WDISTUS1.W,115743
2023-08-11,PET.WGTSTUS1.W,216158
2023-08-11,PET.WRPUPUS2.W,21663
2023-08-18,PET.WCRSTUS1.W,782476
2023-08-18,PET.WDISTUS1.W,116688
2023-08-18,PET.WGTSTUS1.W,217626
2023-08-18,PET.WRPUPUS2.W,21165
2023-08-25,PET.WCRSTUS1.W,772486
2023-08-25,PET.WDISTUS1.W,117923
2023-08-25,PET.WGTSTUS1.W,217412
2023-08-25,PET.WRPUPUS2.W,21429
2023-09-01,PET.WCRSTUS1.W,766977
2023-09-01,PET.WDISTUS1.W,118602
2023-09-01,PET.WGTSTUS1.W,214746
2023-09-01,PET.WRPUPUS2.W,20203
2023-09-08,PET.WCRSTUS1.W,771222
2023-09-08,PET.WDISTUS1.W,122533
2023-09-08,PET.WGTSTUS1.W,220307
2023-09-08,PET.WRPUPUS2.W,20991
2023-09-15,PET.WCRSTUS1.W,769686
2023-09-15,PET.WDISTUS1.W,119666
2023-09-15,PET.WGTSTUS1.W,219476
2023-09-15,PET.WRPUPUS2.W,20914
2023-09-22,PET.WCRSTUS1.W,767267
2023-09-22,PET.WDISTUS1.W,120064
2023-09-22,PET.WGTSTUS1.W,220503
2023-09-22,PET.WRPUPUS2.W,20141
2023-09-29,PET.WCRSTUS1.W,765343
2023-09-29,PET.WDISTUS1.W,118795
2023-09-29,PET.WGTSTUS1.W,226984
2023-09-29,PET.WRPUPUS2.W,19157
2023-10-06,PET.WCRSTUS1.W,775513
2023-10-06,PET.WDISTUS1.W,116958
2023-10-06,PET.WGTSTUS1.W,225671
2023-10-06,PET.WRPUPUS2.W,19666
2023-10-13,PET.WCRSTUS1.W,771022
2023-10-13,PET.WDISTUS1.W,113773
2023-10-13,PET.WGTSTUS1.W,223301
2023-10-13,PET.WRPUPUS2.W,21897
2023-10-20,PET.WCRSTUS1.W,772394
2023-10-20,PET.WDISTUS1.W,112087
2023-10-20,PET.WGTSTUS1.W,223457
2023-10-20,PET.WRPUPUS2.W,20102
2023-10-27,PET.WCRSTUS1.W,773167
2023-10-27,PET.WDISTUS1.W,111295
2023-10-27,PET.WGTSTUS1.W,223522
2023-10-27,PET.WRPUPUS2.W,19869
2023-11-03,PET.WCRSTUS1.W,787036
2023-11-03,PET.WDISTUS1.W,108001
2023-11-03,PET.WGTSTUS1.W,217210
2023-11-03,PET.WRPUPUS2.W,21722
2023-11-10,PET.WCRSTUS1.W,790628
2023-11-10,PET.WDISTUS1.W,106579
2023-11-10,PET.WGTSTUS1.W,215670
2023-11-10,PET.WRPUPUS2.W,20080
2023-11-17,PET.WCRSTUS1.W,799328
2023-11-17,PET.WDISTUS1.W,105561
2023-11-17,PET.WGTSTUS1.W,216420
2023-11-17,PET.WRPUPUS2.W,20042
2023-11-24,PET.WCRSTUS1.W,801251
2023-11-24,PET.WDISTUS1.W,110778
2023-11-24,PET.WGTSTUS1.W,218184
2023-11-24,PET.WRPUPUS2.W,18917
2023-12-01,PET.WCRSTUS1.W,796948
2023-12-01,PET.WDISTUS1.W,112045
2023-12-01,PET.WGTSTUS1.W,223604
2023-12-01,PET.WRPUPUS2.W,19611
2023-12-08,PET.WCRSTUS1.W,792684
2023-12-08,PET.WDISTUS1.W,113539
2023-12-08,PET.WGTSTUS1.W,224013
2023-12-08,PET.WRPUPUS2.W,21079
2023-12-15,PET.WCRSTUS1.W,796222
2023-12-15,PET.WDISTUS1.W,115024
2023-12-15,PET.WGTSTUS1.W,226723
2023-12-15,PET.WRPUPUS2.W,20785
2023-12-22,PET.WCRSTUS1.W,789901
2023-12-22,PET.WDISTUS1.W,115765
2023-12-22,PET.WGTSTUS1.W,226054
2023-12-22,PET.WRPUPUS2.W,21415
2023-12-29,PET.WCRSTUS1.W,785453
2023-12-29,PET.WDISTUS1.W,125855
2023-12-29,PET.WGTSTUS1.W,236954
2023-12-29,PET.WRPUPUS2.W,19059
2024-01-05,PET.WCRSTUS1.W,787397
2024-01-05,PET.WDISTUS1.W,132383
2024-01-05,PET.WGTSTUS1.W,244982
2024-01-05,PET.WRPUPUS2.W,19605
2024-01-12,PET.WCRSTUS1.W,785501
2024-01-12,PET.WDISTUS1.W,134753
2024-01-12,PET.WGTSTUS1.W,248065
2024-01-12,PET.WRPUPUS2.W,19869
2024-01-19,PET.WCRSTUS1.W,777188
2024-01-19,PET.WDISTUS1.W,133336
2024-01-19,PET.WGTSTUS1.W,252977
2024-01-19,PET.WRPUPUS2.W,19556
2024-01-26,PET.WCRSTUS1.W,779314
2024-01-26,PET.WDISTUS1.W,130795
2024-01-26,PET.WGTSTUS1.W,254134
2024-01-26,PET.WRPUPUS2.W,20119
2024-02-02,PET.WCRSTUS1.W,785449
2024-02-02,PET.WDISTUS1.W,127574
2024-02-02,PET.WGTSTUS1.W,250988
2024-02-02,PET.WRPUPUS2.W,20227
2024-02-09,PET.WCRSTUS1.W,798213
2024-02-09,PET.WDISTUS1.W,125659
2024-02-09,PET.WGTSTUS1.W,247330
2024-02-09,PET.WRPUPUS2.W,19255
2024-02-16,PET.WCRSTUS1.W,802475
2024-02-16,PET.WDISTUS1.W,121651
2024-02-16,PET.WGTSTUS1.W,247037
2024-02-16,PET.WRPUPUS2.W,18918
2024-02-23,PET.WCRSTUS1.W,807417
2024-02-23,PET.WDISTUS1.W,121141
2024-02-23,PET.WGTSTUS1.W,244205
2024-02-23,PET.WRPUPUS2.W,19529
2024-03-01,PET.WCRSTUS1.W,809490
2024-03-01,PET.WDISTUS1.W,117010
2024-03-01,PET.WGTSTUS1.W,239745
2024-03-01,PET.WRPUPUS2.W,20294
2024-03-08,PET.WCRSTUS1.W,808550
2024-03-08,PET.WDISTUS1.W,117898
2024-03-08,PET.WGTSTUS1.W,234083
2024-03-08,PET.WRPUPUS2.W,20803
2024-03-15,PET.WCRSTUS1.W,807348
2024-03-15,PET.WDISTUS1.W,118522
2024-03-15,PET.WGTSTUS1.W,230773
2024-03-15,PET.WRPUPUS2.W,19742
2024-03-22,PET.WCRSTUS1.W,811257
2024-03-22,PET.WDISTUS1.W,117337
2024-03-22,PET.WGTSTUS1.W,232072
2024-03-22,PET.WRPUPUS2.W,19531
2024-03-29,PET.WCRSTUS1.W,815058
2024-03-29,PET.WDISTUS1.W,116069
2024-03-29,PET.WGTSTUS1.W,227816
2024-03-29,PET.WRPUPUS2.W,21292
2024-04-05,PET.WCRSTUS1.W,821494
2024-04-05,PET.WDISTUS1.W,117728
2024-04-05,PET.WGTSTUS1.W,228531
2024-04-05,PET.WRPUPUS2.W,19236
2024-04-12,PET.WCRSTUS1.W,824877
2024-04-12,PET.WDISTUS1.W,114968
2024-04-12,PET.WGTSTUS1.W,227377
2024-04-12,PET.WRPUPUS2.W,19220
2024-04-19,PET.WCRSTUS1.W,819302
2024-04-19,PET.WDISTUS1.W,116582
2024-04-19,PET.WGTSTUS1.W,226743
2024-04-19,PET.WRPUPUS2.W,19535
2024-04-26,PET.WCRSTUS1.W,827161
2024-04-26,PET.WDISTUS1.W,115850
2024-04-26,PET.WGTSTUS1.W,227087
2024-04-26,PET.WRPUPUS2.W,20417
2024-05-03,PET.WCRSTUS1.W,826746
2024-05-03,PET.WDISTUS1.W,116410
2024-05-03,PET.WGTSTUS1.W,228002
2024-05-03,PET.WRPUPUS2.W,20290
2024-05-10,PET.WCRSTUS1.W,824831
2024-05-10,PET.WDISTUS1.W,116365
2024-05-10,PET.WGTSTUS1.W,227767
2024-05-10,PET.WRPUPUS2.W,20056
2024-05-17,PET.WCRSTUS1.W,827649
2024-05-17,PET.WDISTUS1.W,116744
2024-05-17,PET.WGTSTUS1.W,226822
2024-05-17,PET.WRPUPUS2.W,20030
2024-05-24,PET.WCRSTUS1.W,823978
2024-05-24,PET.WDISTUS1.W,119288
2024-05-24,PET.WGTSTUS1.W,228844
2024-05-24,PET.WRPUPUS2.W,19383
2024-05-31,PET.WCRSTUS1.W,826109
2024-05-31,PET.WDISTUS1.W,122485
2024-05-31,PET.WGTSTUS1.W,230946
2024-05-31,PET.WRPUPUS2.W,20510
2024-06-07,PET.WCRSTUS1.W,830178
2024-06-07,PET.WDISTUS1.W,123366
2024-06-07,PET.WGTSTUS1.W,233512
2024-06-07,PET.WRPUPUS2.W,19219
2024-06-14,PET.WCRSTUS1.W,828017
2024-06-14,PET.WDISTUS1.W,121640
2024-06-14,PET.WGTSTUS1.W,231232
2024-06-14,PET.WRPUPUS2.W,21081
2024-06-21,PET.WCRSTUS1.W,832893
2024-06-21,PET.WDISTUS1.W,121263
2024-06-21,PET.WGTSTUS1.W,233886
2024-06-21,PET.WRPUPUS2.W,20689
2024-06-28,PET.WCRSTUS1.W,821134
2024-06-28,PET.WDISTUS1.W,119728
2024-06-28,PET.WGTSTUS1.W,231672
2024-06-28,PET.WRPUPUS2.W,21083
2024-07-05,PET.WCRSTUS1.W,818168
2024-07-05,PET.WDISTUS1.W,124612
2024-07-05,PET.WGTSTUS1.W,229666
2024-07-05,PET.WRPUPUS2.W,20749
2024-07-12,PET.WCRSTUS1.W,813948
2024-07-12,PET.WDISTUS1.W,128066
2024-07-12,PET.WGTSTUS1.W,232994
2024-07-12,PET.WRPUPUS2.W,19430
2024-07-19,PET.WCRSTUS1.W,810897
2024-07-19,PET.WDISTUS1.W,125313
2024-07-19,PET.WGTSTUS1.W,227422
2024-07-19,PET.WRPUPUS2.W,21033
2024-07-26,PET.WCRSTUS1.W,808146
2024-07-26,PET.WDISTUS1.W,126847
2024-07-26,PET.WGTSTUS1.W,223757
2024-07-26,PET.WRPUPUS2.W,20724
2024-08-02,PET.WCRSTUS1.W,805154
2024-08-02,PET.WDISTUS1.W,127796
2024-08-02,PET.WGTSTUS1.W,225097
2024-08-02,PET.WRPUPUS2.W,19974
2024-08-09,PET.WCRSTUS1.W,807205
2024-08-09,PET.WDISTUS1.W,126123
2024-08-09,PET.WGTSTUS1.W,222203
2024-08-09,PET.WRPUPUS2.W,20523
2024-08-16,PET.WCRSTUS1.W,803192
2024-08-16,PET.WDISTUS1.W,122811
2024-08-16,PET.WGTSTUS1.W,220597
2024-08-16,PET.WRPUPUS2.W,20422
2024-08-23,PET.WCRSTUS1.W,803091
2024-08-23,PET.WDISTUS1.W,123086
2024-08-23,PET.WGTSTUS1.W,218394
2024-08-23,PET.WRPUPUS2.W,21592
2024-08-30,PET.WCRSTUS1.W,797982
2024-08-30,PET.WDISTUS1.W,122715
2024-08-30,PET.WGTSTUS1.W,219242
2024-08-30,PET.WRPUPUS2.W,20541
2024-09-06,PET.WCRSTUS1.W,799094
2024-09-06,PET.WDISTUS1.W,125023
2024-09-06,PET.WGTSTUS1.W,221552
2024-09-06,PET.WRPUPUS2.W,19383
2024-09-13,PET.WCRSTUS1.W,798119
2024-09-13,PET.WDISTUS1.W,125148
2024-09-13,PET.WGTSTUS1.W,221621
2024-09-13,PET.WRPUPUS2.W,19792
2024-09-20,PET.WCRSTUS1.W,794935
2024-09-20,PET.WDISTUS1.W,122921
2024-09-20,PET.WGTSTUS1.W,220083
2024-09-20,PET.WRPUPUS2.W,21386
2024-09-27,PET.WCRSTUS1.W,799484
2024-09-27,PET.WDISTUS1.W,121637
2024-09-27,PET.WGTSTUS1.W,221202
2024-09-27,PET.WRPUPUS2.W,19847
2024-10-04,PET.WCRSTUS1.W,805671
2024-10-04,PET.WDISTUS1.W,118513
2024-10-04,PET.WGTSTUS1.W,214898
2024-10-04,PET.WRPUPUS2.W,21185
2024-10-11,PET.WCRSTUS1.W,804432
2024-10-11,PET.WDISTUS1.W,114979
2024-10-11,PET.WGTSTUS1.W,212697
2024-10-11,PET.WRPUPUS2.W,20697
2024-10-18,PET.WCRSTUS1.W,810666
2024-10-18,PET.WDISTUS1.W,113839
2024-10-18,PET.WGTSTUS1.W,213575
2024-10-18,PET.WRPUPUS2.W,20251
2024-10-25,PET.WCRSTUS1.W,811340
2024-10-25,PET.WDISTUS1.W,112862
2024-10-25,PET.WGTSTUS1.W,210868
2024-10-25,PET.WRPUPUS2.W,21638
2024-11-01,PET.WCRSTUS1.W,814881
2024-11-01,PET.WDISTUS1.W,115809
2024-11-01,PET.WGTSTUS1.W,211280
2024-11-01,PET.WRPUPUS2.W,19739
2024-11-08,PET.WCRSTUS1.W,817537
2024-11-08,PET.WDISTUS1.W,114415
2024-11-08,PET.WGTSTUS1.W,206873
2024-11-08,PET.WRPUPUS2.W,21583
2024-11-15,PET.WCRSTUS1.W,819482
2024-11-15,PET.WDISTUS1.W,114301
2024-11-15,PET.WGTSTUS1.W,208927
2024-11-15,PET.WRPUPUS2.W,19771
2024-11-22,PET.WCRSTUS1.W,818810
2024-11-22,PET.WDISTUS1.W,114717
2024-11-22,PET.WGTSTUS1.W,212241
2024-11-22,PET.WRPUPUS2.W,20471
2024-11-29,PET.WCRSTUS1.W,815182
2024-11-29,PET.WDISTUS1.W,118100
2024-11-29,PET.WGTSTUS1.W,214603
2024-11-29,PET.WRPUPUS2.W,19968
2024-12-06,PET.WCRSTUS1.W,814481
2024-12-06,PET.WDISTUS1.W,121335
2024-12-06,PET.WGTSTUS1.W,219689
2024-12-06,PET.WRPUPUS2.W,20158
2024-12-13,PET.WCRSTUS1.W,814066
2024-12-13,PET.WDISTUS1.W,118155
2024-12-13,PET.WGTSTUS1.W,222037
2024-12-13,PET.WRPUPUS2.W,20820
2024-12-20,PET.WCRSTUS1.W,810089
2024-12-20,PET.WDISTUS1.W,116461
2024-12-20,PET.WGTSTUS1.W,223667
2024-12-20,PET.WRPUPUS2.W,21831
2024-12-27,PET.WCRSTUS1.W,809171
2024-12-27,PET.WDISTUS1.W,122867
2024-12-27,PET.WGTSTUS1.W,231384
2024-12-27,PET.WRPUPUS2.W,18545
2025-01-03,PET.WCRSTUS1.W,808459
2025-01-03,PET.WDISTUS1.W,128938
2025-01-03,PET.WGTSTUS1.W,237714
2025-01-03,PET.WRPUPUS2.W,19791
2025-01-10,PET.WCRSTUS1.W,806997
2025-01-10,PET.WDISTUS1.W,132015
2025-01-10,PET.WGTSTUS1.W,243566
2025-01-10,PET.WRPUPUS2.W,20673
2025-01-17,PET.WCRSTUS1.W,806229
2025-01-17,PET.WDISTUS1.W,128945
2025-01-17,PET.WGTSTUS1.W,245898
2025-01-17,PET.WRPUPUS2.W,19597
2025-01-24,PET.WCRSTUS1.W,809940
2025-01-24,PET.WDISTUS1.W,123951
2025-01-24,PET.WGTSTUS1.W,248855
2025-01-24,PET.WRPUPUS2.W,21087
2025-01-31,PET.WCRSTUS1.W,818854
2025-01-31,PET.WDISTUS1.W,118480
2025-01-31,PET.WGTSTUS1.W,251088
2025-01-31,PET.WRPUPUS2.W,21075
2025-02-07,PET.WCRSTUS1.W,823173
2025-02-07,PET.WDISTUS1.W,118615
2025-02-07,PET.WGTSTUS1.W,248053
2025-02-07,PET.WRPUPUS2.W,19624
2025-02-14,PET.WCRSTUS1.W,827806
2025-02-14,PET.WDISTUS1.W,116564
2025-02-14,PET.WGTSTUS1.W,247902
2025-02-14,PET.WRPUPUS2.W,19653
2025-02-21,PET.WCRSTUS1.W,825474
2025-02-21,PET.WDISTUS1.W,120472
2025-02-21,PET.WGTSTUS1.W,248271
2025-02-21,PET.WRPUPUS2.W,20842
2025-02-28,PET.WCRSTUS1.W,829088
2025-02-28,PET.WDISTUS1.W,119154
2025-02-28,PET.WGTSTUS1.W,246838
2025-02-28,PET.WRPUPUS2.W,20543
2025-03-07,PET.WCRSTUS1.W,830811
2025-03-07,PET.WDISTUS1.W,117595
2025-03-07,PET.WGTSTUS1.W,241101
2025-03-07,PET.WRPUPUS2.W,21600
2025-03-14,PET.WCRSTUS1.W,832831
2025-03-14,PET.WDISTUS1.W,114783
2025-03-14,PET.WGTSTUS1.W,240574
2025-03-14,PET.WRPUPUS2.W,19417
2025-03-21,PET.WCRSTUS1.W,829776
2025-03-21,PET.WDISTUS1.W,114362
2025-03-21,PET.WGTSTUS1.W,239128
2025-03-21,PET.WRPUPUS2.W,19237
2025-03-28,PET.WCRSTUS1.W,836226
2025-03-28,PET.WDISTUS1.W,114626
2025-03-28,PET.WGTSTUS1.W,237577
2025-03-28,PET.WRPUPUS2.W,20121
2025-04-04,PET.WCRSTUS1.W,839055
2025-04-04,PET.WDISTUS1.W,111082
2025-04-04,PET.WGTSTUS1.W,235977
2025-04-04,PET.WRPUPUS2.W,19481
2025-04-11,PET.WCRSTUS1.W,839869
2025-04-11,PET.WDISTUS1.W,109231
2025-04-11,PET.WGTSTUS1.W,234019
2025-04-11,PET.WRPUPUS2.W,19123
2025-04-18,PET.WCRSTUS1.W,840581
2025-04-18,PET.WDISTUS1.W,106878
2025-04-18,PET.WGTSTUS1.W,229543
2025-04-18,PET.WRPUPUS2.W,20875
2025-04-25,PET.WCRSTUS1.W,838950
2025-04-25,PET.WDISTUS1.W,107815
2025-04-25,PET.WGTSTUS1.W,225540
2025-04-25,PET.WRPUPUS2.W,19154
2025-05-02,PET.WCRSTUS1.W,837498
2025-05-02,PET.WDISTUS1.W,106708
2025-05-02,PET.WGTSTUS1.W,225728
2025-05-02,PET.WRPUPUS2.W,19872
2025-05-09,PET.WCRSTUS1.W,841480
2025-05-09,PET.WDISTUS1.W,103553
2025-05-09,PET.WGTSTUS1.W,224706
2025-05-09,PET.WRPUPUS2.W,19441
2025-05-16,PET.WCRSTUS1.W,843651
2025-05-16,PET.WDISTUS1.W,104132
2025-05-16,PET.WGTSTUS1.W,225522
2025-05-16,PET.WRPUPUS2.W,20031
2025-05-23,PET.WCRSTUS1.W,841676
2025-05-23,PET.WDISTUS1.W,103408
2025-05-23,PET.WGTSTUS1.W,223081
2025-05-23,PET.WRPUPUS2.W,20242
2025-05-30,PET.WCRSTUS1.W,837881
2025-05-30,PET.WDISTUS1.W,107638
2025-05-30,PET.WGTSTUS1.W,228300
2025-05-30,PET.WRPUPUS2.W,19528
2025-06-06,PET.WCRSTUS1.W,834474
2025-06-06,PET.WDISTUS1.W,108884
2025-06-06,PET.WGTSTUS1.W,229804
2025-06-06,PET.WRPUPUS2.W,19762
2025-06-13,PET.WCRSTUS1.W,823231
2025-06-13,PET.WDISTUS1.W,109398
2025-06-13,PET.WGTSTUS1.W,230013
2025-06-13,PET.WRPUPUS2.W,20391
2025-06-20,PET.WCRSTUS1.W,817632
2025-06-20,PET.WDISTUS1.W,105332
2025-06-20,PET.WGTSTUS1.W,227938
2025-06-20,PET.WRPUPUS2.W,20513
2025-06-27,PET.WCRSTUS1.W,821716
2025-06-27,PET.WDISTUS1.W,103622
2025-06-27,PET.WGTSTUS1.W,232126
2025-06-27,PET.WRPUPUS2.W,20487
2025-07-04,PET.WCRSTUS1.W,829024
2025-07-04,PET.WDISTUS1.W,102797
2025-07-04,PET.WGTSTUS1.W,229468
2025-07-04,PET.WRPUPUS2.W,20863
2025-07-11,PET.WCRSTUS1.W,824865
2025-07-11,PET.WDISTUS1.W,106970
2025-07-11,PET.WGTSTUS1.W,232867
2025-07-11,PET.WRPUPUS2.W,19184
2025-07-18,PET.WCRSTUS1.W,821496
2025-07-18,PET.WDISTUS1.W,109901
2025-07-18,PET.WGTSTUS1.W,231129
2025-07-18,PET.WRPUPUS2.W,21770
2025-07-25,PET.WCRSTUS1.W,829432
2025-07-25,PET.WDISTUS1.W,113536
2025-07-25,PET.WGTSTUS1.W,228405
2025-07-25,PET.WRPUPUS2.W,21387
2025-08-01,PET.WCRSTUS1.W,826638
2025-08-01,PET.WDISTUS1.W,112971
2025-08-01,PET.WGTSTUS1.W,227082
2025-08-01,PET.WRPUPUS2.W,20122
2025-08-08,PET.WCRSTUS1.W,829900
2025-08-08,PET.WDISTUS1.W,113685
2025-08-08,PET.WGTSTUS1.W,226290
2025-08-08,PET.WRPUPUS2.W,21357
2025-08-15,PET.WCRSTUS1.W,824109
2025-08-15,PET.WDISTUS1.W,116028
2025-08-15,PET.WGTSTUS1.W,223570
2025-08-15,PET.WRPUPUS2.W,21506
2025-08-22,PET.WCRSTUS1.W,822493
2025-08-22,PET.WDISTUS1.W,114242
2025-08-22,PET.WGTSTUS1.W,222334
2025-08-22,PET.WRPUPUS2.W,21614
2025-08-29,PET.WCRSTUS1.W,825417
2025-08-29,PET.WDISTUS1.W,115923
2025-08-29,PET.WGTSTUS1.W,218539
2025-08-29,PET.WRPUPUS2.W,20652
2025-09-05,PET.WCRSTUS1.W,829870
2025-09-05,PET.WDISTUS1.W,120638
2025-09-05,PET.WGTSTUS1.W,219997
2025-09-05,PET.WRPUPUS2.W,19781
2025-09-12,PET.WCRSTUS1.W,821089
2025-09-12,PET.WDISTUS1.W,124684
2025-09-12,PET.WGTSTUS1.W,217650
2025-09-12,PET.WRPUPUS2.W,20637
2025-09-19,PET.WCRSTUS1.W,820712
2025-09-19,PET.WDISTUS1.W,122999
2025-09-19,PET.WGTSTUS1.W,216569
2025-09-19,PET.WRPUPUS2.W,20793
